[lorrax source closure] {"mode":"source","root":"/pscratch/sd/j/jackm/sandbox_v2_docs_consolidation_2026-08-14/tmp/worktrees/wt_main_de8dcfbc_fixed","runtime":"src/runtime/__init__.py","services":{"distrib-la":"services/distrib_la/src/distrib_la/__init__.py","lxkit":"services/lxkit/src/lxkit/__init__.py","minimax":"services/minimax/src/minimax/__init__.py","symmetry-maps":"services/symmetry_maps/src/symmetry_maps/__init__.py","vcoul":"services/vcoul/src/vcoul/__init__.py","wfn-loader":"services/wfn_loader/src/wfn_loader/__init__.py","zeta-loader":"services/zeta_loader/src/zeta_loader/__init__.py"}}
  [compile-cache] cross-rank compile agreement enabled before backend compile with no deadline (rank 0 names a missing rank every 60 s).
[stage 01:37:06] -> collective_warmup
[stage 01:37:08] <- collective_warmup  1.2 s
[lorrax native] LEGACY-UNSEALED origin=/global/common/software/m4598/jackm/lorrax_cuda13_runtime/ffi_build_phdf5/liblorrax_ffi.so sha256=cad78d947a953949 pair/private-closure unattested; developer migration only
[fft_ffi] flat-k 3-D FFTs -> cuFFT strided CUDA FFI handler (lorrax_mklfft_flat_k): cufftPlanMany64 advanced layout (istride=T, idist=1 — the stride-descriptor analog) reading the dot-layout tile in place; jnp.fft norm scales applied by a fused device kernel.
[conv_kminor] auto -> ON: the fused k-minor conv kernel (lorrax_cufft_conv_kminor) serves this run's rung.  CUDA mesh, handler present.  Callers whose k-grid is too large for one resident k-row still take the XLA chain for that call, silently and correctly.
[LORRAX_CONV_KLEAD_FFI] =0: k-leading fused-convolution candidate disabled; no production Sigma caller yet.
[conv_kpair] auto -> ON: the ISDF post-pair CUDA accelerator (lorrax_cufft_conv_kpair) is available; the plan selected its measured-fast resident/device arm from mirrored byte arithmetic.
  [compile-cache] persistent compile cache OFF (ISDF_JAX_CACHE_DIR="" opt-out). JAX's in-process executable cache remains active. For reuse among sequential drivers or a deliberate restart campaign, set ISDF_JAX_CACHE_DIR to a rank-visible directory.
==============================================================================
  LORRAX runtime — resolved startup configuration
==============================================================================
  This is rank 0 of 4, and it addresses 1 of the 4 devices in the job.
  jax.distributed.initialize() took its explicit form with coordinator_address='nid001169:22038', num_processes=4 and local_device_ids=[0].
  The JAX platform resolved to 'gpu' on devices of kind 'NVIDIA A100-SXM4-40GB', from JAX_PLATFORMS='cuda,cpu', under jax 0.9.1 / jaxlib 0.9.1 with 64-bit values enabled.
  Default matmul precision is pinned to 'highest', so f32 and complex64 dots run at fp32 rather than TensorFloat32; f64/c128 is unaffected either way.
  XLA GPU autotuning resolved to level '0' from LORRAX default (runtime.set_default_env); the complete resolved XLA_FLAGS value is '--xla_gpu_autotune_level=0'.
  The run's device mesh is 2x2 over axes ('x', 'y'), and its communicator cliques were warmed before the first physics jit.
  Bringing this stack up took 6.2 s in total: 1.3 s to import jax itself, 3.4 s for the environment, jax.distributed and backend init, 1.4 s to build the mesh and warm its communicators, 0.0 s to arm the compile cache and 0.2 s to measure everything in this block.
  Demotions listed above are this rank's; a demotion that happened only on another rank is announced in that rank's own output and does not appear here.
  Cross-process collectives run on NCCL because this is a GPU platform, so JAX_CPU_COLLECTIVES_IMPLEMENTATION does not apply.
  The XLA memory pool, read from jax.local_devices()[0].memory_stats() and not from os.environ, reports a limit of 36.04 GB with 0.00 GB in use and a peak of 0.00 GB so far.
  XLA_PYTHON_CLIENT_PREALLOCATE resolved to false (raw 'false') and XLA_PYTHON_CLIENT_ALLOCATOR resolved to 'bfc' (raw 'bfc') — NOT LORRAX's canonical pair, which is preallocate=false with the allocator left unset (BFC); a caller overrode it.
  The XLA client memory fraction is 0.85 from XLA_PYTHON_CLIENT_MEM_FRACTION.
  The CUDA FFI library loaded from /global/common/software/m4598/jackm/lorrax_cuda13_runtime/ffi_build_phdf5/liblorrax_ffi.so, selected by LORRAX_FFI_SO.
  FFI build provenance: /global/common/software/m4598/jackm/lorrax_cuda13_runtime/ffi_build_phdf5/liblorrax_ffi.so | LEGACY-UNSEALED | recorded-rev bb6422eaad04 | recorded-sha cad78d947a953949 | actual 6755720 bytes sha cad78d947a953949
  The LORRAX_BANDS_GEMM_FFI dial is unset and resolved to on, so the contract_bands right-GEMM contraction rides the platform's native lowering — the dial exists on cpu only and this run's backend is 'gpu', where startup enforcement skips it by the gate's declared platform policy (the native lowering IS the required path there).
  The LORRAX_FFT_FFI dial is unset and resolved to on, so the flat-k 3-D FFT helper path is routed through the FFI handler (the required layer).
  The LORRAX_FFT_FFI_FUSED dial is unset and resolved to on, so the fused IFFT-multiply-FFT tau kernel is routed through the FFI handler (the required layer).
  The LORRAX_CONV_KMINOR_FFI dial is unset and resolved to auto, so the fused k-MINOR ifft-multiply-fft conv (the BSE ladder-W rung; accelerator) is routed through the FFI handler WHERE AVAILABLE and through the caller's XLA ifft/multiply/fft chain otherwise (capability: the mesh is CUDA, the loaded device library exports CufftConvKMinorCudaFfi, and the k-grid's row fits a block's shared memory).
  The LORRAX_CONV_KLEAD_FFI dial is unset and resolved to off, so the direct fused k-LEADING IFFT(G)-IFFT(W)-FFT conv (Sigma; accelerator, default off) keeps the certified plan-based k-leading gw_conv handler — this dial is OPT-IN and off is its certified state.
  The LORRAX_CONV_KPAIR_FFI dial is unset and resolved to auto, so the fused post-pair convolution used to form the ISDF Coulomb operator is routed through the FFI handler WHERE AVAILABLE and through the ISDF XLA IFFT/conjugate/gamma/FFT reference chain otherwise (capability: the mesh is CUDA, the loaded device library exports CufftConvKPairCudaFfi, the runtime axes are in [1,24], and the shape is in the measured native-fast region).
  The distributed backends available for eigh on this mesh are cusolvermp, distributed, native; which one runs is the input-file key, not an environment variable.
  The distributed backends available for cholesky on this mesh are cusolvermp, native, native2d; which one runs is the input-file key, not an environment variable.
  The distributed backends available for solve_lu on this mesh are cusolvermp, distributed, native; which one runs is the input-file key, not an environment variable.
  This process is pinned to 32 schedulable CPUs, with OMP_NUM_THREADS=None, MKL_NUM_THREADS=None and OPENBLAS_NUM_THREADS='16 (auto: physical cores of the affinity mask; applied to libscipy_openblas64_-61654e39.so)'.
  Inside the FFI handlers the BLAS team size is LORRAX_MKLBLAS_THREADS=None for the batched GEMM, where unset means the ambient thread count, and LORRAX_SCALAPACK_MKL_THREADS=None for the ScaLAPACK handlers, where unset means a cap of 4 because pzheevd measured 11.28 s per q at 14 MKL threads against 0.463 s at 4.
  The JAX persistent compile cache is OFF, so every rank compiles every module in this run; set ISDF_JAX_CACHE_DIR to a rank-visible directory to turn it on, or leave it unset and let the resolution order pick one — LORRAX_RUN_DIR/.lorrax_jax_cache first, then $SCRATCH/lorrax_jax_cache, then the home cache (docs/dev/env_vars.md).
  The cache key includes every array shape, so a system size this machine has not run before misses every entry no matter how warm the cache looks.
  Cross-rank module-compile agreement is ON with no deadline (rank 0 names a missing rank every 60 s); each backend compile is fingerprinted before XLA execution.
  The fail-fast excepthook is installed, so an uncaught exception on any rank exits the step non-zero instead of leaving its peers blocked in a collective that rank will never join.
  glibc malloc tuning is in force with M_MMAP_THRESHOLD=1 MB and M_TRIM_THRESHOLD=128 MB, which is the mitigation for the per-r-chunk RSS ramp on long XLA:CPU runs.
==============================================================================
  [config provenance] this deck names 1 LEGACY self-energy-axis key(s); they are honored, and the canonical axes resolved to compute_mode = cohsex, qp_solver = one_shot_dft.
    do_screened -> write compute_mode = x_only | cohsex | gn_ppm | hl_ppm | mpa instead
==============================================================================
LORRAX GW CALCULATION
==============================================================================
Input          : /pscratch/sd/j/jackm/sandbox_v2_docs_consolidation_2026-08-14/tmp/worktrees/wt_bisp_prof_s_codex_20260906/runs/Si/100_bisp_parent_route_2026-09-05/prof_s/02_F_cohsex_baseline/cohsex.in
Method         : cohsex / one_shot_dft
  Head policy: head_correction=off; screening_diagrams=w_rpa; direct diagnostic source=s_tensor. no special Gamma-cell contribution
  Bispinor GW policy: bispinor_gw=bare_transverse
Photon route   : incumbent charge-screened W + Sigma^B (gw.sigma_x_bispinor) with the scalar band-diagonal q->0 head -- sys_dim = 3 (the packed bare route wants sys_dim = 2)

  ==========================================================
  WARNING -- DEBUG: Gamma-cell head disabled by
  head_correction=off on the INCUMBENT bispinor route.
  No scalar <v>/W_h band-diagonal head and no transverse
  q=Gamma head.  This is a brute-force k-grid convergence /
  debugging setting, NOT a production calculation
  (owner ruling 2026-09-01, docs/architecture/decisions.md).
  ==========================================================

Photon head    : DEBUG: no Gamma-cell head at all (head_correction=off on the incumbent route); NOT a production calculation
  [hdf5-probe startup] libhdf5 2 core mapped: libhdf5-9e18f0c6.so.320.0.0, libhdf5_parallel_gnu.so.310.3.0 (+1 companion: libhdf5_hl-69da89c9.so.320.0.0); HDF5_USE_FILE_LOCKING=FALSE; policy=measure
  [hdf5-probe startup] no path opened through both stacks so far
  [WfnLoader] read backend = phdf5 (auto, 4 processes) — collective MPI-IO read through the phdf5 FFI .so
[2c-TRS] WFN.h5: CONSISTENT (spatial-conditional, residual=2.79e-08, coverage=100%, raw-pair=0, spatial-pair=5, trim=3) | 0.09s (io 0.00 + overlap 0.02)
  [config provenance] mpa_sampling_alpha = 1 (default for nonmetal)
  Material class: insulator (inferred from WFN occupations)
/pscratch/sd/j/jackm/sandbox_v2_docs_consolidation_2026-08-14/tmp/worktrees/wt_main_de8dcfbc_fixed/services/symmetry_maps/src/symmetry_maps/maps.py:2329: RuntimeWarning: SYMMETRY PROVENANCE WARNING: no authenticated QE data-file-schema.xml is available at SymMaps initialization (no nearby data-file-schema.xml candidate was found). WFN.h5 does not record which operations are composed with time reversal. LORRAX is using the legacy all-spatial header interpretation plus the global DFT-reference TRS verdict. RESULTS WILL BE WRONG if time reversal is broken and QE used an antiunitary magnetic-space-group operation. Co-stage the WFN-generating QE *.save directory or pass WfnLoader(..., qe_schema=...).
  _warnings.warn(
  ISDF basis: 480 centroids
  FFT grid: 24×24×24   Cell volume: 270.11 a.u.³

[config provenance] linalg = local (deck)
linalg = local: fastest, but each task holds ceil(N_q_irr/P) complete N_mu x N_mu dense matrices (here ceil(8/4) x 480^2 x 16 B = 7.03 MiB per task, complex128) plus their factor workspace; on large systems where that is a large fraction of memory per task, set linalg = distributed
[config provenance] low_mem_bands = true (deck)
low_mem_bands = true is a capacity escape hatch: saves memory (band chunks of 16) but takes longer; set false whenever the full-band carrier fits, especially for multi-node dynamic Sigma sweeps

CONFIGURATION PROVENANCE
------------------------
[config provenance] this deck names 1 LEGACY self-energy-axis key(s); they are honored, and the canonical axes resolved to compute_mode = cohsex, qp_solver = one_shot_dft.

PROCESSOR ARCHITECTURE
----------------------
MPI ranks      : 4
Accelerators   : 4 GPU devices (NVIDIA A100-SXM4-40GB, 1 per rank)
Processor mesh : 2 x 2  (centroid axes X x Y)
CPU allocation : 32 cores per rank
Host threads   : OPENBLAS_NUM_THREADS=16 (auto: physical cores of the affinity mask; applied to libscipy_openblas64_-61654e39.so)

METHOD AND PHYSICAL PATHWAYS
----------------------------
Self-energy    : static screened exchange + Coulomb hole; one-shot full-matrix effective Hamiltonian; Sigma evaluated at E_DFT with QSGW Hermitian symmetrization (distinct from fixed-DFT-state diagonal G0W0)
QP consistency  : one_shot_dft | other options: fixed_point (diagonal on-shell), self_consistent (rebuild G/W/Sigma)
EQP2 treatment  : off (set write_eqp2=true for fixed-Sigma eigenvalue self-consistency)
Screening      : RPA Dyson series; minimax imaginary-axis quadrature
Long wavelength: head=off; source=s_tensor
Coulomb system : 3D bulk; Hartree=live G-space
Spin channels  : charge + transverse current (bispinor)
Degenerate sets: averaged at 1.36057e-05 eV
ISDF state     : fresh fit requested
  band counts: chi = sigma = 32; ISDF zeta fit sized for 32 bands (the two counts are TIED, so the band sums are the same window)
    chi0/W band sum edge 32 clean: min gap 1.72 meV.
    Sigma band sum edge 32 clean: min gap 1.72 meV.

NUMERICAL ENVIRONMENT
---------------------
JAX/JAXLIB     : 0.9.1 / 0.9.1 | FP64 / complex128 | NCCL collectives
Wavefunctions  : phdf5 reader
Dense linalg   : local layout
LORRAX_BANDS_GEMM_FFI      = NATIVE : right-GEMM contraction forming G(tau) (native XLA dot lowering)
LORRAX_FFT_FFI             = ON     : flat-k FFTs for ISDF, chi0 and Sigma (cuFFT flat-k FFI)
LORRAX_FFT_FFI_FUSED       = ON     : fused tau-domain convolution (cuFFT fused-convolution FFI)
LORRAX_CONV_KPAIR_FFI      = ON     : pair-density convolution forming V(q) (cuFFT pair-convolution FFI)

CRYSTAL SYMMETRY AND BRILLOUIN-ZONE SAMPLING
--------------------------------------------
Real-space action: r' = R^-1 r + tau
Spatial group   : 48 operations; 36 with fractional translations
QE schema      : NOT FOUND (no nearby data-file-schema.xml candidate was found)
Stored QE type : unknown for all 48 operations; WFN.h5 omits each time_reversal bit
Active op rows : 48 unitary; 48 TR-composed
Inversion      : present at S25 (QE-TR=unknown; used=unitary+TR)
DFT 2c TRS     : CONSISTENT (spatial-conditional; occupied-density residual=2.78775e-08; coverage=100.00%; raw-pair=0, spatial-pair=5, trim=3)
Global TRS     : enabled from the two-component reference check
  op   QE time-reversal status       R^-1 and fractional translation
  S01  QE-TR=unknown active=unitary+TR R^-1=[ 1  0  0;  0  1  0;  0  0  1]  tau=( 0.000  0.000  0.000)
  S02  QE-TR=unknown active=unitary+TR R^-1=[-1 -1 -1;  0  0  1;  0  1  0]  tau=( 0.500  0.000  0.000)
  S03  QE-TR=unknown active=unitary+TR R^-1=[ 0  1  0;  1  0  0; -1 -1 -1]  tau=( 0.000  0.000  0.500)
  S04  QE-TR=unknown active=unitary+TR R^-1=[ 0  0  1; -1 -1 -1;  1  0  0]  tau=( 0.000  0.500  0.000)
  S05  QE-TR=unknown active=unitary+TR R^-1=[ 1  1  1;  0 -1  0;  0  0 -1]  tau=(-0.500  0.000  0.000)
  S06  QE-TR=unknown active=unitary+TR R^-1=[-1  0  0;  0  0 -1;  0 -1  0]  tau=( 0.000  0.000  0.000)
  S07  QE-TR=unknown active=unitary+TR R^-1=[ 0 -1  0;  1  1  1; -1  0  0]  tau=( 0.000  0.500  0.000)
  S08  QE-TR=unknown active=unitary+TR R^-1=[ 0  0 -1; -1  0  0;  1  1  1]  tau=( 0.000  0.000 -0.500)
  S09  QE-TR=unknown active=unitary+TR R^-1=[-1  0  0;  0 -1  0;  1  1  1]  tau=( 0.000  0.000  0.500)
  S10  QE-TR=unknown active=unitary+TR R^-1=[ 0 -1  0; -1  0  0;  0  0 -1]  tau=( 0.000  0.000  0.000)
  S11  QE-TR=unknown active=unitary+TR R^-1=[ 0  0 -1;  1  1  1;  0 -1  0]  tau=( 0.000 -0.500  0.000)
  S12  QE-TR=unknown active=unitary+TR R^-1=[ 1  1  1;  0  0 -1; -1  0  0]  tau=(-0.500  0.000  0.000)
  S13  QE-TR=unknown active=unitary+TR R^-1=[-1  0  0;  1  1  1;  0  0 -1]  tau=( 0.000 -0.500  0.000)
  S14  QE-TR=unknown active=unitary+TR R^-1=[ 0  0 -1;  0 -1  0; -1  0  0]  tau=( 0.000  0.000  0.000)
  S15  QE-TR=unknown active=unitary+TR R^-1=[ 0 -1  0;  0  0 -1;  1  1  1]  tau=( 0.000  0.000 -0.500)
  S16  QE-TR=unknown active=unitary+TR R^-1=[ 1  1  1; -1  0  0;  0 -1  0]  tau=( 0.500  0.000  0.000)
  S17  QE-TR=unknown active=unitary+TR R^-1=[ 0  0  1;  1  0  0;  0  1  0]  tau=( 0.000  0.000  0.000)
  S18  QE-TR=unknown active=unitary+TR R^-1=[-1 -1 -1;  0  1  0;  1  0  0]  tau=( 0.500  0.000  0.000)
  S19  QE-TR=unknown active=unitary+TR R^-1=[ 1  0  0;  0  0  1; -1 -1 -1]  tau=( 0.000  0.000  0.500)
  S20  QE-TR=unknown active=unitary+TR R^-1=[ 0  1  0; -1 -1 -1;  0  0  1]  tau=( 0.000  0.500  0.000)
  S21  QE-TR=unknown active=unitary+TR R^-1=[ 0  1  0;  0  0  1;  1  0  0]  tau=( 0.000  0.000  0.000)
  S22  QE-TR=unknown active=unitary+TR R^-1=[-1 -1 -1;  1  0  0;  0  0  1]  tau=( 0.500  0.000  0.000)
  S23  QE-TR=unknown active=unitary+TR R^-1=[ 0  0  1;  0  1  0; -1 -1 -1]  tau=( 0.000  0.000  0.500)
  S24  QE-TR=unknown active=unitary+TR R^-1=[ 1  0  0; -1 -1 -1;  0  1  0]  tau=( 0.000  0.500  0.000)
  S25  QE-TR=unknown active=unitary+TR R^-1=[-1  0  0;  0 -1  0;  0  0 -1]  tau=( 0.000  0.000  0.000)
  S26  QE-TR=unknown active=unitary+TR R^-1=[ 1  1  1;  0  0 -1;  0 -1  0]  tau=(-0.500  0.000  0.000)
  S27  QE-TR=unknown active=unitary+TR R^-1=[ 0 -1  0; -1  0  0;  1  1  1]  tau=( 0.000  0.000  0.500)
  S28  QE-TR=unknown active=unitary+TR R^-1=[ 0  0 -1;  1  1  1; -1  0  0]  tau=( 0.000 -0.500  0.000)
  S29  QE-TR=unknown active=unitary+TR R^-1=[-1 -1 -1;  0  1  0;  0  0  1]  tau=( 0.500  0.000  0.000)
  S30  QE-TR=unknown active=unitary+TR R^-1=[ 1  0  0;  0  0  1;  0  1  0]  tau=( 0.000  0.000  0.000)
  S31  QE-TR=unknown active=unitary+TR R^-1=[ 0  1  0; -1 -1 -1;  1  0  0]  tau=( 0.000  0.500  0.000)
  S32  QE-TR=unknown active=unitary+TR R^-1=[ 0  0  1;  1  0  0; -1 -1 -1]  tau=( 0.000  0.000  0.500)
  S33  QE-TR=unknown active=unitary+TR R^-1=[ 1  0  0;  0  1  0; -1 -1 -1]  tau=( 0.000  0.000  0.500)
  S34  QE-TR=unknown active=unitary+TR R^-1=[ 0  1  0;  1  0  0;  0  0  1]  tau=( 0.000  0.000  0.000)
  S35  QE-TR=unknown active=unitary+TR R^-1=[ 0  0  1; -1 -1 -1;  0  1  0]  tau=( 0.000  0.500  0.000)
  S36  QE-TR=unknown active=unitary+TR R^-1=[-1 -1 -1;  0  0  1;  1  0  0]  tau=( 0.500  0.000  0.000)
  S37  QE-TR=unknown active=unitary+TR R^-1=[ 1  0  0; -1 -1 -1;  0  0  1]  tau=( 0.000  0.500  0.000)
  S38  QE-TR=unknown active=unitary+TR R^-1=[ 0  0  1;  0  1  0;  1  0  0]  tau=( 0.000  0.000  0.000)
  S39  QE-TR=unknown active=unitary+TR R^-1=[ 0  1  0;  0  0  1; -1 -1 -1]  tau=( 0.000  0.000  0.500)
  S40  QE-TR=unknown active=unitary+TR R^-1=[-1 -1 -1;  1  0  0;  0  1  0]  tau=( 0.500  0.000  0.000)
  S41  QE-TR=unknown active=unitary+TR R^-1=[ 0  0 -1; -1  0  0;  0 -1  0]  tau=( 0.000  0.000  0.000)
  S42  QE-TR=unknown active=unitary+TR R^-1=[ 1  1  1;  0 -1  0; -1  0  0]  tau=( 0.500  0.000  0.000)
  S43  QE-TR=unknown active=unitary+TR R^-1=[-1  0  0;  0  0 -1;  1  1  1]  tau=( 0.000  0.000 -0.500)
  S44  QE-TR=unknown active=unitary+TR R^-1=[ 0 -1  0;  1  1  1;  0  0 -1]  tau=( 0.000 -0.500  0.000)
  S45  QE-TR=unknown active=unitary+TR R^-1=[ 0 -1  0;  0  0 -1; -1  0  0]  tau=( 0.000  0.000  0.000)
  S46  QE-TR=unknown active=unitary+TR R^-1=[ 1  1  1; -1  0  0;  0  0 -1]  tau=(-0.500  0.000  0.000)
  S47  QE-TR=unknown active=unitary+TR R^-1=[ 0  0 -1;  0 -1  0;  1  1  1]  tau=( 0.000  0.000 -0.500)
  S48  QE-TR=unknown active=unitary+TR R^-1=[-1  0  0;  1  1  1;  0 -1  0]  tau=( 0.000  0.500  0.000)
Full BZ grid   : 64 k points | mesh 4 x 4 x 4 | shift (0.00000, 0.00000, 0.00000)
Stored IBZ     : 8 k points
  ik        kx        ky        kz     weight
    1   0.00000   0.00000   0.00000   0.01562
    2   0.00000   0.00000   0.25000   0.12500
    3   0.00000   0.00000   0.50000   0.06250
    4   0.00000   0.25000   0.25000   0.09375
    5   0.00000   0.25000   0.50000   0.37500
    6   0.00000   0.25000   0.75000   0.18750
    7   0.00000   0.50000   0.50000   0.04688
    8   0.25000   0.50000   0.75000   0.09375
Centroid orbit: CLOSED : 48/48 spatial operations preserve 480 sites (tol=1.00000e-05)
TRS pathways   : automatic from SymMaps.trs_allowed=true; no input override

BAND SPACES AND ENERGY COVERAGE
-------------------------------
Electrons      : 8.00000; occupied-band boundary = 8
Occupied bands : 1-8
QP valence     : 1-8
QP conduction  : 9-32
QP matrix      : 1-32
chi0/W sum     : 1-32
Sigma sum      : 1-32
Loaded ISDF psi: 1-32
zeta fit       : left 1-32; right 1-32
[stage 01:37:09] -> ISDF basis + wavefunctions
    ζ-fit physical window top 32 bands (logical band sums reach chi 32, sigma 32; the max is set by tied)
    ζ band-window closure: edge 0 exempt (cuts nothing), edge 32 min gap 1.72 meV
    cutoffs: zeta = 25.0 Ry, bare-Coulomb = 25.0 Ry  (ecutwfc=25.0, ecutrho=100.0)
  [GATE parent_k_green_bispinor_vector_unfold_unimplemented] got bispinor = true on a deck otherwise eligible for psi_nk_irr-only parent-k storage and local unfold; using the full-k wavefunction-storage fallback.  The implemented unfold transports scalar charge operators under the point group, but current vertices are Cartesian vectors under the same rotations and the transverse channel additionally needs both k and k-q current endpoints.  A transverse implementation must use the symmetry service's q_stencil_orbit_table and apply_band_matrix_symmetry vector action.  Keep bispinor = true for this automatic full-k fallback; set bispinor = false only for charge-only physics to enable the psi_nk_irr-only path.
[stage 01:37:09]   -> gw_jax.load_centroid_wfns
[load_centroids planner] existing=0.00, persistent=0.06, scan_budget=33.47 GiB/device, peak_copies=9, cs=16, stream=on, k_domain=full_bz, retain_parents=no, k_tile=4, band_tile=16
[stage 01:37:09]     -> load_centroids.loader_load
  [SlabIO.phdf5_ffi] WFN.h5 mode=r bytes=9148896 file stripe layout=UNKNOWN (lfs unavailable or not Lustre); collective read aggregation cannot be predicted
[phdf5.hints /pscratch/sd/j/jackm/sandbox_v2_docs_consolidation_2026-08-14/runs/Si/100_bisp_parent_route_2026-09-05/02_preprocess/WFN.h5] 24 hints retained by ROMIO:
  romio_cb_pfr                             = disable
  romio_cb_fr_types                        = aar
  cb_align                                 = 2
  cb_buffer_size                           = 16777216
  romio_cb_fr_alignment                    = 1
  romio_cb_ds_threshold                    = 0
  romio_cb_alltoall                        = automatic
  romio_cb_read                            = automatic
  romio_cb_write                           = automatic
  romio_no_indep_rw                        = false
  romio_ds_write                           = automatic
  ind_wr_buffer_size                       = 524288
  romio_ds_read                            = disable
  ind_rd_buffer_size                       = 4194304
  direct_io                                = false
  striping_factor                          = 16
  striping_unit                            = 4194304
  overstriping_factor                      = 0
  romio_lustre_start_iodevice              = -1
  aggregator_placement_stride              = -1
  abort_on_rw_error                        = disable
  cb_config_list                           = *:*
  cb_nodes                                 = 4
  romio_filesystem_type                    = CRAY ADIO:
  [shard_map] using jax.shard_map (jax 0.9.1)
[phdf5 kchunk-union r0] n_k=3 bytes/rank=225792  prev_h2d_wait=0.01  pin+zero=2.04  spaces=0.01  select=0.03  read=2.33  h2d_setup=0.04  total=4.46 (ms)  [selected_elts=26800]
  [wfn_loader] shard_map via jax.shard_map (jax 0.9.1)
[stage 01:37:09]     <- load_centroids.loader_load  0.5 s
[stage 01:37:09]     -> load_centroids.gflat_to_rmu
[stage 01:37:10]     <- load_centroids.gflat_to_rmu  0.4 s
[stage 01:37:10]     -> load_centroids.reshard_insert
[stage 01:37:11]     <- load_centroids.reshard_insert  0.8 s
[stage 01:37:11]     -> load_centroids.loader_load
[phdf5 kchunk-union r0] n_k=4 bytes/rank=301056  prev_h2d_wait=0.01  pin+zero=0.03  spaces=0.01  select=0.01  read=1.56  h2d_setup=0.04  total=1.67 (ms)  [selected_elts=36512]
[stage 01:37:11]     <- load_centroids.loader_load  0.1 s
[stage 01:37:11]     -> load_centroids.gflat_to_rmu
[stage 01:37:11]     <- load_centroids.gflat_to_rmu  0.0 s
[stage 01:37:11]     -> load_centroids.reshard_insert
[stage 01:37:11]     <- load_centroids.reshard_insert  0.0 s
[stage 01:37:11]     -> load_centroids.loader_load
[phdf5 kchunk-union r0] n_k=3 bytes/rank=225792  prev_h2d_wait=0.01  pin+zero=0.02  spaces=0.01  select=0.01  read=0.90  h2d_setup=0.03  total=0.98 (ms)  [selected_elts=27488]
[stage 01:37:11]     <- load_centroids.loader_load  0.0 s
[stage 01:37:11]     -> load_centroids.gflat_to_rmu
[stage 01:37:11]     <- load_centroids.gflat_to_rmu  0.0 s
[stage 01:37:11]     -> load_centroids.reshard_insert
[stage 01:37:11]     <- load_centroids.reshard_insert  0.0 s
[stage 01:37:11]     -> load_centroids.loader_load
[phdf5 kchunk-union r0] n_k=4 bytes/rank=301056  prev_h2d_wait=0.01  pin+zero=0.01  spaces=0.00  select=0.01  read=0.83  h2d_setup=0.03  total=0.90 (ms)  [selected_elts=36512]
[stage 01:37:11]     <- load_centroids.loader_load  0.0 s
[stage 01:37:11]     -> load_centroids.gflat_to_rmu
[stage 01:37:11]     <- load_centroids.gflat_to_rmu  0.0 s
[stage 01:37:11]     -> load_centroids.reshard_insert
[stage 01:37:11]     <- load_centroids.reshard_insert  0.0 s
[stage 01:37:11]     -> load_centroids.loader_load
[phdf5 kchunk-union r0] n_k=4 bytes/rank=301056  prev_h2d_wait=0.01  pin+zero=0.01  spaces=0.00  select=0.01  read=0.71  h2d_setup=0.03  total=0.77 (ms)  [selected_elts=36512]
[stage 01:37:11]     <- load_centroids.loader_load  0.0 s
[stage 01:37:11]     -> load_centroids.gflat_to_rmu
[stage 01:37:11]     <- load_centroids.gflat_to_rmu  0.0 s
[stage 01:37:11]     -> load_centroids.reshard_insert
[stage 01:37:11]     <- load_centroids.reshard_insert  0.0 s
[stage 01:37:11]     -> load_centroids.loader_load
[phdf5 kchunk-union r0] n_k=4 bytes/rank=301056  prev_h2d_wait=0.01  pin+zero=0.01  spaces=0.00  select=0.01  read=0.70  h2d_setup=0.03  total=0.76 (ms)  [selected_elts=36512]
[stage 01:37:11]     <- load_centroids.loader_load  0.0 s
[stage 01:37:11]     -> load_centroids.gflat_to_rmu
[stage 01:37:11]     <- load_centroids.gflat_to_rmu  0.0 s
[stage 01:37:11]     -> load_centroids.reshard_insert
[stage 01:37:11]     <- load_centroids.reshard_insert  0.0 s
[stage 01:37:11]     -> load_centroids.loader_load
[phdf5 kchunk-union r0] n_k=3 bytes/rank=225792  prev_h2d_wait=0.01  pin+zero=0.01  spaces=0.00  select=0.01  read=0.66  h2d_setup=0.03  total=0.71 (ms)  [selected_elts=27136]
[stage 01:37:11]     <- load_centroids.loader_load  0.0 s
[stage 01:37:11]     -> load_centroids.gflat_to_rmu
[stage 01:37:11]     <- load_centroids.gflat_to_rmu  0.0 s
[stage 01:37:11]     -> load_centroids.reshard_insert
[stage 01:37:11]     <- load_centroids.reshard_insert  0.0 s
[stage 01:37:11]     -> load_centroids.loader_load
[phdf5 kchunk-union r0] n_k=3 bytes/rank=225792  prev_h2d_wait=0.01  pin+zero=0.01  spaces=0.00  select=0.01  read=0.76  h2d_setup=0.03  total=0.82 (ms)  [selected_elts=27136]
[stage 01:37:11]     <- load_centroids.loader_load  0.0 s
[stage 01:37:11]     -> load_centroids.gflat_to_rmu
[stage 01:37:11]     <- load_centroids.gflat_to_rmu  0.0 s
[stage 01:37:11]     -> load_centroids.reshard_insert
[stage 01:37:11]     <- load_centroids.reshard_insert  0.0 s
[stage 01:37:11]     -> load_centroids.loader_load
[phdf5 kchunk-union r0] n_k=3 bytes/rank=225792  prev_h2d_wait=0.01  pin+zero=0.01  spaces=0.00  select=0.01  read=0.70  h2d_setup=0.03  total=0.75 (ms)  [selected_elts=27488]
[stage 01:37:11]     <- load_centroids.loader_load  0.0 s
[stage 01:37:11]     -> load_centroids.gflat_to_rmu
[stage 01:37:11]     <- load_centroids.gflat_to_rmu  0.0 s
[stage 01:37:11]     -> load_centroids.reshard_insert
[stage 01:37:11]     <- load_centroids.reshard_insert  0.0 s
[stage 01:37:11]     -> load_centroids.loader_load
[phdf5 kchunk-union r0] n_k=3 bytes/rank=225792  prev_h2d_wait=0.00  pin+zero=0.01  spaces=0.00  select=0.01  read=0.66  h2d_setup=0.03  total=0.71 (ms)  [selected_elts=27136]
[stage 01:37:11]     <- load_centroids.loader_load  0.0 s
[stage 01:37:11]     -> load_centroids.gflat_to_rmu
[stage 01:37:11]     <- load_centroids.gflat_to_rmu  0.0 s
[stage 01:37:11]     -> load_centroids.reshard_insert
[stage 01:37:11]     <- load_centroids.reshard_insert  0.0 s
[stage 01:37:11]     -> load_centroids.loader_load
[phdf5 kchunk-union r0] n_k=3 bytes/rank=225792  prev_h2d_wait=0.00  pin+zero=0.01  spaces=0.00  select=0.01  read=0.68  h2d_setup=0.03  total=0.72 (ms)  [selected_elts=27488]
[stage 01:37:11]     <- load_centroids.loader_load  0.0 s
[stage 01:37:11]     -> load_centroids.gflat_to_rmu
[stage 01:37:11]     <- load_centroids.gflat_to_rmu  0.0 s
[stage 01:37:11]     -> load_centroids.reshard_insert
[stage 01:37:11]     <- load_centroids.reshard_insert  0.0 s
[stage 01:37:11]     -> load_centroids.loader_load
[phdf5 kchunk-union r0] n_k=3 bytes/rank=225792  prev_h2d_wait=0.00  pin+zero=0.01  spaces=0.00  select=0.01  read=0.66  h2d_setup=0.04  total=0.72 (ms)  [selected_elts=27136]
[stage 01:37:11]     <- load_centroids.loader_load  0.0 s
[stage 01:37:11]     -> load_centroids.gflat_to_rmu
[stage 01:37:11]     <- load_centroids.gflat_to_rmu  0.0 s
[stage 01:37:11]     -> load_centroids.reshard_insert
[stage 01:37:11]     <- load_centroids.reshard_insert  0.0 s
[stage 01:37:11]     -> load_centroids.loader_load
[phdf5 kchunk-union r0] n_k=4 bytes/rank=301056  prev_h2d_wait=0.00  pin+zero=0.01  spaces=0.00  select=0.01  read=0.70  h2d_setup=0.03  total=0.75 (ms)  [selected_elts=36512]
[stage 01:37:11]     <- load_centroids.loader_load  0.0 s
[stage 01:37:11]     -> load_centroids.gflat_to_rmu
[stage 01:37:11]     <- load_centroids.gflat_to_rmu  0.0 s
[stage 01:37:11]     -> load_centroids.reshard_insert
[stage 01:37:11]     <- load_centroids.reshard_insert  0.0 s
[stage 01:37:11]     -> load_centroids.loader_load
[phdf5 kchunk-union r0] n_k=3 bytes/rank=225792  prev_h2d_wait=0.00  pin+zero=0.01  spaces=0.00  select=0.00  read=0.61  h2d_setup=0.03  total=0.66 (ms)  [selected_elts=27136]
[stage 01:37:11]     <- load_centroids.loader_load  0.0 s
[stage 01:37:11]     -> load_centroids.gflat_to_rmu
[stage 01:37:11]     <- load_centroids.gflat_to_rmu  0.0 s
[stage 01:37:11]     -> load_centroids.reshard_insert
[stage 01:37:11]     <- load_centroids.reshard_insert  0.0 s
[stage 01:37:11]     -> load_centroids.loader_load
[phdf5 kchunk-union r0] n_k=3 bytes/rank=225792  prev_h2d_wait=0.00  pin+zero=0.01  spaces=0.00  select=0.01  read=0.66  h2d_setup=0.03  total=0.70 (ms)  [selected_elts=27136]
[stage 01:37:11]     <- load_centroids.loader_load  0.0 s
[stage 01:37:11]     -> load_centroids.gflat_to_rmu
[stage 01:37:11]     <- load_centroids.gflat_to_rmu  0.0 s
[stage 01:37:11]     -> load_centroids.reshard_insert
[stage 01:37:11]     <- load_centroids.reshard_insert  0.0 s
[stage 01:37:11]     -> load_centroids.loader_load
[phdf5 kchunk-union r0] n_k=4 bytes/rank=301056  prev_h2d_wait=0.00  pin+zero=0.01  spaces=0.00  select=0.01  read=0.71  h2d_setup=0.03  total=0.76 (ms)  [selected_elts=36512]
[stage 01:37:11]     <- load_centroids.loader_load  0.0 s
[stage 01:37:11]     -> load_centroids.gflat_to_rmu
[stage 01:37:11]     <- load_centroids.gflat_to_rmu  0.0 s
[stage 01:37:11]     -> load_centroids.reshard_insert
[stage 01:37:11]     <- load_centroids.reshard_insert  0.0 s
[stage 01:37:11]     -> load_centroids.loader_load
[phdf5 kchunk-union r0] n_k=3 bytes/rank=225792  prev_h2d_wait=0.00  pin+zero=0.01  spaces=0.00  select=0.01  read=0.65  h2d_setup=0.03  total=0.69 (ms)  [selected_elts=26800]
[stage 01:37:11]     <- load_centroids.loader_load  0.0 s
[stage 01:37:11]     -> load_centroids.gflat_to_rmu
[stage 01:37:11]     <- load_centroids.gflat_to_rmu  0.0 s
[stage 01:37:11]     -> load_centroids.reshard_insert
[stage 01:37:11]     <- load_centroids.reshard_insert  0.0 s
[stage 01:37:11]     -> load_centroids.loader_load
[phdf5 kchunk-union r0] n_k=4 bytes/rank=301056  prev_h2d_wait=0.00  pin+zero=0.01  spaces=0.00  select=0.01  read=0.64  h2d_setup=0.03  total=0.69 (ms)  [selected_elts=36512]
[stage 01:37:11]     <- load_centroids.loader_load  0.0 s
[stage 01:37:11]     -> load_centroids.gflat_to_rmu
[stage 01:37:11]     <- load_centroids.gflat_to_rmu  0.0 s
[stage 01:37:11]     -> load_centroids.reshard_insert
[stage 01:37:11]     <- load_centroids.reshard_insert  0.0 s
[stage 01:37:11]     -> load_centroids.loader_load
[phdf5 kchunk-union r0] n_k=3 bytes/rank=225792  prev_h2d_wait=0.00  pin+zero=0.01  spaces=0.00  select=0.01  read=0.64  h2d_setup=0.03  total=0.68 (ms)  [selected_elts=27488]
[stage 01:37:11]     <- load_centroids.loader_load  0.0 s
[stage 01:37:11]     -> load_centroids.gflat_to_rmu
[stage 01:37:11]     <- load_centroids.gflat_to_rmu  0.0 s
[stage 01:37:11]     -> load_centroids.reshard_insert
[stage 01:37:11]     <- load_centroids.reshard_insert  0.0 s
[stage 01:37:11]     -> load_centroids.loader_load
[phdf5 kchunk-union r0] n_k=4 bytes/rank=301056  prev_h2d_wait=0.00  pin+zero=0.01  spaces=0.00  select=0.01  read=0.65  h2d_setup=0.03  total=0.70 (ms)  [selected_elts=36512]
[stage 01:37:11]     <- load_centroids.loader_load  0.0 s
[stage 01:37:11]     -> load_centroids.gflat_to_rmu
[stage 01:37:11]     <- load_centroids.gflat_to_rmu  0.0 s
[stage 01:37:11]     -> load_centroids.reshard_insert
[stage 01:37:11]     <- load_centroids.reshard_insert  0.0 s
[stage 01:37:11]     -> load_centroids.loader_load
[phdf5 kchunk-union r0] n_k=4 bytes/rank=301056  prev_h2d_wait=0.00  pin+zero=0.01  spaces=0.00  select=0.01  read=0.54  h2d_setup=0.03  total=0.59 (ms)  [selected_elts=36512]
[stage 01:37:11]     <- load_centroids.loader_load  0.0 s
[stage 01:37:11]     -> load_centroids.gflat_to_rmu
[stage 01:37:11]     <- load_centroids.gflat_to_rmu  0.0 s
[stage 01:37:11]     -> load_centroids.reshard_insert
[stage 01:37:11]     <- load_centroids.reshard_insert  0.0 s
[stage 01:37:11]     -> load_centroids.loader_load
[phdf5 kchunk-union r0] n_k=4 bytes/rank=301056  prev_h2d_wait=0.00  pin+zero=0.01  spaces=0.00  select=0.01  read=0.54  h2d_setup=0.03  total=0.59 (ms)  [selected_elts=36512]
[stage 01:37:11]     <- load_centroids.loader_load  0.0 s
[stage 01:37:11]     -> load_centroids.gflat_to_rmu
[stage 01:37:11]     <- load_centroids.gflat_to_rmu  0.0 s
[stage 01:37:11]     -> load_centroids.reshard_insert
[stage 01:37:11]     <- load_centroids.reshard_insert  0.0 s
[stage 01:37:11]     -> load_centroids.loader_load
[phdf5 kchunk-union r0] n_k=3 bytes/rank=225792  prev_h2d_wait=0.00  pin+zero=0.01  spaces=0.00  select=0.01  read=0.56  h2d_setup=0.03  total=0.61 (ms)  [selected_elts=27136]
[stage 01:37:11]     <- load_centroids.loader_load  0.0 s
[stage 01:37:11]     -> load_centroids.gflat_to_rmu
[stage 01:37:11]     <- load_centroids.gflat_to_rmu  0.0 s
[stage 01:37:11]     -> load_centroids.reshard_insert
[stage 01:37:11]     <- load_centroids.reshard_insert  0.0 s
[stage 01:37:11]     -> load_centroids.loader_load
[phdf5 kchunk-union r0] n_k=3 bytes/rank=225792  prev_h2d_wait=0.00  pin+zero=0.01  spaces=0.00  select=0.01  read=0.54  h2d_setup=0.03  total=0.59 (ms)  [selected_elts=27136]
[stage 01:37:11]     <- load_centroids.loader_load  0.0 s
[stage 01:37:11]     -> load_centroids.gflat_to_rmu
[stage 01:37:11]     <- load_centroids.gflat_to_rmu  0.0 s
[stage 01:37:11]     -> load_centroids.reshard_insert
[stage 01:37:11]     <- load_centroids.reshard_insert  0.0 s
[stage 01:37:11]     -> load_centroids.loader_load
[phdf5 kchunk-union r0] n_k=3 bytes/rank=225792  prev_h2d_wait=0.00  pin+zero=0.01  spaces=0.00  select=0.01  read=0.54  h2d_setup=0.03  total=0.59 (ms)  [selected_elts=27488]
[stage 01:37:11]     <- load_centroids.loader_load  0.0 s
[stage 01:37:11]     -> load_centroids.gflat_to_rmu
[stage 01:37:11]     <- load_centroids.gflat_to_rmu  0.0 s
[stage 01:37:11]     -> load_centroids.reshard_insert
[stage 01:37:11]     <- load_centroids.reshard_insert  0.0 s
[stage 01:37:11]     -> load_centroids.loader_load
[phdf5 kchunk-union r0] n_k=3 bytes/rank=225792  prev_h2d_wait=0.00  pin+zero=0.01  spaces=0.00  select=0.01  read=0.52  h2d_setup=0.03  total=0.56 (ms)  [selected_elts=27136]
[stage 01:37:11]     <- load_centroids.loader_load  0.0 s
[stage 01:37:11]     -> load_centroids.gflat_to_rmu
[stage 01:37:11]     <- load_centroids.gflat_to_rmu  0.0 s
[stage 01:37:11]     -> load_centroids.reshard_insert
[stage 01:37:11]     <- load_centroids.reshard_insert  0.0 s
[stage 01:37:11]     -> load_centroids.loader_load
[phdf5 kchunk-union r0] n_k=3 bytes/rank=225792  prev_h2d_wait=0.00  pin+zero=0.01  spaces=0.00  select=0.01  read=0.52  h2d_setup=0.03  total=0.57 (ms)  [selected_elts=27488]
[stage 01:37:11]     <- load_centroids.loader_load  0.0 s
[stage 01:37:11]     -> load_centroids.gflat_to_rmu
[stage 01:37:11]     <- load_centroids.gflat_to_rmu  0.0 s
[stage 01:37:11]     -> load_centroids.reshard_insert
[stage 01:37:11]     <- load_centroids.reshard_insert  0.0 s
[stage 01:37:11]     -> load_centroids.loader_load
[phdf5 kchunk-union r0] n_k=3 bytes/rank=225792  prev_h2d_wait=0.00  pin+zero=0.01  spaces=0.00  select=0.01  read=0.55  h2d_setup=0.03  total=0.60 (ms)  [selected_elts=27136]
[stage 01:37:11]     <- load_centroids.loader_load  0.0 s
[stage 01:37:11]     -> load_centroids.gflat_to_rmu
[stage 01:37:11]     <- load_centroids.gflat_to_rmu  0.0 s
[stage 01:37:11]     -> load_centroids.reshard_insert
[stage 01:37:11]     <- load_centroids.reshard_insert  0.0 s
[stage 01:37:11]     -> load_centroids.loader_load
[phdf5 kchunk-union r0] n_k=4 bytes/rank=301056  prev_h2d_wait=0.00  pin+zero=0.01  spaces=0.00  select=0.01  read=0.54  h2d_setup=0.03  total=0.59 (ms)  [selected_elts=36512]
[stage 01:37:11]     <- load_centroids.loader_load  0.0 s
[stage 01:37:11]     -> load_centroids.gflat_to_rmu
[stage 01:37:11]     <- load_centroids.gflat_to_rmu  0.0 s
[stage 01:37:11]     -> load_centroids.reshard_insert
[stage 01:37:11]     <- load_centroids.reshard_insert  0.0 s
[stage 01:37:11]     -> load_centroids.loader_load
[phdf5 kchunk-union r0] n_k=3 bytes/rank=225792  prev_h2d_wait=0.00  pin+zero=0.01  spaces=0.00  select=0.01  read=0.52  h2d_setup=0.03  total=0.57 (ms)  [selected_elts=27136]
[stage 01:37:11]     <- load_centroids.loader_load  0.0 s
[stage 01:37:11]     -> load_centroids.gflat_to_rmu
[stage 01:37:11]     <- load_centroids.gflat_to_rmu  0.0 s
[stage 01:37:11]     -> load_centroids.reshard_insert
[stage 01:37:11]     <- load_centroids.reshard_insert  0.0 s
[stage 01:37:11]     -> load_centroids.loader_load
[phdf5 kchunk-union r0] n_k=3 bytes/rank=225792  prev_h2d_wait=0.00  pin+zero=0.01  spaces=0.00  select=0.01  read=0.53  h2d_setup=0.03  total=0.58 (ms)  [selected_elts=27136]
[stage 01:37:11]     <- load_centroids.loader_load  0.0 s
[stage 01:37:11]     -> load_centroids.gflat_to_rmu
[stage 01:37:11]     <- load_centroids.gflat_to_rmu  0.0 s
[stage 01:37:11]     -> load_centroids.reshard_insert
[stage 01:37:11]     <- load_centroids.reshard_insert  0.0 s
[stage 01:37:11]     -> load_centroids.loader_load
[phdf5 kchunk-union r0] n_k=4 bytes/rank=301056  prev_h2d_wait=0.00  pin+zero=0.01  spaces=0.00  select=0.01  read=0.56  h2d_setup=0.03  total=0.61 (ms)  [selected_elts=36512]
[stage 01:37:11]     <- load_centroids.loader_load  0.0 s
[stage 01:37:11]     -> load_centroids.gflat_to_rmu
[stage 01:37:11]     <- load_centroids.gflat_to_rmu  0.0 s
[stage 01:37:11]     -> load_centroids.reshard_insert
[stage 01:37:11]     <- load_centroids.reshard_insert  0.0 s
[stage 01:37:11]   <- gw_jax.load_centroid_wfns  2.3 s
  ψ face conversion (low_mem_bands): psi_nmu/psi_mun built from the fresh load; BOTH single-axis copies (psi_rmu_Y, psi_rmuT_X) dropped before the ζ fit -- the r-chunk loop now reads psi_mun_fresh directly, one band-chunk at a time (isdf.core._z_q_face).

  ====================================================================
  REUSING the existing ζ at /pscratch/sd/j/jackm/sandbox_v2_docs_consolidation_2026-08-14/tmp/worktrees/wt_bisp_prof_s_codex_20260906/runs/Si/100_bisp_parent_route_2026-09-05/prof_s/02_F_cohsex_baseline/tmp/zeta_q.h5 — FIT SKIPPED.
  ...and the three transverse ζ at zeta_q_mu{1,2,3}.h5.
  isdf_header/zeta_is_done is True, the centroid table
  matches, and fit_provenance is identical to this run's
  inputs (band windows, cutoffs, solver knobs, source WFN).
  Set LORRAX_FORCE_REFIT=1 to refit unconditionally.
  ====================================================================

  [bispinor] re-sampling ψ at the 168 transverse centroids for σ^B (the ζ_T fit is skipped, but Σ^B still needs ψ(r_{μ_T})).
[stage 01:37:11]   -> gw_jax.load_centroid_wfns_current
[load_centroids planner] existing=0.04, persistent=0.02, scan_budget=33.47 GiB/device, peak_copies=9, cs=16, stream=on, k_domain=full_bz, retain_parents=no, k_tile=4, band_tile=16
[stage 01:37:11]     -> load_centroids.loader_load
[phdf5 kchunk-union r0] n_k=3 bytes/rank=225792  prev_h2d_wait=0.01  pin+zero=0.02  spaces=0.01  select=0.01  read=0.96  h2d_setup=0.03  total=1.05 (ms)  [selected_elts=26800]
[stage 01:37:11]     <- load_centroids.loader_load  0.0 s
[stage 01:37:11]     -> load_centroids.gflat_to_rmu
[stage 01:37:12]     <- load_centroids.gflat_to_rmu  0.3 s
[stage 01:37:12]     -> load_centroids.reshard_insert
[stage 01:37:12]     <- load_centroids.reshard_insert  0.1 s
[stage 01:37:12]     -> load_centroids.loader_load
[phdf5 kchunk-union r0] n_k=4 bytes/rank=301056  prev_h2d_wait=0.01  pin+zero=0.02  spaces=0.01  select=0.01  read=1.35  h2d_setup=0.03  total=1.44 (ms)  [selected_elts=36512]
[stage 01:37:12]     <- load_centroids.loader_load  0.0 s
[stage 01:37:12]     -> load_centroids.gflat_to_rmu
[stage 01:37:12]     <- load_centroids.gflat_to_rmu  0.0 s
[stage 01:37:12]     -> load_centroids.reshard_insert
[stage 01:37:12]     <- load_centroids.reshard_insert  0.0 s
[stage 01:37:12]     -> load_centroids.loader_load
[phdf5 kchunk-union r0] n_k=3 bytes/rank=225792  prev_h2d_wait=0.01  pin+zero=0.01  spaces=0.01  select=0.01  read=0.74  h2d_setup=0.03  total=0.80 (ms)  [selected_elts=27488]
[stage 01:37:12]     <- load_centroids.loader_load  0.0 s
[stage 01:37:12]     -> load_centroids.gflat_to_rmu
[stage 01:37:12]     <- load_centroids.gflat_to_rmu  0.0 s
[stage 01:37:12]     -> load_centroids.reshard_insert
[stage 01:37:12]     <- load_centroids.reshard_insert  0.0 s
[stage 01:37:12]     -> load_centroids.loader_load
[phdf5 kchunk-union r0] n_k=4 bytes/rank=301056  prev_h2d_wait=0.01  pin+zero=0.01  spaces=0.00  select=0.01  read=0.71  h2d_setup=0.03  total=0.77 (ms)  [selected_elts=36512]
[stage 01:37:12]     <- load_centroids.loader_load  0.0 s
[stage 01:37:12]     -> load_centroids.gflat_to_rmu
[stage 01:37:12]     <- load_centroids.gflat_to_rmu  0.0 s
[stage 01:37:12]     -> load_centroids.reshard_insert
[stage 01:37:12]     <- load_centroids.reshard_insert  0.0 s
[stage 01:37:12]     -> load_centroids.loader_load
[phdf5 kchunk-union r0] n_k=4 bytes/rank=301056  prev_h2d_wait=0.01  pin+zero=0.01  spaces=0.00  select=0.01  read=0.77  h2d_setup=0.03  total=0.83 (ms)  [selected_elts=36512]
[stage 01:37:12]     <- load_centroids.loader_load  0.0 s
[stage 01:37:12]     -> load_centroids.gflat_to_rmu
[stage 01:37:12]     <- load_centroids.gflat_to_rmu  0.0 s
[stage 01:37:12]     -> load_centroids.reshard_insert
[stage 01:37:12]     <- load_centroids.reshard_insert  0.0 s
[stage 01:37:12]     -> load_centroids.loader_load
[phdf5 kchunk-union r0] n_k=4 bytes/rank=301056  prev_h2d_wait=0.01  pin+zero=0.01  spaces=0.00  select=0.01  read=0.70  h2d_setup=0.03  total=0.75 (ms)  [selected_elts=36512]
[stage 01:37:12]     <- load_centroids.loader_load  0.0 s
[stage 01:37:12]     -> load_centroids.gflat_to_rmu
[stage 01:37:12]     <- load_centroids.gflat_to_rmu  0.0 s
[stage 01:37:12]     -> load_centroids.reshard_insert
[stage 01:37:12]     <- load_centroids.reshard_insert  0.0 s
[stage 01:37:12]     -> load_centroids.loader_load
[phdf5 kchunk-union r0] n_k=3 bytes/rank=225792  prev_h2d_wait=0.01  pin+zero=0.01  spaces=0.00  select=0.01  read=0.76  h2d_setup=0.03  total=0.81 (ms)  [selected_elts=27136]
[stage 01:37:12]     <- load_centroids.loader_load  0.0 s
[stage 01:37:12]     -> load_centroids.gflat_to_rmu
[stage 01:37:12]     <- load_centroids.gflat_to_rmu  0.0 s
[stage 01:37:12]     -> load_centroids.reshard_insert
[stage 01:37:12]     <- load_centroids.reshard_insert  0.0 s
[stage 01:37:12]     -> load_centroids.loader_load
[phdf5 kchunk-union r0] n_k=3 bytes/rank=225792  prev_h2d_wait=0.01  pin+zero=0.01  spaces=0.00  select=0.01  read=0.74  h2d_setup=0.03  total=0.79 (ms)  [selected_elts=27136]
[stage 01:37:12]     <- load_centroids.loader_load  0.0 s
[stage 01:37:12]     -> load_centroids.gflat_to_rmu
[stage 01:37:12]     <- load_centroids.gflat_to_rmu  0.0 s
[stage 01:37:12]     -> load_centroids.reshard_insert
[stage 01:37:12]     <- load_centroids.reshard_insert  0.0 s
[stage 01:37:12]     -> load_centroids.loader_load
[phdf5 kchunk-union r0] n_k=3 bytes/rank=225792  prev_h2d_wait=0.01  pin+zero=0.01  spaces=0.00  select=0.01  read=0.71  h2d_setup=0.03  total=0.76 (ms)  [selected_elts=27488]
[stage 01:37:12]     <- load_centroids.loader_load  0.0 s
[stage 01:37:12]     -> load_centroids.gflat_to_rmu
[stage 01:37:12]     <- load_centroids.gflat_to_rmu  0.0 s
[stage 01:37:12]     -> load_centroids.reshard_insert
[stage 01:37:12]     <- load_centroids.reshard_insert  0.0 s
[stage 01:37:12]     -> load_centroids.loader_load
[phdf5 kchunk-union r0] n_k=3 bytes/rank=225792  prev_h2d_wait=0.01  pin+zero=0.01  spaces=0.00  select=0.01  read=0.72  h2d_setup=0.03  total=0.77 (ms)  [selected_elts=27136]
[stage 01:37:12]     <- load_centroids.loader_load  0.0 s
[stage 01:37:12]     -> load_centroids.gflat_to_rmu
[stage 01:37:12]     <- load_centroids.gflat_to_rmu  0.0 s
[stage 01:37:12]     -> load_centroids.reshard_insert
[stage 01:37:12]     <- load_centroids.reshard_insert  0.0 s
[stage 01:37:12]     -> load_centroids.loader_load
[phdf5 kchunk-union r0] n_k=3 bytes/rank=225792  prev_h2d_wait=0.01  pin+zero=0.01  spaces=0.00  select=0.01  read=0.76  h2d_setup=0.03  total=0.82 (ms)  [selected_elts=27488]
[stage 01:37:12]     <- load_centroids.loader_load  0.0 s
[stage 01:37:12]     -> load_centroids.gflat_to_rmu
[stage 01:37:12]     <- load_centroids.gflat_to_rmu  0.0 s
[stage 01:37:12]     -> load_centroids.reshard_insert
[stage 01:37:12]     <- load_centroids.reshard_insert  0.0 s
[stage 01:37:12]     -> load_centroids.loader_load
[phdf5 kchunk-union r0] n_k=3 bytes/rank=225792  prev_h2d_wait=0.01  pin+zero=0.01  spaces=0.00  select=0.01  read=0.74  h2d_setup=0.03  total=0.79 (ms)  [selected_elts=27136]
[stage 01:37:12]     <- load_centroids.loader_load  0.0 s
[stage 01:37:12]     -> load_centroids.gflat_to_rmu
[stage 01:37:12]     <- load_centroids.gflat_to_rmu  0.0 s
[stage 01:37:12]     -> load_centroids.reshard_insert
[stage 01:37:12]     <- load_centroids.reshard_insert  0.0 s
[stage 01:37:12]     -> load_centroids.loader_load
[phdf5 kchunk-union r0] n_k=4 bytes/rank=301056  prev_h2d_wait=0.01  pin+zero=0.01  spaces=0.00  select=0.01  read=0.67  h2d_setup=0.03  total=0.73 (ms)  [selected_elts=36512]
[stage 01:37:12]     <- load_centroids.loader_load  0.0 s
[stage 01:37:12]     -> load_centroids.gflat_to_rmu
[stage 01:37:12]     <- load_centroids.gflat_to_rmu  0.0 s
[stage 01:37:12]     -> load_centroids.reshard_insert
[stage 01:37:12]     <- load_centroids.reshard_insert  0.0 s
[stage 01:37:12]     -> load_centroids.loader_load
[phdf5 kchunk-union r0] n_k=3 bytes/rank=225792  prev_h2d_wait=0.01  pin+zero=0.01  spaces=0.00  select=0.01  read=0.72  h2d_setup=0.03  total=0.78 (ms)  [selected_elts=27136]
[stage 01:37:12]     <- load_centroids.loader_load  0.0 s
[stage 01:37:12]     -> load_centroids.gflat_to_rmu
[stage 01:37:12]     <- load_centroids.gflat_to_rmu  0.0 s
[stage 01:37:12]     -> load_centroids.reshard_insert
[stage 01:37:12]     <- load_centroids.reshard_insert  0.0 s
[stage 01:37:12]     -> load_centroids.loader_load
[phdf5 kchunk-union r0] n_k=3 bytes/rank=225792  prev_h2d_wait=0.01  pin+zero=0.01  spaces=0.00  select=0.01  read=0.70  h2d_setup=0.03  total=0.75 (ms)  [selected_elts=27136]
[stage 01:37:12]     <- load_centroids.loader_load  0.0 s
[stage 01:37:12]     -> load_centroids.gflat_to_rmu
[stage 01:37:12]     <- load_centroids.gflat_to_rmu  0.0 s
[stage 01:37:12]     -> load_centroids.reshard_insert
[stage 01:37:12]     <- load_centroids.reshard_insert  0.0 s
[stage 01:37:12]     -> load_centroids.loader_load
[phdf5 kchunk-union r0] n_k=4 bytes/rank=301056  prev_h2d_wait=0.01  pin+zero=0.01  spaces=0.00  select=0.01  read=0.80  h2d_setup=0.03  total=0.85 (ms)  [selected_elts=36512]
[stage 01:37:12]     <- load_centroids.loader_load  0.0 s
[stage 01:37:12]     -> load_centroids.gflat_to_rmu
[stage 01:37:12]     <- load_centroids.gflat_to_rmu  0.0 s
[stage 01:37:12]     -> load_centroids.reshard_insert
[stage 01:37:12]     <- load_centroids.reshard_insert  0.0 s
[stage 01:37:12]     -> load_centroids.loader_load
[phdf5 kchunk-union r0] n_k=3 bytes/rank=225792  prev_h2d_wait=0.01  pin+zero=0.01  spaces=0.00  select=0.01  read=0.61  h2d_setup=0.03  total=0.66 (ms)  [selected_elts=26800]
[stage 01:37:12]     <- load_centroids.loader_load  0.0 s
[stage 01:37:12]     -> load_centroids.gflat_to_rmu
[stage 01:37:12]     <- load_centroids.gflat_to_rmu  0.0 s
[stage 01:37:12]     -> load_centroids.reshard_insert
[stage 01:37:12]     <- load_centroids.reshard_insert  0.0 s
[stage 01:37:12]     -> load_centroids.loader_load
[phdf5 kchunk-union r0] n_k=4 bytes/rank=301056  prev_h2d_wait=0.01  pin+zero=0.01  spaces=0.00  select=0.01  read=0.62  h2d_setup=0.03  total=0.68 (ms)  [selected_elts=36512]
[stage 01:37:12]     <- load_centroids.loader_load  0.0 s
[stage 01:37:12]     -> load_centroids.gflat_to_rmu
[stage 01:37:12]     <- load_centroids.gflat_to_rmu  0.0 s
[stage 01:37:12]     -> load_centroids.reshard_insert
[stage 01:37:12]     <- load_centroids.reshard_insert  0.0 s
[stage 01:37:12]     -> load_centroids.loader_load
[phdf5 kchunk-union r0] n_k=3 bytes/rank=225792  prev_h2d_wait=0.01  pin+zero=0.01  spaces=0.00  select=0.01  read=0.58  h2d_setup=0.03  total=0.64 (ms)  [selected_elts=27488]
[stage 01:37:12]     <- load_centroids.loader_load  0.0 s
[stage 01:37:12]     -> load_centroids.gflat_to_rmu
[stage 01:37:12]     <- load_centroids.gflat_to_rmu  0.0 s
[stage 01:37:12]     -> load_centroids.reshard_insert
[stage 01:37:12]     <- load_centroids.reshard_insert  0.0 s
[stage 01:37:12]     -> load_centroids.loader_load
[phdf5 kchunk-union r0] n_k=4 bytes/rank=301056  prev_h2d_wait=0.01  pin+zero=0.01  spaces=0.00  select=0.01  read=0.61  h2d_setup=0.03  total=0.66 (ms)  [selected_elts=36512]
[stage 01:37:12]     <- load_centroids.loader_load  0.0 s
[stage 01:37:12]     -> load_centroids.gflat_to_rmu
[stage 01:37:12]     <- load_centroids.gflat_to_rmu  0.0 s
[stage 01:37:12]     -> load_centroids.reshard_insert
[stage 01:37:12]     <- load_centroids.reshard_insert  0.0 s
[stage 01:37:12]     -> load_centroids.loader_load
[phdf5 kchunk-union r0] n_k=4 bytes/rank=301056  prev_h2d_wait=0.01  pin+zero=0.01  spaces=0.00  select=0.01  read=0.57  h2d_setup=0.03  total=0.63 (ms)  [selected_elts=36512]
[stage 01:37:12]     <- load_centroids.loader_load  0.0 s
[stage 01:37:12]     -> load_centroids.gflat_to_rmu
[stage 01:37:12]     <- load_centroids.gflat_to_rmu  0.0 s
[stage 01:37:12]     -> load_centroids.reshard_insert
[stage 01:37:12]     <- load_centroids.reshard_insert  0.0 s
[stage 01:37:12]     -> load_centroids.loader_load
[phdf5 kchunk-union r0] n_k=4 bytes/rank=301056  prev_h2d_wait=0.01  pin+zero=0.01  spaces=0.00  select=0.01  read=0.61  h2d_setup=0.03  total=0.66 (ms)  [selected_elts=36512]
[stage 01:37:12]     <- load_centroids.loader_load  0.0 s
[stage 01:37:12]     -> load_centroids.gflat_to_rmu
[stage 01:37:12]     <- load_centroids.gflat_to_rmu  0.0 s
[stage 01:37:12]     -> load_centroids.reshard_insert
[stage 01:37:12]     <- load_centroids.reshard_insert  0.0 s
[stage 01:37:12]     -> load_centroids.loader_load
[phdf5 kchunk-union r0] n_k=3 bytes/rank=225792  prev_h2d_wait=0.01  pin+zero=0.01  spaces=0.00  select=0.01  read=0.63  h2d_setup=0.03  total=0.68 (ms)  [selected_elts=27136]
[stage 01:37:12]     <- load_centroids.loader_load  0.0 s
[stage 01:37:12]     -> load_centroids.gflat_to_rmu
[stage 01:37:12]     <- load_centroids.gflat_to_rmu  0.0 s
[stage 01:37:12]     -> load_centroids.reshard_insert
[stage 01:37:12]     <- load_centroids.reshard_insert  0.0 s
[stage 01:37:12]     -> load_centroids.loader_load
[phdf5 kchunk-union r0] n_k=3 bytes/rank=225792  prev_h2d_wait=0.01  pin+zero=0.01  spaces=0.00  select=0.01  read=0.60  h2d_setup=0.03  total=0.66 (ms)  [selected_elts=27136]
[stage 01:37:12]     <- load_centroids.loader_load  0.0 s
[stage 01:37:12]     -> load_centroids.gflat_to_rmu
[stage 01:37:12]     <- load_centroids.gflat_to_rmu  0.0 s
[stage 01:37:12]     -> load_centroids.reshard_insert
[stage 01:37:12]     <- load_centroids.reshard_insert  0.0 s
[stage 01:37:12]     -> load_centroids.loader_load
[phdf5 kchunk-union r0] n_k=3 bytes/rank=225792  prev_h2d_wait=0.01  pin+zero=0.01  spaces=0.00  select=0.01  read=0.57  h2d_setup=0.03  total=0.62 (ms)  [selected_elts=27488]
[stage 01:37:12]     <- load_centroids.loader_load  0.0 s
[stage 01:37:12]     -> load_centroids.gflat_to_rmu
[stage 01:37:12]     <- load_centroids.gflat_to_rmu  0.0 s
[stage 01:37:12]     -> load_centroids.reshard_insert
[stage 01:37:12]     <- load_centroids.reshard_insert  0.0 s
[stage 01:37:12]     -> load_centroids.loader_load
[phdf5 kchunk-union r0] n_k=3 bytes/rank=225792  prev_h2d_wait=0.01  pin+zero=0.01  spaces=0.00  select=0.01  read=0.55  h2d_setup=0.03  total=0.60 (ms)  [selected_elts=27136]
[stage 01:37:12]     <- load_centroids.loader_load  0.0 s
[stage 01:37:12]     -> load_centroids.gflat_to_rmu
[stage 01:37:12]     <- load_centroids.gflat_to_rmu  0.0 s
[stage 01:37:12]     -> load_centroids.reshard_insert
[stage 01:37:12]     <- load_centroids.reshard_insert  0.0 s
[stage 01:37:12]     -> load_centroids.loader_load
[phdf5 kchunk-union r0] n_k=3 bytes/rank=225792  prev_h2d_wait=0.01  pin+zero=0.01  spaces=0.00  select=0.01  read=0.59  h2d_setup=0.03  total=0.65 (ms)  [selected_elts=27488]
[stage 01:37:12]     <- load_centroids.loader_load  0.0 s
[stage 01:37:12]     -> load_centroids.gflat_to_rmu
[stage 01:37:12]     <- load_centroids.gflat_to_rmu  0.0 s
[stage 01:37:12]     -> load_centroids.reshard_insert
[stage 01:37:12]     <- load_centroids.reshard_insert  0.0 s
[stage 01:37:12]     -> load_centroids.loader_load
[phdf5 kchunk-union r0] n_k=3 bytes/rank=225792  prev_h2d_wait=0.00  pin+zero=0.01  spaces=0.00  select=0.01  read=0.53  h2d_setup=0.03  total=0.58 (ms)  [selected_elts=27136]
[stage 01:37:12]     <- load_centroids.loader_load  0.0 s
[stage 01:37:12]     -> load_centroids.gflat_to_rmu
[stage 01:37:12]     <- load_centroids.gflat_to_rmu  0.0 s
[stage 01:37:12]     -> load_centroids.reshard_insert
[stage 01:37:12]     <- load_centroids.reshard_insert  0.0 s
[stage 01:37:12]     -> load_centroids.loader_load
[phdf5 kchunk-union r0] n_k=4 bytes/rank=301056  prev_h2d_wait=0.00  pin+zero=0.01  spaces=0.00  select=0.01  read=0.54  h2d_setup=0.03  total=0.59 (ms)  [selected_elts=36512]
[stage 01:37:12]     <- load_centroids.loader_load  0.0 s
[stage 01:37:12]     -> load_centroids.gflat_to_rmu
[stage 01:37:12]     <- load_centroids.gflat_to_rmu  0.0 s
[stage 01:37:12]     -> load_centroids.reshard_insert
[stage 01:37:12]     <- load_centroids.reshard_insert  0.0 s
[stage 01:37:12]     -> load_centroids.loader_load
[phdf5 kchunk-union r0] n_k=3 bytes/rank=225792  prev_h2d_wait=0.00  pin+zero=0.01  spaces=0.00  select=0.01  read=0.62  h2d_setup=0.03  total=0.66 (ms)  [selected_elts=27136]
[stage 01:37:12]     <- load_centroids.loader_load  0.0 s
[stage 01:37:12]     -> load_centroids.gflat_to_rmu
[stage 01:37:12]     <- load_centroids.gflat_to_rmu  0.0 s
[stage 01:37:12]     -> load_centroids.reshard_insert
[stage 01:37:12]     <- load_centroids.reshard_insert  0.0 s
[stage 01:37:12]     -> load_centroids.loader_load
[phdf5 kchunk-union r0] n_k=3 bytes/rank=225792  prev_h2d_wait=0.00  pin+zero=0.01  spaces=0.00  select=0.00  read=0.51  h2d_setup=0.03  total=0.56 (ms)  [selected_elts=27136]
[stage 01:37:12]     <- load_centroids.loader_load  0.0 s
[stage 01:37:12]     -> load_centroids.gflat_to_rmu
[stage 01:37:12]     <- load_centroids.gflat_to_rmu  0.0 s
[stage 01:37:12]     -> load_centroids.reshard_insert
[stage 01:37:12]     <- load_centroids.reshard_insert  0.0 s
[stage 01:37:12]     -> load_centroids.loader_load
[phdf5 kchunk-union r0] n_k=4 bytes/rank=301056  prev_h2d_wait=0.00  pin+zero=0.01  spaces=0.00  select=0.01  read=0.53  h2d_setup=0.03  total=0.58 (ms)  [selected_elts=36512]
[stage 01:37:12]     <- load_centroids.loader_load  0.0 s
[stage 01:37:12]     -> load_centroids.gflat_to_rmu
[stage 01:37:12]     <- load_centroids.gflat_to_rmu  0.0 s
[stage 01:37:12]     -> load_centroids.reshard_insert
[stage 01:37:12]     <- load_centroids.reshard_insert  0.0 s
[stage 01:37:12]   <- gw_jax.load_centroid_wfns_current  0.7 s
[stage 01:37:12]   -> gw_jax.wavefunction_setup
[stage 01:37:12]   <- gw_jax.wavefunction_setup  0.0 s
  Wavefunctions built (b0:b4=32 bands, face layout: psi_nmu/psi_mun; low_mem_bands=true) — V_q's baseline is the face floor alone, no fit-input carryover
[stage 01:37:12]   -> gw_jax.wavefunction_setup
[stage 01:37:12]   <- gw_jax.wavefunction_setup  0.0 s
  [bispinor] σ^B-side Wfns built on n_rmu_T=168 transverse centroids (face layout; low_mem_bands=true)
[mem_probe pre_v_q] in_use=0.05 GB  peak=0.15 GB  live_count=41 live_total=0.17 GB  nvsmi=1.78 GB nvsmi_peak=1.78 GB
[mem_probe pre_v_q]   complex128 (64, 4, 480, 32) x 1 = 0.06 GB
[mem_probe pre_v_q]   complex128 (64, 32, 4, 480) x 1 = 0.06 GB
[mem_probe pre_v_q]   complex128 (64, 4, 168, 32) x 1 = 0.02 GB
[mem_probe pre_v_q]   complex128 (64, 32, 4, 168) x 1 = 0.02 GB
[mem_probe pre_v_q]   int32 (64, 24, 24, 24) x 1 = 0.00 GB
[mem_probe pre_v_q]   float64 (64, 128) x 2 = 0.00 GB
[mem_probe pre_v_q]   float64 (64, 32) x 7 = 0.00 GB
[mem_probe pre_v_q]   complex128 (64, 2, 2) x 1 = 0.00 GB
[mem_probe pre_v_q]   float64 (64, 3) x 2 = 0.00 GB
[mem_probe pre_v_q]   int32 (64, 3, 3) x 1 = 0.00 GB
    V_q bare cutoff: 25.0 Ry
    V_q budget:    30.00 GB

  [bispinor] V_q^{μ_L,ν_L} → /pscratch/sd/j/jackm/sandbox_v2_docs_consolidation_2026-08-14/tmp/worktrees/wt_bisp_prof_s_codex_20260906/runs/Si/100_bisp_parent_route_2026-09-05/prof_s/02_F_cohsex_baseline/tmp/v_q_bispinor.h5
[stage 01:37:12]   -> gw_jax.V_q_compute
  [SlabIO.phdf5_ffi] zeta_q.h5 mode=r bytes=40323938 file stripe_count=16 stripe_size=4194304 B cb_nodes=4/4 (the file's inode, not write policy).
[phdf5.hints /pscratch/sd/j/jackm/sandbox_v2_docs_consolidation_2026-08-14/tmp/worktrees/wt_bisp_prof_s_codex_20260906/runs/Si/100_bisp_parent_route_2026-09-05/prof_s/02_F_cohsex_baseline/tmp/zeta_q.h5] 24 hints retained by ROMIO:
  romio_cb_pfr                             = disable
  romio_cb_fr_types                        = aar
  cb_align                                 = 2
  cb_buffer_size                           = 16777216
  romio_cb_fr_alignment                    = 1
  romio_cb_ds_threshold                    = 0
  romio_cb_alltoall                        = automatic
  romio_cb_read                            = automatic
  romio_cb_write                           = automatic
  romio_no_indep_rw                        = false
  romio_ds_write                           = automatic
  ind_wr_buffer_size                       = 524288
  romio_ds_read                            = disable
  ind_rd_buffer_size                       = 4194304
  direct_io                                = false
  striping_factor                          = 16
  striping_unit                            = 4194304
  overstriping_factor                      = 0
  romio_lustre_start_iodevice              = -1
  aggregator_placement_stride              = -1
  abort_on_rw_error                        = disable
  cb_config_list                           = *:*
  cb_nodes                                 = 4
  romio_filesystem_type                    = CRAY ADIO:
  [SlabIO.phdf5_ffi] zeta_q_mu1.h5 mode=r bytes=16841570 file stripe_count=16 stripe_size=4194304 B cb_nodes=4/4 (the file's inode, not write policy).
[phdf5.hints /pscratch/sd/j/jackm/sandbox_v2_docs_consolidation_2026-08-14/tmp/worktrees/wt_bisp_prof_s_codex_20260906/runs/Si/100_bisp_parent_route_2026-09-05/prof_s/02_F_cohsex_baseline/tmp/zeta_q_mu1.h5] 24 hints retained by ROMIO:
  romio_cb_pfr                             = disable
  romio_cb_fr_types                        = aar
  cb_align                                 = 2
  cb_buffer_size                           = 16777216
  romio_cb_fr_alignment                    = 1
  romio_cb_ds_threshold                    = 0
  romio_cb_alltoall                        = automatic
  romio_cb_read                            = automatic
  romio_cb_write                           = automatic
  romio_no_indep_rw                        = false
  romio_ds_write                           = automatic
  ind_wr_buffer_size                       = 524288
  romio_ds_read                            = disable
  ind_rd_buffer_size                       = 4194304
  direct_io                                = false
  striping_factor                          = 16
  striping_unit                            = 4194304
  overstriping_factor                      = 0
  romio_lustre_start_iodevice              = -1
  aggregator_placement_stride              = -1
  abort_on_rw_error                        = disable
  cb_config_list                           = *:*
  cb_nodes                                 = 4
  romio_filesystem_type                    = CRAY ADIO:
  [SlabIO.phdf5_ffi] zeta_q_mu2.h5 mode=r bytes=16841570 file stripe_count=16 stripe_size=4194304 B cb_nodes=4/4 (the file's inode, not write policy).
[phdf5.hints /pscratch/sd/j/jackm/sandbox_v2_docs_consolidation_2026-08-14/tmp/worktrees/wt_bisp_prof_s_codex_20260906/runs/Si/100_bisp_parent_route_2026-09-05/prof_s/02_F_cohsex_baseline/tmp/zeta_q_mu2.h5] 24 hints retained by ROMIO:
  romio_cb_pfr                             = disable
  romio_cb_fr_types                        = aar
  cb_align                                 = 2
  cb_buffer_size                           = 16777216
  romio_cb_fr_alignment                    = 1
  romio_cb_ds_threshold                    = 0
  romio_cb_alltoall                        = automatic
  romio_cb_read                            = automatic
  romio_cb_write                           = automatic
  romio_no_indep_rw                        = false
  romio_ds_write                           = automatic
  ind_wr_buffer_size                       = 524288
  romio_ds_read                            = disable
  ind_rd_buffer_size                       = 4194304
  direct_io                                = false
  striping_factor                          = 16
  striping_unit                            = 4194304
  overstriping_factor                      = 0
  romio_lustre_start_iodevice              = -1
  aggregator_placement_stride              = -1
  abort_on_rw_error                        = disable
  cb_config_list                           = *:*
  cb_nodes                                 = 4
  romio_filesystem_type                    = CRAY ADIO:
  [SlabIO.phdf5_ffi] zeta_q_mu3.h5 mode=r bytes=16841570 file stripe_count=16 stripe_size=4194304 B cb_nodes=4/4 (the file's inode, not write policy).
[phdf5.hints /pscratch/sd/j/jackm/sandbox_v2_docs_consolidation_2026-08-14/tmp/worktrees/wt_bisp_prof_s_codex_20260906/runs/Si/100_bisp_parent_route_2026-09-05/prof_s/02_F_cohsex_baseline/tmp/zeta_q_mu3.h5] 24 hints retained by ROMIO:
  romio_cb_pfr                             = disable
  romio_cb_fr_types                        = aar
  cb_align                                 = 2
  cb_buffer_size                           = 16777216
  romio_cb_fr_alignment                    = 1
  romio_cb_ds_threshold                    = 0
  romio_cb_alltoall                        = automatic
  romio_cb_read                            = automatic
  romio_cb_write                           = automatic
  romio_no_indep_rw                        = false
  romio_ds_write                           = automatic
  ind_wr_buffer_size                       = 524288
  romio_ds_read                            = disable
  ind_rd_buffer_size                       = 4194304
  direct_io                                = false
  striping_factor                          = 16
  striping_unit                            = 4194304
  overstriping_factor                      = 0
  romio_lustre_start_iodevice              = -1
  aggregator_placement_stride              = -1
  abort_on_rw_error                        = disable
  cb_config_list                           = *:*
  cb_nodes                                 = 4
  romio_filesystem_type                    = CRAY ADIO:
  [SlabIO.phdf5_ffi] v_q_bispinor.h5 mode=w ranks=4 stripe_count=4 stripe_unit=1048576 B (policy; LORRAX_PHDF5_STRIPE_COUNT/_SIZE_FS override)
[phdf5.hints /pscratch/sd/j/jackm/sandbox_v2_docs_consolidation_2026-08-14/tmp/worktrees/wt_bisp_prof_s_codex_20260906/runs/Si/100_bisp_parent_route_2026-09-05/prof_s/02_F_cohsex_baseline/tmp/v_q_bispinor.h5] 24 hints retained by ROMIO:
  romio_cb_pfr                             = disable
  romio_cb_fr_types                        = aar
  cb_align                                 = 2
  cb_buffer_size                           = 16777216
  romio_cb_fr_alignment                    = 1
  romio_cb_ds_threshold                    = 0
  romio_cb_alltoall                        = automatic
  romio_cb_read                            = automatic
  romio_cb_write                           = automatic
  romio_no_indep_rw                        = false
  romio_ds_write                           = automatic
  ind_wr_buffer_size                       = 524288
  romio_ds_read                            = disable
  ind_rd_buffer_size                       = 4194304
  direct_io                                = false
  striping_factor                          = 4
  striping_unit                            = 1048576
  overstriping_factor                      = 0
  romio_lustre_start_iodevice              = -1
  aggregator_placement_stride              = -1
  abort_on_rw_error                        = disable
  cb_config_list                           = *:*
  cb_nodes                                 = 4
  romio_filesystem_type                    = CRAY ADIO:
[ffi-debug proc=0] name=lorrax_io_committed shape=(4,) dtype=int32 spec=P(('x', 'y'),) offset=(0,) valid_shape=(1,) gshape=(1,) local_shapes=[(1,)]
[phdf5-write rank=0 ds=/lorrax_io_committed id=360287970189639681] extent=[1] offset=[0] count=[1] mem_dims=[1] base=[0] valid=[1] collective=1 oob=0 empty=0
[phdf5 write r0] ds=/lorrax_io_committed bytes/rank=4 coll=1 empty=0  d2h_wait=0.01  spaces=0.05  select=0.00  write=1.12  total=1.18 (ms)  0 MB/s
  [SlabIO.close] Python dispatch drained in 0.0 s (no queued data); joining writer thread
  [SlabIO.close] writer thread joined in 0.0 s; calling H5Fclose collectively
  [SlabIO.close] H5Fclose returned in 0.0 s
q-grid TRS policy [bispinor V / one-leg]: time reversal MEASURED to hold; 28 of 64 q rows use a TRS-composed partner so q and -q share one spatial realization, and 8 self-negative q rows carry the one-element TRS projector.
  [bispinor g-flat] tile 1/7 (μ_L=0, ν_L=0)  n_rmu_L=480 n_rmu_R=480  same_zeta=True  use_ibz=True
  V_q g-flat [V_qmunu_CC]: n_q_ibz=8, ngkmax=588, g_chunk=588 (1/q), n_rmu_L=480→480, n_rmu_R=480→480, unfold=IBZ→full
    [V_qmunu_CC] pre-read all 8 IBZ ζ̃ slabs (1 batched call): 0.04s
    [V_qmunu_CC] q=0/8: kernel=0.10s
    [V_qmunu_CC] q=1/8: kernel=0.00s
    [V_qmunu_CC] q=2/8: kernel=0.00s
    [V_qmunu_CC] q=3/8: kernel=0.00s
    [V_qmunu_CC] q=4/8: kernel=0.00s
    [V_qmunu_CC] q=5/8: kernel=0.00s
    [V_qmunu_CC] q=6/8: kernel=0.00s
    [V_qmunu_CC] q=7/8: kernel=0.00s
  sanity[V_q[CC] IBZ parents]: parent point-group covariance = 1.137e-07 (37/73 little-group ops over 3 parent(s)).  fixed-q TRS projector removed 1.820e-16 (relative).
  [shard_map] using jax.shard_map (jax 0.9.1)
[phdf5.hints /pscratch/sd/j/jackm/sandbox_v2_docs_consolidation_2026-08-14/tmp/worktrees/wt_bisp_prof_s_codex_20260906/runs/Si/100_bisp_parent_route_2026-09-05/prof_s/02_F_cohsex_baseline/tmp/v_q_bispinor.h5] 24 hints retained by ROMIO:
  romio_cb_pfr                             = disable
  romio_cb_fr_types                        = aar
  cb_align                                 = 2
  cb_buffer_size                           = 16777216
  romio_cb_fr_alignment                    = 1
  romio_cb_ds_threshold                    = 0
  romio_cb_alltoall                        = automatic
  romio_cb_read                            = automatic
  romio_cb_write                           = automatic
  romio_no_indep_rw                        = false
  romio_ds_write                           = automatic
  ind_wr_buffer_size                       = 524288
  romio_ds_read                            = disable
  ind_rd_buffer_size                       = 4194304
  direct_io                                = false
  striping_factor                          = 4
  striping_unit                            = 1048576
  overstriping_factor                      = 0
  romio_lustre_start_iodevice              = -1
  aggregator_placement_stride              = -1
  abort_on_rw_error                        = disable
  cb_config_list                           = *:*
  cb_nodes                                 = 4
  romio_filesystem_type                    = CRAY ADIO:
[ffi-debug proc=0] name=lorrax_io_committed shape=(4,) dtype=int32 spec=P(('x', 'y'),) offset=(0,) valid_shape=(1,) gshape=(1,) local_shapes=[(1,)]
[phdf5-write rank=0 ds=/lorrax_io_committed id=360287970189639683] extent=[1] offset=[0] count=[1] mem_dims=[1] base=[0] valid=[1] collective=1 oob=0 empty=0
[phdf5 write r0] ds=/lorrax_io_committed bytes/rank=4 coll=1 empty=0  d2h_wait=0.01  spaces=0.04  select=0.00  write=0.30  total=0.36 (ms)  0 MB/s
[ffi-debug proc=0] name=V_qmunu_CC shape=(64, 480, 480) dtype=complex128 spec=P(None, 'x', 'y') offset=(0, 0, 0) valid_shape=(64, 480, 480) gshape=(64, 480, 480) local_shapes=[(64, 240, 240)]
  [SlabIO.close] draining 1 pending writes for v_q_bispinor.h5 …
[phdf5-write rank=0 ds=/V_qmunu_CC id=360287970189639684] extent=[64,480,480] offset=[0,0,0] count=[64,240,240] mem_dims=[64,240,240] base=[0,0,0] valid=[64,480,480] collective=1 oob=0 empty=0
[phdf5 write r0] ds=/V_qmunu_CC bytes/rank=58982400 coll=1 empty=0  d2h_wait=2.22  spaces=0.05  select=0.00  write=180.01  total=182.28 (ms)  328 MB/s
  [SlabIO.close] Python dispatch drained in 0.2 s (0.24 GB at 980 MB/s); joining writer thread
  [SlabIO.close] writer thread joined in 0.0 s; calling H5Fclose collectively
  [SlabIO.close] H5Fclose returned in 0.0 s
  [bispinor g-flat] tile 2/7 (μ_L=1, ν_L=1)  n_rmu_L=168 n_rmu_R=168  same_zeta=True  use_ibz=True
  V_q g-flat [V_qmunu_TT_11]: n_q_ibz=8, ngkmax=588, g_chunk=588 (1/q), n_rmu_L=168→168, n_rmu_R=168→168, unfold=IBZ→full
    [V_qmunu_TT_11] pre-read all 8 IBZ ζ̃ slabs (1 batched call): 0.03s
    [V_qmunu_TT_11] q=0/8: kernel=0.10s
    [V_qmunu_TT_11] q=1/8: kernel=0.00s
    [V_qmunu_TT_11] q=2/8: kernel=0.00s
    [V_qmunu_TT_11] q=3/8: kernel=0.00s
    [V_qmunu_TT_11] q=4/8: kernel=0.00s
    [V_qmunu_TT_11] q=5/8: kernel=0.00s
    [V_qmunu_TT_11] q=6/8: kernel=0.00s
    [V_qmunu_TT_11] q=7/8: kernel=0.00s
  [bispinor g-flat] tile 3/7 (μ_L=2, ν_L=2)  n_rmu_L=168 n_rmu_R=168  same_zeta=True  use_ibz=True
  V_q g-flat [V_qmunu_TT_22]: n_q_ibz=8, ngkmax=588, g_chunk=588 (1/q), n_rmu_L=168→168, n_rmu_R=168→168, unfold=IBZ→full
    [V_qmunu_TT_22] pre-read all 8 IBZ ζ̃ slabs (1 batched call): 0.01s
    [V_qmunu_TT_22] q=0/8: kernel=0.00s
    [V_qmunu_TT_22] q=1/8: kernel=0.00s
    [V_qmunu_TT_22] q=2/8: kernel=0.00s
    [V_qmunu_TT_22] q=3/8: kernel=0.00s
    [V_qmunu_TT_22] q=4/8: kernel=0.00s
    [V_qmunu_TT_22] q=5/8: kernel=0.00s
    [V_qmunu_TT_22] q=6/8: kernel=0.00s
    [V_qmunu_TT_22] q=7/8: kernel=0.00s
  [bispinor g-flat] tile 4/7 (μ_L=3, ν_L=3)  n_rmu_L=168 n_rmu_R=168  same_zeta=True  use_ibz=True
  V_q g-flat [V_qmunu_TT_33]: n_q_ibz=8, ngkmax=588, g_chunk=588 (1/q), n_rmu_L=168→168, n_rmu_R=168→168, unfold=IBZ→full
    [V_qmunu_TT_33] pre-read all 8 IBZ ζ̃ slabs (1 batched call): 0.01s
    [V_qmunu_TT_33] q=0/8: kernel=0.00s
    [V_qmunu_TT_33] q=1/8: kernel=0.00s
    [V_qmunu_TT_33] q=2/8: kernel=0.00s
    [V_qmunu_TT_33] q=3/8: kernel=0.00s
    [V_qmunu_TT_33] q=4/8: kernel=0.00s
    [V_qmunu_TT_33] q=5/8: kernel=0.00s
    [V_qmunu_TT_33] q=6/8: kernel=0.00s
    [V_qmunu_TT_33] q=7/8: kernel=0.00s
  [bispinor g-flat] tile 5/7 (μ_L=1, ν_L=2)  n_rmu_L=168 n_rmu_R=168  same_zeta=False  use_ibz=True
  V_q g-flat [V_qmunu_TT_12]: n_q_ibz=8, ngkmax=588, g_chunk=588 (1/q), n_rmu_L=168→168, n_rmu_R=168→168, unfold=IBZ→full
    [V_qmunu_TT_12] pre-read all 8 IBZ ζ̃ slabs (1 batched call): 0.01s
    [V_qmunu_TT_12] q=0/8: kernel=0.10s
    [V_qmunu_TT_12] q=1/8: kernel=0.00s
    [V_qmunu_TT_12] q=2/8: kernel=0.00s
    [V_qmunu_TT_12] q=3/8: kernel=0.00s
    [V_qmunu_TT_12] q=4/8: kernel=0.00s
    [V_qmunu_TT_12] q=5/8: kernel=0.00s
    [V_qmunu_TT_12] q=6/8: kernel=0.00s
    [V_qmunu_TT_12] q=7/8: kernel=0.00s
  [bispinor g-flat] tile 6/7 (μ_L=1, ν_L=3)  n_rmu_L=168 n_rmu_R=168  same_zeta=False  use_ibz=True
  V_q g-flat [V_qmunu_TT_13]: n_q_ibz=8, ngkmax=588, g_chunk=588 (1/q), n_rmu_L=168→168, n_rmu_R=168→168, unfold=IBZ→full
    [V_qmunu_TT_13] pre-read all 8 IBZ ζ̃ slabs (1 batched call): 0.01s
    [V_qmunu_TT_13] q=0/8: kernel=0.00s
    [V_qmunu_TT_13] q=1/8: kernel=0.00s
    [V_qmunu_TT_13] q=2/8: kernel=0.00s
    [V_qmunu_TT_13] q=3/8: kernel=0.00s
    [V_qmunu_TT_13] q=4/8: kernel=0.00s
    [V_qmunu_TT_13] q=5/8: kernel=0.00s
    [V_qmunu_TT_13] q=6/8: kernel=0.00s
    [V_qmunu_TT_13] q=7/8: kernel=0.00s
  [bispinor g-flat] tile 7/7 (μ_L=2, ν_L=3)  n_rmu_L=168 n_rmu_R=168  same_zeta=False  use_ibz=True
  V_q g-flat [V_qmunu_TT_23]: n_q_ibz=8, ngkmax=588, g_chunk=588 (1/q), n_rmu_L=168→168, n_rmu_R=168→168, unfold=IBZ→full
    [V_qmunu_TT_23] pre-read all 8 IBZ ζ̃ slabs (1 batched call): 0.01s
    [V_qmunu_TT_23] q=0/8: kernel=0.00s
    [V_qmunu_TT_23] q=1/8: kernel=0.00s
    [V_qmunu_TT_23] q=2/8: kernel=0.00s
    [V_qmunu_TT_23] q=3/8: kernel=0.00s
    [V_qmunu_TT_23] q=4/8: kernel=0.00s
    [V_qmunu_TT_23] q=5/8: kernel=0.00s
    [V_qmunu_TT_23] q=6/8: kernel=0.00s
    [V_qmunu_TT_23] q=7/8: kernel=0.00s
[phdf5.hints /pscratch/sd/j/jackm/sandbox_v2_docs_consolidation_2026-08-14/tmp/worktrees/wt_bisp_prof_s_codex_20260906/runs/Si/100_bisp_parent_route_2026-09-05/prof_s/02_F_cohsex_baseline/tmp/v_q_bispinor.h5] 24 hints retained by ROMIO:
  romio_cb_pfr                             = disable
  romio_cb_fr_types                        = aar
  cb_align                                 = 2
  cb_buffer_size                           = 16777216
  romio_cb_fr_alignment                    = 1
  romio_cb_ds_threshold                    = 0
  romio_cb_alltoall                        = automatic
  romio_cb_read                            = automatic
  romio_cb_write                           = automatic
  romio_no_indep_rw                        = false
  romio_ds_write                           = automatic
  ind_wr_buffer_size                       = 524288
  romio_ds_read                            = disable
  ind_rd_buffer_size                       = 4194304
  direct_io                                = false
  striping_factor                          = 4
  striping_unit                            = 1048576
  overstriping_factor                      = 0
  romio_lustre_start_iodevice              = -1
  aggregator_placement_stride              = -1
  abort_on_rw_error                        = disable
  cb_config_list                           = *:*
  cb_nodes                                 = 4
  romio_filesystem_type                    = CRAY ADIO:
[ffi-debug proc=0] name=lorrax_io_committed shape=(4,) dtype=int32 spec=P(('x', 'y'),) offset=(0,) valid_shape=(1,) gshape=(1,) local_shapes=[(1,)]
[phdf5-write rank=0 ds=/lorrax_io_committed id=360287970189639688] extent=[1] offset=[0] count=[1] mem_dims=[1] base=[0] valid=[1] collective=1 oob=0 empty=0
[phdf5 write r0] ds=/lorrax_io_committed bytes/rank=4 coll=1 empty=0  d2h_wait=0.01  spaces=0.04  select=0.00  write=0.30  total=0.35 (ms)  0 MB/s
[ffi-debug proc=0] name=V_qmunu_TT_11 shape=(64, 168, 168) dtype=complex128 spec=P(None, 'x', 'y') offset=(0, 0, 0) valid_shape=(64, 168, 168) gshape=(64, 168, 168) local_shapes=[(64, 84, 84)]
[phdf5-write rank=0 ds=/V_qmunu_TT_11 id=360287970189639689] extent=[64,168,168] offset=[0,0,0] count=[64,84,84] mem_dims=[64,84,84] base=[0,0,0] valid=[64,168,168] collective=1 oob=0 empty=0
[phdf5 write r0] ds=/V_qmunu_TT_11 bytes/rank=7225344 coll=1 empty=0  d2h_wait=0.27  spaces=0.04  select=0.00  write=23.01  total=23.31 (ms)  314 MB/s
  [SlabIO.close] Python dispatch drained in 0.0 s (0.03 GB at 7230760 MB/s); joining writer thread
  [SlabIO.close] writer thread joined in 0.0 s; calling H5Fclose collectively
  [SlabIO.close] H5Fclose returned in 0.0 s
[phdf5.hints /pscratch/sd/j/jackm/sandbox_v2_docs_consolidation_2026-08-14/tmp/worktrees/wt_bisp_prof_s_codex_20260906/runs/Si/100_bisp_parent_route_2026-09-05/prof_s/02_F_cohsex_baseline/tmp/v_q_bispinor.h5] 24 hints retained by ROMIO:
  romio_cb_pfr                             = disable
  romio_cb_fr_types                        = aar
  cb_align                                 = 2
  cb_buffer_size                           = 16777216
  romio_cb_fr_alignment                    = 1
  romio_cb_ds_threshold                    = 0
  romio_cb_alltoall                        = automatic
  romio_cb_read                            = automatic
  romio_cb_write                           = automatic
  romio_no_indep_rw                        = false
  romio_ds_write                           = automatic
  ind_wr_buffer_size                       = 524288
  romio_ds_read                            = disable
  ind_rd_buffer_size                       = 4194304
  direct_io                                = false
  striping_factor                          = 4
  striping_unit                            = 1048576
  overstriping_factor                      = 0
  romio_lustre_start_iodevice              = -1
  aggregator_placement_stride              = -1
  abort_on_rw_error                        = disable
  cb_config_list                           = *:*
  cb_nodes                                 = 4
  romio_filesystem_type                    = CRAY ADIO:
[ffi-debug proc=0] name=lorrax_io_committed shape=(4,) dtype=int32 spec=P(('x', 'y'),) offset=(0,) valid_shape=(1,) gshape=(1,) local_shapes=[(1,)]
[phdf5-write rank=0 ds=/lorrax_io_committed id=360287970189639690] extent=[1] offset=[0] count=[1] mem_dims=[1] base=[0] valid=[1] collective=1 oob=0 empty=0
[phdf5 write r0] ds=/lorrax_io_committed bytes/rank=4 coll=1 empty=0  d2h_wait=0.01  spaces=0.02  select=0.00  write=0.22  total=0.25 (ms)  0 MB/s
[ffi-debug proc=0] name=V_qmunu_TT_22 shape=(64, 168, 168) dtype=complex128 spec=P(None, 'x', 'y') offset=(0, 0, 0) valid_shape=(64, 168, 168) gshape=(64, 168, 168) local_shapes=[(64, 84, 84)]
[phdf5-write rank=0 ds=/V_qmunu_TT_22 id=360287970189639691] extent=[64,168,168] offset=[0,0,0] count=[64,84,84] mem_dims=[64,84,84] base=[0,0,0] valid=[64,168,168] collective=1 oob=0 empty=0
  [SlabIO.close] draining 1 pending writes for v_q_bispinor.h5 …
[phdf5 write r0] ds=/V_qmunu_TT_22 bytes/rank=7225344 coll=1 empty=0  d2h_wait=0.25  spaces=0.01  select=0.00  write=21.28  total=21.54 (ms)  340 MB/s
  [SlabIO.close] Python dispatch drained in 0.0 s (0.03 GB at 1389 MB/s); joining writer thread
  [SlabIO.close] writer thread joined in 0.0 s; calling H5Fclose collectively
  [SlabIO.close] H5Fclose returned in 0.0 s
[phdf5.hints /pscratch/sd/j/jackm/sandbox_v2_docs_consolidation_2026-08-14/tmp/worktrees/wt_bisp_prof_s_codex_20260906/runs/Si/100_bisp_parent_route_2026-09-05/prof_s/02_F_cohsex_baseline/tmp/v_q_bispinor.h5] 24 hints retained by ROMIO:
  romio_cb_pfr                             = disable
  romio_cb_fr_types                        = aar
  cb_align                                 = 2
  cb_buffer_size                           = 16777216
  romio_cb_fr_alignment                    = 1
  romio_cb_ds_threshold                    = 0
  romio_cb_alltoall                        = automatic
  romio_cb_read                            = automatic
  romio_cb_write                           = automatic
  romio_no_indep_rw                        = false
  romio_ds_write                           = automatic
  ind_wr_buffer_size                       = 524288
  romio_ds_read                            = disable
  ind_rd_buffer_size                       = 4194304
  direct_io                                = false
  striping_factor                          = 4
  striping_unit                            = 1048576
  overstriping_factor                      = 0
  romio_lustre_start_iodevice              = -1
  aggregator_placement_stride              = -1
  abort_on_rw_error                        = disable
  cb_config_list                           = *:*
  cb_nodes                                 = 4
  romio_filesystem_type                    = CRAY ADIO:
[ffi-debug proc=0] name=lorrax_io_committed shape=(4,) dtype=int32 spec=P(('x', 'y'),) offset=(0,) valid_shape=(1,) gshape=(1,) local_shapes=[(1,)]
[phdf5-write rank=0 ds=/lorrax_io_committed id=360287970189639692] extent=[1] offset=[0] count=[1] mem_dims=[1] base=[0] valid=[1] collective=1 oob=0 empty=0
[phdf5 write r0] ds=/lorrax_io_committed bytes/rank=4 coll=1 empty=0  d2h_wait=0.01  spaces=0.02  select=0.00  write=0.19  total=0.21 (ms)  0 MB/s
[ffi-debug proc=0] name=V_qmunu_TT_33 shape=(64, 168, 168) dtype=complex128 spec=P(None, 'x', 'y') offset=(0, 0, 0) valid_shape=(64, 168, 168) gshape=(64, 168, 168) local_shapes=[(64, 84, 84)]
[phdf5-write rank=0 ds=/V_qmunu_TT_33 id=360287970189639693] extent=[64,168,168] offset=[0,0,0] count=[64,84,84] mem_dims=[64,84,84] base=[0,0,0] valid=[64,168,168] collective=1 oob=0 empty=0
  [SlabIO.close] draining 1 pending writes for v_q_bispinor.h5 …
[phdf5 write r0] ds=/V_qmunu_TT_33 bytes/rank=7225344 coll=1 empty=0  d2h_wait=0.27  spaces=0.02  select=0.00  write=22.05  total=22.34 (ms)  328 MB/s
  [SlabIO.close] Python dispatch drained in 0.0 s (0.03 GB at 1307 MB/s); joining writer thread
  [SlabIO.close] writer thread joined in 0.0 s; calling H5Fclose collectively
  [SlabIO.close] H5Fclose returned in 0.0 s
[phdf5.hints /pscratch/sd/j/jackm/sandbox_v2_docs_consolidation_2026-08-14/tmp/worktrees/wt_bisp_prof_s_codex_20260906/runs/Si/100_bisp_parent_route_2026-09-05/prof_s/02_F_cohsex_baseline/tmp/v_q_bispinor.h5] 24 hints retained by ROMIO:
  romio_cb_pfr                             = disable
  romio_cb_fr_types                        = aar
  cb_align                                 = 2
  cb_buffer_size                           = 16777216
  romio_cb_fr_alignment                    = 1
  romio_cb_ds_threshold                    = 0
  romio_cb_alltoall                        = automatic
  romio_cb_read                            = automatic
  romio_cb_write                           = automatic
  romio_no_indep_rw                        = false
  romio_ds_write                           = automatic
  ind_wr_buffer_size                       = 524288
  romio_ds_read                            = disable
  ind_rd_buffer_size                       = 4194304
  direct_io                                = false
  striping_factor                          = 4
  striping_unit                            = 1048576
  overstriping_factor                      = 0
  romio_lustre_start_iodevice              = -1
  aggregator_placement_stride              = -1
  abort_on_rw_error                        = disable
  cb_config_list                           = *:*
  cb_nodes                                 = 4
  romio_filesystem_type                    = CRAY ADIO:
[ffi-debug proc=0] name=lorrax_io_committed shape=(4,) dtype=int32 spec=P(('x', 'y'),) offset=(0,) valid_shape=(1,) gshape=(1,) local_shapes=[(1,)]
[phdf5-write rank=0 ds=/lorrax_io_committed id=360287970189639694] extent=[1] offset=[0] count=[1] mem_dims=[1] base=[0] valid=[1] collective=1 oob=0 empty=0
[phdf5 write r0] ds=/lorrax_io_committed bytes/rank=4 coll=1 empty=0  d2h_wait=0.01  spaces=0.02  select=0.00  write=0.18  total=0.20 (ms)  0 MB/s
[ffi-debug proc=0] name=V_qmunu_TT_12 shape=(64, 168, 168) dtype=complex128 spec=P(None, 'x', 'y') offset=(0, 0, 0) valid_shape=(64, 168, 168) gshape=(64, 168, 168) local_shapes=[(64, 84, 84)]
  [SlabIO.close] draining 1 pending writes for v_q_bispinor.h5 …
[phdf5-write rank=0 ds=/V_qmunu_TT_12 id=360287970189639695] extent=[64,168,168] offset=[0,0,0] count=[64,84,84] mem_dims=[64,84,84] base=[0,0,0] valid=[64,168,168] collective=1 oob=0 empty=0
[phdf5 write r0] ds=/V_qmunu_TT_12 bytes/rank=7225344 coll=1 empty=0  d2h_wait=0.28  spaces=0.01  select=0.00  write=22.56  total=22.85 (ms)  320 MB/s
  [SlabIO.close] Python dispatch drained in 0.0 s (0.03 GB at 874 MB/s); joining writer thread
  [SlabIO.close] writer thread joined in 0.0 s; calling H5Fclose collectively
  [SlabIO.close] H5Fclose returned in 0.0 s
[phdf5.hints /pscratch/sd/j/jackm/sandbox_v2_docs_consolidation_2026-08-14/tmp/worktrees/wt_bisp_prof_s_codex_20260906/runs/Si/100_bisp_parent_route_2026-09-05/prof_s/02_F_cohsex_baseline/tmp/v_q_bispinor.h5] 24 hints retained by ROMIO:
  romio_cb_pfr                             = disable
  romio_cb_fr_types                        = aar
  cb_align                                 = 2
  cb_buffer_size                           = 16777216
  romio_cb_fr_alignment                    = 1
  romio_cb_ds_threshold                    = 0
  romio_cb_alltoall                        = automatic
  romio_cb_read                            = automatic
  romio_cb_write                           = automatic
  romio_no_indep_rw                        = false
  romio_ds_write                           = automatic
  ind_wr_buffer_size                       = 524288
  romio_ds_read                            = disable
  ind_rd_buffer_size                       = 4194304
  direct_io                                = false
  striping_factor                          = 4
  striping_unit                            = 1048576
  overstriping_factor                      = 0
  romio_lustre_start_iodevice              = -1
  aggregator_placement_stride              = -1
  abort_on_rw_error                        = disable
  cb_config_list                           = *:*
  cb_nodes                                 = 4
  romio_filesystem_type                    = CRAY ADIO:
[ffi-debug proc=0] name=lorrax_io_committed shape=(4,) dtype=int32 spec=P(('x', 'y'),) offset=(0,) valid_shape=(1,) gshape=(1,) local_shapes=[(1,)]
[phdf5-write rank=0 ds=/lorrax_io_committed id=360287970189639696] extent=[1] offset=[0] count=[1] mem_dims=[1] base=[0] valid=[1] collective=1 oob=0 empty=0
[phdf5 write r0] ds=/lorrax_io_committed bytes/rank=4 coll=1 empty=0  d2h_wait=0.01  spaces=0.02  select=0.00  write=0.19  total=0.22 (ms)  0 MB/s
[ffi-debug proc=0] name=V_qmunu_TT_13 shape=(64, 168, 168) dtype=complex128 spec=P(None, 'x', 'y') offset=(0, 0, 0) valid_shape=(64, 168, 168) gshape=(64, 168, 168) local_shapes=[(64, 84, 84)]
  [SlabIO.close] draining 1 pending writes for v_q_bispinor.h5 …
[phdf5-write rank=0 ds=/V_qmunu_TT_13 id=360287970189639697] extent=[64,168,168] offset=[0,0,0] count=[64,84,84] mem_dims=[64,84,84] base=[0,0,0] valid=[64,168,168] collective=1 oob=0 empty=0
[phdf5 write r0] ds=/V_qmunu_TT_13 bytes/rank=7225344 coll=1 empty=0  d2h_wait=0.28  spaces=0.02  select=0.00  write=22.65  total=22.96 (ms)  319 MB/s
  [SlabIO.close] Python dispatch drained in 0.0 s (0.03 GB at 1000 MB/s); joining writer thread
  [SlabIO.close] writer thread joined in 0.0 s; calling H5Fclose collectively
  [SlabIO.close] H5Fclose returned in 0.0 s
[phdf5.hints /pscratch/sd/j/jackm/sandbox_v2_docs_consolidation_2026-08-14/tmp/worktrees/wt_bisp_prof_s_codex_20260906/runs/Si/100_bisp_parent_route_2026-09-05/prof_s/02_F_cohsex_baseline/tmp/v_q_bispinor.h5] 24 hints retained by ROMIO:
  romio_cb_pfr                             = disable
  romio_cb_fr_types                        = aar
  cb_align                                 = 2
  cb_buffer_size                           = 16777216
  romio_cb_fr_alignment                    = 1
  romio_cb_ds_threshold                    = 0
  romio_cb_alltoall                        = automatic
  romio_cb_read                            = automatic
  romio_cb_write                           = automatic
  romio_no_indep_rw                        = false
  romio_ds_write                           = automatic
  ind_wr_buffer_size                       = 524288
  romio_ds_read                            = disable
  ind_rd_buffer_size                       = 4194304
  direct_io                                = false
  striping_factor                          = 4
  striping_unit                            = 1048576
  overstriping_factor                      = 0
  romio_lustre_start_iodevice              = -1
  aggregator_placement_stride              = -1
  abort_on_rw_error                        = disable
  cb_config_list                           = *:*
  cb_nodes                                 = 4
  romio_filesystem_type                    = CRAY ADIO:
[ffi-debug proc=0] name=lorrax_io_committed shape=(4,) dtype=int32 spec=P(('x', 'y'),) offset=(0,) valid_shape=(1,) gshape=(1,) local_shapes=[(1,)]
[phdf5-write rank=0 ds=/lorrax_io_committed id=360287970189639698] extent=[1] offset=[0] count=[1] mem_dims=[1] base=[0] valid=[1] collective=1 oob=0 empty=0
[phdf5 write r0] ds=/lorrax_io_committed bytes/rank=4 coll=1 empty=0  d2h_wait=0.01  spaces=0.02  select=0.00  write=0.22  total=0.25 (ms)  0 MB/s
[ffi-debug proc=0] name=V_qmunu_TT_23 shape=(64, 168, 168) dtype=complex128 spec=P(None, 'x', 'y') offset=(0, 0, 0) valid_shape=(64, 168, 168) gshape=(64, 168, 168) local_shapes=[(64, 84, 84)]
  [SlabIO.close] draining 1 pending writes for v_q_bispinor.h5 …
[phdf5-write rank=0 ds=/V_qmunu_TT_23 id=360287970189639699] extent=[64,168,168] offset=[0,0,0] count=[64,84,84] mem_dims=[64,84,84] base=[0,0,0] valid=[64,168,168] collective=1 oob=0 empty=0
[phdf5 write r0] ds=/V_qmunu_TT_23 bytes/rank=7225344 coll=1 empty=0  d2h_wait=0.27  spaces=0.02  select=0.00  write=21.62  total=21.91 (ms)  334 MB/s
  [SlabIO.close] Python dispatch drained in 0.0 s (0.03 GB at 1048 MB/s); joining writer thread
  [SlabIO.close] writer thread joined in 0.0 s; calling H5Fclose collectively
  [SlabIO.close] H5Fclose returned in 0.0 s
  [SlabIO.close] Python dispatch drained in 0.0 s (no queued data); joining writer thread
  [SlabIO.close] writer thread joined in 0.0 s; calling H5Fclose collectively
  [SlabIO.close] H5Fclose returned in 0.0 s
  [SlabIO.close] Python dispatch drained in 0.0 s (no queued data); joining writer thread
  [SlabIO.close] writer thread joined in 0.0 s; calling H5Fclose collectively
  [SlabIO.close] H5Fclose returned in 0.0 s
  [SlabIO.close] Python dispatch drained in 0.0 s (no queued data); joining writer thread
  [SlabIO.close] writer thread joined in 0.0 s; calling H5Fclose collectively
  [SlabIO.close] H5Fclose returned in 0.0 s
  [SlabIO.close] Python dispatch drained in 0.0 s (no queued data); joining writer thread
  [SlabIO.close] writer thread joined in 0.0 s; calling H5Fclose collectively
  [SlabIO.close] H5Fclose returned in 0.0 s
[stage 01:37:17]   <- gw_jax.V_q_compute  5.2 s
  [SlabIO.phdf5_ffi] v_q_bispinor.h5 mode=r bytes=418978468 file stripe_count=4 stripe_size=1048576 B cb_nodes=4/4 (the file's inode, not write policy).
[phdf5.hints /pscratch/sd/j/jackm/sandbox_v2_docs_consolidation_2026-08-14/tmp/worktrees/wt_bisp_prof_s_codex_20260906/runs/Si/100_bisp_parent_route_2026-09-05/prof_s/02_F_cohsex_baseline/tmp/v_q_bispinor.h5] 24 hints retained by ROMIO:
  romio_cb_pfr                             = disable
  romio_cb_fr_types                        = aar
  cb_align                                 = 2
  cb_buffer_size                           = 16777216
  romio_cb_fr_alignment                    = 1
  romio_cb_ds_threshold                    = 0
  romio_cb_alltoall                        = automatic
  romio_cb_read                            = automatic
  romio_cb_write                           = automatic
  romio_no_indep_rw                        = false
  romio_ds_write                           = automatic
  ind_wr_buffer_size                       = 524288
  romio_ds_read                            = disable
  ind_rd_buffer_size                       = 4194304
  direct_io                                = false
  striping_factor                          = 4
  striping_unit                            = 1048576
  overstriping_factor                      = 0
  romio_lustre_start_iodevice              = -1
  aggregator_placement_stride              = -1
  abort_on_rw_error                        = disable
  cb_config_list                           = *:*
  cb_nodes                                 = 4
  romio_filesystem_type                    = CRAY ADIO:
  [SlabIO.close] Python dispatch drained in 0.0 s (no queued data); joining writer thread
  [SlabIO.close] writer thread joined in 0.0 s; calling H5Fclose collectively
  [SlabIO.close] H5Fclose returned in 0.0 s

  V_q computed:
    Shape: (64, 480, 480)
    V_q=0 trace: 19866200.3589
[mem_probe post_v_q] in_use=0.12 GB  peak=0.66 GB  live_count=64 live_total=0.50 GB  nvsmi=2.53 GB nvsmi_peak=2.53 GB
[mem_probe post_v_q]   complex128 (64, 480, 480) x 1 = 0.24 GB
[mem_probe post_v_q]   complex128 (64, 4, 480, 32) x 1 = 0.06 GB
[mem_probe post_v_q]   complex128 (64, 32, 4, 480) x 1 = 0.06 GB
[mem_probe post_v_q]   complex128 (64, 240, 240) x 1 = 0.06 GB
[mem_probe post_v_q]   complex128 (8, 480, 480) x 1 = 0.03 GB
[mem_probe post_v_q]   complex128 (64, 4, 168, 32) x 1 = 0.02 GB
[mem_probe post_v_q]   complex128 (64, 32, 4, 168) x 1 = 0.02 GB
[mem_probe post_v_q]   int32 (64, 24, 24, 24) x 1 = 0.00 GB
[mem_probe post_v_q]   int32 (96, 480) x 2 = 0.00 GB
[mem_probe post_v_q]   float64 (64, 128) x 2 = 0.00 GB
  [restart_write] restart_q_storage=auto -> ibz (centroid set is orbit-closed (worst residual 4.596e-16 at tol 1.0e-05) and the q path reduced)
  [SlabIO.phdf5_ffi] isdf_tensors_480.h5 mode=w ranks=4 stripe_count=4 stripe_unit=1048576 B (policy; LORRAX_PHDF5_STRIPE_COUNT/_SIZE_FS override)
[phdf5.hints /pscratch/sd/j/jackm/sandbox_v2_docs_consolidation_2026-08-14/tmp/worktrees/wt_bisp_prof_s_codex_20260906/runs/Si/100_bisp_parent_route_2026-09-05/prof_s/02_F_cohsex_baseline/tmp/isdf_tensors_480.h5] 24 hints retained by ROMIO:
  romio_cb_pfr                             = disable
  romio_cb_fr_types                        = aar
  cb_align                                 = 2
  cb_buffer_size                           = 16777216
  romio_cb_fr_alignment                    = 1
  romio_cb_ds_threshold                    = 0
  romio_cb_alltoall                        = automatic
  romio_cb_read                            = automatic
  romio_cb_write                           = automatic
  romio_no_indep_rw                        = false
  romio_ds_write                           = automatic
  ind_wr_buffer_size                       = 524288
  romio_ds_read                            = disable
  ind_rd_buffer_size                       = 4194304
  direct_io                                = false
  striping_factor                          = 4
  striping_unit                            = 1048576
  overstriping_factor                      = 0
  romio_lustre_start_iodevice              = -1
  aggregator_placement_stride              = -1
  abort_on_rw_error                        = disable
  cb_config_list                           = *:*
  cb_nodes                                 = 4
  romio_filesystem_type                    = CRAY ADIO:
[ffi-debug proc=0] name=lorrax_io_committed shape=(4,) dtype=int32 spec=P(('x', 'y'),) offset=(0,) valid_shape=(1,) gshape=(1,) local_shapes=[(1,)]
[phdf5-write rank=0 ds=/lorrax_io_committed id=360287970189639701] extent=[1] offset=[0] count=[1] mem_dims=[1] base=[0] valid=[1] collective=1 oob=0 empty=0
[phdf5 write r0] ds=/lorrax_io_committed bytes/rank=4 coll=1 empty=0  d2h_wait=0.01  spaces=0.04  select=0.00  write=1.21  total=1.26 (ms)  0 MB/s
[ffi-debug proc=0] name=V_qmunu shape=(8, 480, 480) dtype=complex128 spec=P(None, 'x', 'y') offset=(0, 0, 0) valid_shape=(8, 480, 480) gshape=(8, 480, 480) local_shapes=[(8, 240, 240)]
  [restart_write] V_qmunu (8, 480, 480) 0.03 GB QUEUED in 0.0 s (transfer time and rate: see the SlabIO.close drain line)
[phdf5-write rank=0 ds=/V_qmunu id=360287970189639702] extent=[8,480,480] offset=[0,0,0] count=[8,240,240] mem_dims=[8,240,240] base=[0,0,0] valid=[8,480,480] collective=1 oob=0 empty=0
[phdf5 write r0] ds=/V_qmunu bytes/rank=7372800 coll=1 empty=0  d2h_wait=0.27  spaces=0.03  select=0.00  write=21.89  total=22.20 (ms)  337 MB/s
  [SlabIO.flush] isdf_tensors_480.h5: 0.03 GB written in 0.1 s (565 MB/s) before creating 'G0_mu_nu'
[ffi-debug proc=0] name=G0_mu_nu shape=(480,) dtype=complex128 spec=P(None,) offset=(0,) valid_shape=(480,) gshape=(480,) local_shapes=[(480,)]
  [restart_write] G0_mu_nu (480,) 0.00 GB QUEUED in 0.1 s (transfer time and rate: see the SlabIO.close drain line)
[phdf5-write rank=0 ds=/G0_mu_nu id=360287970189639703] extent=[480] offset=[0] count=[480] mem_dims=[480] base=[0] valid=[480] collective=1 oob=0 empty=0
[phdf5 write r0] ds=/G0_mu_nu bytes/rank=7680 coll=1 empty=0  d2h_wait=0.01  spaces=0.03  select=0.00  write=0.53  total=0.57 (ms)  15 MB/s
  [SlabIO.flush] isdf_tensors_480.h5: 0.00 GB written in 0.0 s (0 MB/s) before creating 'enk_full'
[ffi-debug proc=0] name=enk_full shape=(64, 32) dtype=float64 spec=P(None, None) offset=(0, 0) valid_shape=(64, 32) gshape=(64, 32) local_shapes=[(64, 32)]
  [restart_write] enk_full (64, 32) 0.00 GB QUEUED in 0.0 s (transfer time and rate: see the SlabIO.close drain line)
[phdf5-write rank=0 ds=/enk_full id=360287970189639704] extent=[64,32] offset=[0,0] count=[64,32] mem_dims=[64,32] base=[0,0] valid=[64,32] collective=1 oob=0 empty=0
[phdf5 write r0] ds=/enk_full bytes/rank=16384 coll=1 empty=0  d2h_wait=0.01  spaces=0.03  select=0.00  write=0.59  total=0.63 (ms)  28 MB/s
  [SlabIO.flush] isdf_tensors_480.h5: 0.00 GB written in 0.0 s (1 MB/s) before creating 'W0_qmunu'
  [restart_write] W0_qmunu placeholder ALLOCATED (8, 480, 480) 0.03 GB in 0.0 s (no data written)
  [SlabIO.close] Python dispatch drained in 0.0 s (no queued data); joining writer thread
  [SlabIO.close] writer thread joined in 0.0 s; calling H5Fclose collectively
  [SlabIO.close] H5Fclose returned in 0.0 s
[phdf5.hints /pscratch/sd/j/jackm/sandbox_v2_docs_consolidation_2026-08-14/tmp/worktrees/wt_bisp_prof_s_codex_20260906/runs/Si/100_bisp_parent_route_2026-09-05/prof_s/02_F_cohsex_baseline/tmp/isdf_tensors_480.h5] 24 hints retained by ROMIO:
  romio_cb_pfr                             = disable
  romio_cb_fr_types                        = aar
  cb_align                                 = 2
  cb_buffer_size                           = 16777216
  romio_cb_fr_alignment                    = 1
  romio_cb_ds_threshold                    = 0
  romio_cb_alltoall                        = automatic
  romio_cb_read                            = automatic
  romio_cb_write                           = automatic
  romio_no_indep_rw                        = false
  romio_ds_write                           = automatic
  ind_wr_buffer_size                       = 524288
  romio_ds_read                            = disable
  ind_rd_buffer_size                       = 4194304
  direct_io                                = false
  striping_factor                          = 4
  striping_unit                            = 1048576
  overstriping_factor                      = 0
  romio_lustre_start_iodevice              = -1
  aggregator_placement_stride              = -1
  abort_on_rw_error                        = disable
  cb_config_list                           = *:*
  cb_nodes                                 = 4
  romio_filesystem_type                    = CRAY ADIO:
[ffi-debug proc=0] name=lorrax_io_committed shape=(4,) dtype=int32 spec=P(('x', 'y'),) offset=(0,) valid_shape=(1,) gshape=(1,) local_shapes=[(1,)]
[phdf5-write rank=0 ds=/lorrax_io_committed id=360287970189639706] extent=[1] offset=[0] count=[1] mem_dims=[1] base=[0] valid=[1] collective=1 oob=0 empty=0
[phdf5 write r0] ds=/lorrax_io_committed bytes/rank=4 coll=1 empty=0  d2h_wait=0.01  spaces=0.03  select=0.00  write=0.23  total=0.26 (ms)  0 MB/s
[ffi-debug proc=0] name=psi_full_y shape=(64, 32, 4, 480) dtype=complex128 spec=P(None, 'x', None, 'y') offset=(0, 0, 0, 0) valid_shape=(64, 32, 4, 480) gshape=(64, 32, 4, 480) local_shapes=[(64, 16, 4, 240)]
  [restart_write] psi_full_y (64, 32, 4, 480) 0.06 GB QUEUED in 0.0 s (transfer time and rate: see the SlabIO.close drain line)
[phdf5-write rank=0 ds=/psi_full_y id=360287970189639707] extent=[64,32,4,480] offset=[0,0,0,0] count=[64,16,4,240] mem_dims=[64,16,4,240] base=[0,0,0,0] valid=[64,32,4,480] collective=1 oob=0 empty=0
[phdf5 write r0] ds=/psi_full_y bytes/rank=15728640 coll=1 empty=0  d2h_wait=0.58  spaces=0.02  select=0.00  write=46.70  total=47.31 (ms)  337 MB/s
  [SlabIO.flush] isdf_tensors_480.h5: 0.06 GB written in 0.1 s (781 MB/s) before creating 'psi_full_y_mun'
[ffi-debug proc=0] name=psi_full_y_mun shape=(64, 4, 480, 32) dtype=complex128 spec=P(None, None, 'x', 'y') offset=(0, 0, 0, 0) valid_shape=(64, 4, 480, 32) gshape=(64, 4, 480, 32) local_shapes=[(64, 4, 240, 16)]
  [restart_write] psi_full_y_mun (64, 4, 480, 32) 0.06 GB QUEUED in 0.1 s (transfer time and rate: see the SlabIO.close drain line)
[phdf5-write rank=0 ds=/psi_full_y_mun id=360287970189639708] extent=[64,4,480,32] offset=[0,0,0,0] count=[64,4,240,16] mem_dims=[64,4,240,16] base=[0,0,0,0] valid=[64,4,480,32] collective=1 oob=0 empty=0
[phdf5 write r0] ds=/psi_full_y_mun bytes/rank=15728640 coll=1 empty=0  d2h_wait=0.60  spaces=0.03  select=0.00  write=62.49  total=63.13 (ms)  252 MB/s
  [SlabIO.flush] isdf_tensors_480.h5: 0.06 GB written in 0.1 s (761 MB/s) before creating 'psi_full_y_transverse'
[ffi-debug proc=0] name=psi_full_y_transverse shape=(64, 32, 4, 168) dtype=complex128 spec=P(None, 'x', None, 'y') offset=(0, 0, 0, 0) valid_shape=(64, 32, 4, 168) gshape=(64, 32, 4, 168) local_shapes=[(64, 16, 4, 84)]
  [restart_write] psi_full_y_transverse (64, 32, 4, 168) 0.02 GB QUEUED in 0.1 s (transfer time and rate: see the SlabIO.close drain line)
[phdf5-write rank=0 ds=/psi_full_y_transverse id=360287970189639709] extent=[64,32,4,168] offset=[0,0,0,0] count=[64,16,4,84] mem_dims=[64,16,4,84] base=[0,0,0,0] valid=[64,32,4,168] collective=1 oob=0 empty=0
[phdf5 write r0] ds=/psi_full_y_transverse bytes/rank=5505024 coll=1 empty=0  d2h_wait=0.20  spaces=0.03  select=0.00  write=20.62  total=20.85 (ms)  267 MB/s
  [SlabIO.flush] isdf_tensors_480.h5: 0.02 GB written in 0.0 s (551 MB/s) before creating 'psi_full_y_transverse_mun'
[ffi-debug proc=0] name=psi_full_y_transverse_mun shape=(64, 4, 168, 32) dtype=complex128 spec=P(None, None, 'x', 'y') offset=(0, 0, 0, 0) valid_shape=(64, 4, 168, 32) gshape=(64, 4, 168, 32) local_shapes=[(64, 4, 84, 16)]
  [restart_write] psi_full_y_transverse_mun (64, 4, 168, 32) 0.02 GB QUEUED in 0.0 s (transfer time and rate: see the SlabIO.close drain line)
  [SlabIO.close] draining 1 pending writes for isdf_tensors_480.h5 …
[phdf5-write rank=0 ds=/psi_full_y_transverse_mun id=360287970189639710] extent=[64,4,168,32] offset=[0,0,0,0] count=[64,4,84,16] mem_dims=[64,4,84,16] base=[0,0,0,0] valid=[64,4,168,32] collective=1 oob=0 empty=0
[phdf5 write r0] ds=/psi_full_y_transverse_mun bytes/rank=5505024 coll=1 empty=0  d2h_wait=0.20  spaces=0.03  select=0.00  write=20.38  total=20.61 (ms)  270 MB/s
  [SlabIO.close] Python dispatch drained in 0.0 s (0.02 GB at 557 MB/s); joining writer thread
  [SlabIO.close] writer thread joined in 0.0 s; calling H5Fclose collectively
  [SlabIO.close] H5Fclose returned in 0.0 s
  Chunked ISDF path complete
[stage 01:37:20] <- ISDF basis + wavefunctions  11.5 s
[stage 01:37:20] -> minimax tau-axis
  Minimax static window: x=[4.973385e-02, 2.578209e+00] Ry, R=51.84, nodes=13, fit_err~3.637e-07  [shipped noncrossing/noncrossing_R_256p000000_eps_3p0em08.npz sha256:0b273da6a5575900 gen tools/generate_minimax_assets.py@c55621b24069 backend cpu:numpy-2.5.2/scipy-1.18.0/python-3.12.12/id-aa3cd1db8d8f CERTIFIED]/pscratch/sd/j/jackm/sandbox_v2_docs_consolidation_2026-08-14/tmp/worktrees/wt_main_de8dcfbc_fixed/services/minimax/src/minimax/door.py:449: RuntimeWarning: minimax: served noncrossing/inverse R=51.8401 target 5e-08 -> 13 nodes, max_err 1.81e-08, kappa0 1 | shipped noncrossing/noncrossing_R_256p000000_eps_3p0em08.npz sha256:0b273da6a5575900 gen tools/generate_minimax_assets.py@c55621b24069 backend cpu:numpy-2.5.2/scipy-1.18.0/python-3.12.12/id-aa3cd1db8d8f CERTIFIED
  return lookup(family=family, target=target,

[stage 01:37:20] <- minimax tau-axis  0.1 s
[stage 01:37:20] -> screening (chi0 -> W)
Started screening (chi0 -> W) at 01:37:20.
[stage 01:37:20]   -> gw_jax.chi0_W
[stage 01:37:20]     -> W[static] chi0 compile
  [distrib_la] shard_map via jax.shard_map (jax 0.9.1)
[lorrax cusolverMp] library 0.9.1, NCCL 2.29.3, comm path: NCCL, grid: 2x2 (row-major)
[lorrax cuBLASMp] library 1.0.0, comm path: NCCL
[stage 01:37:22]     <- W[static] chi0 compile  1.4 s
[stage 01:37:22]     -> W[static] chi0 build (13 tau nodes, 64 q, mu=480)
[cufft_flat_k] flat_k first call: nk=(4,4,4) T=921600 fwd=1 scale=1.250000e-01 inplace=1
[cufft_flat_k] plan dims=(4,4,4) stride=921600 batch=921600 workspace=0.0 MB
[cufft_flat_k] workspace arena -> 0.0 MB
[cufft_flat_k] NVRTC kernels compiled for sm_80 (20200 B cubin, device 0)
[cufft_flat_k] plan dims=(4,4,4) stride=57600 batch=57600 workspace=0.0 MB
[stage 01:37:23]     <- W[static] chi0 build (13 tau nodes, 64 q, mu=480)  0.9 s
[stage 01:37:23]     -> W.slice_to_ibz
[stage 01:37:23]     <- W.slice_to_ibz  0.2 s
[stage 01:37:23]     -> W[static] Dyson compile
[stage 01:37:23]     <- W[static] Dyson compile  0.2 s
[stage 01:37:23]     -> W[static] Dyson solve (8 q, mu=480, IBZ wedge)
[stage 01:37:23]     <- W[static] Dyson solve (8 q, mu=480, IBZ wedge)  0.0 s
[stage 01:37:23]     -> W.unfold_to_full_bz
q-grid TRS policy [W[W[static]] RPA]: time reversal MEASURED to hold; 28 of 64 q rows use a TRS-composed partner so q and -q share one spatial realization, and 8 self-negative q rows carry the one-element TRS projector.
  sanity[W[W[static]] IBZ parents]: parent point-group covariance = 1.889e-07 (37/73 little-group ops over 3 parent(s)).  fixed-q TRS projector removed 0.000e+00 (relative).
[stage 01:37:25]     <- W.unfold_to_full_bz  1.6 s
[stage 01:37:25]   <- gw_jax.chi0_W  4.3 s
[stage 01:37:25]   -> W.gate
[stage 01:37:26]   <- W.gate  1.1 s
[ 01:37:26 | ██████████ | 100% ] W role 1 / 1 · ETA 0 s
Finished screening (chi0 -> W) at 01:37:26.  Elapsed: 5 s.
[stage 01:37:26]   -> W.restore_spilled_roles
[stage 01:37:26]   <- W.restore_spilled_roles  0.0 s
[stage 01:37:26] <- screening (chi0 -> W)  5.4 s
[stage 01:37:26] -> gw_jax.persist_w0
[stage 01:37:26]   -> persist_w0.head_static
[stage 01:37:26]   <- persist_w0.head_static  0.0 s
[stage 01:37:26]   -> persist_w0.resolve
  [restart_write] restart_q_storage=auto -> ibz (centroid set is orbit-closed (worst residual 4.596e-16 at tol 1.0e-05) and the q path reduced)
[stage 01:37:26]   <- persist_w0.resolve  0.0 s
[stage 01:37:26]   -> persist_w0.write_w0
[phdf5.hints /pscratch/sd/j/jackm/sandbox_v2_docs_consolidation_2026-08-14/tmp/worktrees/wt_bisp_prof_s_codex_20260906/runs/Si/100_bisp_parent_route_2026-09-05/prof_s/02_F_cohsex_baseline/tmp/isdf_tensors_480.h5] 24 hints retained by ROMIO:
  romio_cb_pfr                             = disable
  romio_cb_fr_types                        = aar
  cb_align                                 = 2
  cb_buffer_size                           = 16777216
  romio_cb_fr_alignment                    = 1
  romio_cb_ds_threshold                    = 0
  romio_cb_alltoall                        = automatic
  romio_cb_read                            = automatic
  romio_cb_write                           = automatic
  romio_no_indep_rw                        = false
  romio_ds_write                           = automatic
  ind_wr_buffer_size                       = 524288
  romio_ds_read                            = disable
  ind_rd_buffer_size                       = 4194304
  direct_io                                = false
  striping_factor                          = 4
  striping_unit                            = 1048576
  overstriping_factor                      = 0
  romio_lustre_start_iodevice              = -1
  aggregator_placement_stride              = -1
  abort_on_rw_error                        = disable
  cb_config_list                           = *:*
  cb_nodes                                 = 4
  romio_filesystem_type                    = CRAY ADIO:
[ffi-debug proc=0] name=lorrax_io_committed shape=(4,) dtype=int32 spec=P(('x', 'y'),) offset=(0,) valid_shape=(1,) gshape=(1,) local_shapes=[(1,)]
[phdf5-write rank=0 ds=/lorrax_io_committed id=360287970189639711] extent=[1] offset=[0] count=[1] mem_dims=[1] base=[0] valid=[1] collective=1 oob=0 empty=0
[phdf5 write r0] ds=/lorrax_io_committed bytes/rank=4 coll=1 empty=0  d2h_wait=0.01  spaces=0.05  select=0.00  write=0.28  total=0.34 (ms)  0 MB/s
[ffi-debug proc=0] name=W0_qmunu shape=(8, 480, 480) dtype=complex128 spec=P(None, 'x', 'y') offset=(0, 0, 0) valid_shape=(8, 480, 480) gshape=(8, 480, 480) local_shapes=[(8, 240, 240)]
  [restart_write] W0_qmunu (8, 480, 480) 0.03 GB QUEUED in 0.0 s (transfer time and rate: see the SlabIO.close drain line)
  [SlabIO.close] draining 1 pending writes for isdf_tensors_480.h5 …
[phdf5-write rank=0 ds=/W0_qmunu id=360287970189639712] extent=[8,480,480] offset=[0,0,0] count=[8,240,240] mem_dims=[8,240,240] base=[0,0,0] valid=[8,480,480] collective=1 oob=0 empty=0
[phdf5 write r0] ds=/W0_qmunu bytes/rank=7372800 coll=1 empty=0  d2h_wait=0.27  spaces=0.03  select=0.00  write=20.15  total=20.45 (ms)  366 MB/s
  [SlabIO.close] Python dispatch drained in 0.0 s (0.03 GB at 1051 MB/s); joining writer thread
  [SlabIO.close] writer thread joined in 0.0 s; calling H5Fclose collectively
  [SlabIO.close] H5Fclose returned in 0.0 s
[stage 01:37:26]   <- persist_w0.write_w0  0.1 s
[stage 01:37:26]   -> persist_w0.write_head
[stage 01:37:26]   <- persist_w0.write_head  0.0 s
  Persisted W0_qmunu + q=0 head scalars: vhead=0.000 a.u.,  whead[ω=0]=0.000 a.u.
[stage 01:37:26] <- gw_jax.persist_w0  0.1 s
[stage 01:37:26] -> gw_jax.sigma
[fft_ffi] flat-k 3-D FFTs -> cuFFT strided CUDA FFI handler (lorrax_mklfft_gw_conv): cufftPlanMany64 advanced layout (istride=T, idist=1 — the stride-descriptor analog) reading the dot-layout tile in place; jnp.fft norm scales applied by a fused device kernel.
[cufft_flat_k] gw_conv first call: nk=(4,4,4) G trail (a=4,mx=240,b=4,my=240) Tg=921600 Tv=57600 scale_i=1.250000e-01 scale_f=-1.562500e-02 aliased=1 vr_arena=59.0 MB
[cufft_flat_k] V_R arena -> 59.0 MB
  Σ^B transverse ψ inventory (layout='face'): 0.0110 GB/rank (psi_nmu=0.0055 GB, psi_mun=0.0055 GB) — doubles whichever primary-bundle psi inventory this run already carries
[phdf5.hints /pscratch/sd/j/jackm/sandbox_v2_docs_consolidation_2026-08-14/tmp/worktrees/wt_bisp_prof_s_codex_20260906/runs/Si/100_bisp_parent_route_2026-09-05/prof_s/02_F_cohsex_baseline/tmp/v_q_bispinor.h5] 24 hints retained by ROMIO:
  romio_cb_pfr                             = disable
  romio_cb_fr_types                        = aar
  cb_align                                 = 2
  cb_buffer_size                           = 16777216
  romio_cb_fr_alignment                    = 1
  romio_cb_ds_threshold                    = 0
  romio_cb_alltoall                        = automatic
  romio_cb_read                            = automatic
  romio_cb_write                           = automatic
  romio_no_indep_rw                        = false
  romio_ds_write                           = automatic
  ind_wr_buffer_size                       = 524288
  romio_ds_read                            = disable
  ind_rd_buffer_size                       = 4194304
  direct_io                                = false
  striping_factor                          = 4
  striping_unit                            = 1048576
  overstriping_factor                      = 0
  romio_lustre_start_iodevice              = -1
  aggregator_placement_stride              = -1
  abort_on_rw_error                        = disable
  cb_config_list                           = *:*
  cb_nodes                                 = 4
  romio_filesystem_type                    = CRAY ADIO:
[cufft_flat_k] plan dims=(4,4,4) stride=7056 batch=7056 workspace=0.0 MB
[cufft_flat_k] plan dims=(4,4,4) stride=112896 batch=112896 workspace=0.0 MB
  Σ^B tile (μ_L=1, ν_L=1): tr Σ = +0.173586 eV
  Σ^B tile (μ_L=1, ν_L=2): tr Σ = +0.010382 eV
  Σ^B tile (μ_L=1, ν_L=3): tr Σ = +0.010382 eV
  Σ^B tile (μ_L=2, ν_L=1): tr Σ = +0.010382 eV
  Σ^B tile (μ_L=2, ν_L=2): tr Σ = +0.173586 eV
  Σ^B tile (μ_L=2, ν_L=3): tr Σ = +0.010382 eV
  Σ^B tile (μ_L=3, ν_L=1): tr Σ = +0.010382 eV
  Σ^B tile (μ_L=3, ν_L=2): tr Σ = +0.010382 eV
  Σ^B tile (μ_L=3, ν_L=3): tr Σ = +0.173586 eV
  [SlabIO.close] Python dispatch drained in 0.0 s (no queued data); joining writer thread
  [SlabIO.close] writer thread joined in 0.0 s; calling H5Fclose collectively
  [SlabIO.close] H5Fclose returned in 0.0 s
  V_H: exact FFT-grid matrix built live in G-space (ρ: one psum; Poisson: replicated; matrix elements: two-axis band sharded; star broadcast stays on device).
[stage 01:37:31]   -> vh_collective_bootstrap
[stage 01:37:31]   <- vh_collective_bootstrap  0.0 s

Building valence density from 8 occupied bands (P=4, 64 k-points)...
[stage 01:37:31]   -> vh_rho
    rho + signed J/c sweep: 64 (k, band-chunk) items over P=4 ranks; this rank has 16
    rho: item 1/16 (k=1/64, bands [0,8))...
[stage 01:37:32]     -> vh_rho_psum
[stage 01:37:32]     <- vh_rho_psum  0.0 s
[stage 01:37:32]   <- vh_rho  0.6 s
    Dirac-current G=0 diagnostic (J=j/c; gauged V_NL current is absent): ||J0||=7.224419e-15, ||J||=7.238335e-12, ratio=9.980774e-04; periodic TT sets G=0 to zero
    Dirac-current symmetry projection: rows=96 (antiunitary=48), movement=1.000000e+00, residual=0.000000e+00 <= 1.364242e-12 (delta_R=0.000000e+00 + floating=1.364242e-12); alpha.A matrix remains on the authenticated star wedge
[stage 01:37:32]   -> vh_transverse_field
[stage 01:37:35]   <- vh_transverse_field  2.7 s
    rho symmetrisation: 48 space-group operations, max|Δρ|/max|ρ| = 1.240e-10
    rho normalisation: ∫ρ d³r = 8.000082 e (expected 8.000000, rel err 1.03e-05)
    Hartree Coulomb: 3D periodic
    Hartree energy (½∫ρV_H) = 1.118520 Ry
[phdf5 kchunk-union r0] n_k=8 bytes/rank=1204224  prev_h2d_wait=0.02  pin+zero=0.09  spaces=0.03  select=0.02  read=4.10  h2d_setup=0.09  total=4.34 (ms)  [selected_elts=145120]

⟨mk|V_H|nk⟩ + <m|sum_i alpha_i A_i|n>: one k-scan over 8 STAR-WEDGE k-points (broadcast to 64 full-BZ k), 32 bands sharded over P=4; charge nspinor=4...
[stage 01:37:37]   -> vh_matrix
[stage 01:37:37]     -> mtxel.sweep
[stage 01:37:37]     <- mtxel.sweep  0.3 s
[stage 01:37:37]   <- vh_matrix  0.4 s
[stage 01:37:37]   -> vh_transverse_matrix_boundary
[stage 01:37:37]   <- vh_transverse_matrix_boundary  0.0 s
[stage 01:37:37] <- gw_jax.sigma  11.4 s
  Bare Σ_X diagonal (eV), k=0: -14.4611  -14.4611  -10.1123  -10.1123  -10.0871  -10.0871  -10.0871  -10.0871
  kin_ion: pristine T+V_loc+V_NL; Hartree is built live in G-space.
  [SlabIO.phdf5_ffi] kin_ion.h5 mode=r bytes=139560 file stripe_count=1 stripe_size=1048576 B cb_nodes=1/4 (the file's inode, not write policy). WARNING: one-stripe inode forces cb_nodes=1 and a single read aggregator at every rank count; create the destination directory with the intended layout before producing the file or make a separately authenticated migrated copy
[phdf5.hints /pscratch/sd/j/jackm/sandbox_v2_docs_consolidation_2026-08-14/runs/Si/100_bisp_parent_route_2026-09-05/02_preprocess/kin_ion.h5] 24 hints retained by ROMIO:
  romio_cb_pfr                             = disable
  romio_cb_fr_types                        = aar
  cb_align                                 = 2
  cb_buffer_size                           = 16777216
  romio_cb_fr_alignment                    = 1
  romio_cb_ds_threshold                    = 0
  romio_cb_alltoall                        = automatic
  romio_cb_read                            = automatic
  romio_cb_write                           = automatic
  romio_no_indep_rw                        = false
  romio_ds_write                           = automatic
  ind_wr_buffer_size                       = 524288
  romio_ds_read                            = disable
  ind_rd_buffer_size                       = 4194304
  direct_io                                = false
  striping_factor                          = 1
  striping_unit                            = 1048576
  overstriping_factor                      = 0
  romio_lustre_start_iodevice              = -1
  aggregator_placement_stride              = -1
  abort_on_rw_error                        = disable
  cb_config_list                           = *:*
  cb_nodes                                 = 1
  romio_filesystem_type                    = CRAY ADIO:
  [SlabIO.close] Python dispatch drained in 0.0 s (no queued data); joining writer thread
  [SlabIO.close] writer thread joined in 0.0 s; calling H5Fclose collectively
  [SlabIO.close] H5Fclose returned in 0.0 s
[stage 01:37:38] -> gw_jax.solve_qp
[stage 01:37:38] <- gw_jax.solve_qp  0.0 s
[stage 01:37:39] -> gw_jax.qp_eigh
[stage 01:37:39] <- gw_jax.qp_eigh  0.3 s
  QP WFN (one-shot): skipped — Σ on 64 k-points but WFN carries 8 (IBZ); the one-shot dump only supports IBZ-Σ. Set debug.write_wfn_h5=false to silence.
  H0 check: implied Vxc = E_DFT - (kin_ion + V_H[exact, live G-space]) in [-11.726, -6.601] eV over 256 (k,n)
  qp_wfn_rotations: k_storage='auto' -> FULL BZ; the full-BZ rows are not the unfold of the wedge rows (E_qp_nk_hartree max|Δ| = 3.363809e-11, E_qp_nk_rydberg max|Δ| = 6.727618e-11, U_mnk max|Δ| = 1.950961e+00).

  Sigma diag:   /pscratch/sd/j/jackm/sandbox_v2_docs_consolidation_2026-08-14/tmp/worktrees/wt_bisp_prof_s_codex_20260906/runs/Si/100_bisp_parent_route_2026-09-05/prof_s/02_F_cohsex_baseline/sigma_diag.dat
  BGW eqp0:     /pscratch/sd/j/jackm/sandbox_v2_docs_consolidation_2026-08-14/tmp/worktrees/wt_bisp_prof_s_codex_20260906/runs/Si/100_bisp_parent_route_2026-09-05/prof_s/02_F_cohsex_baseline/eqp0.dat
  BGW eqp1:     /pscratch/sd/j/jackm/sandbox_v2_docs_consolidation_2026-08-14/tmp/worktrees/wt_bisp_prof_s_codex_20260906/runs/Si/100_bisp_parent_route_2026-09-05/prof_s/02_F_cohsex_baseline/eqp1.dat
  Restart:      /pscratch/sd/j/jackm/sandbox_v2_docs_consolidation_2026-08-14/tmp/worktrees/wt_bisp_prof_s_codex_20260906/runs/Si/100_bisp_parent_route_2026-09-05/prof_s/02_F_cohsex_baseline/tmp/isdf_tensors_480.h5

--- Timing ---
Total recorded: 37.532 s
Section                                            Count    Total[s]     Self[s]      %
gw_jax.startup                                         1       0.239       0.239    0.6
gw_jax.isdf                                            1      11.519       3.241   30.7
  gw_jax.load_centroid_wfns                            1       2.343       0.297    6.2
    load_centroids.loader_load                        32       0.813       0.813    2.2
    load_centroids.gflat_to_rmu                       32       0.365       0.365    1.0
    load_centroids.reshard_insert                     32       0.867       0.867    2.3
  gw_jax.load_centroid_wfns_current                    1       0.724       0.149    1.9
    load_centroids.loader_load                        32       0.128       0.128    0.3
    load_centroids.gflat_to_rmu                       32       0.314       0.314    0.8
    load_centroids.reshard_insert                     32       0.133       0.133    0.4
  gw_jax.wavefunction_setup                            2       0.015       0.015    0.0
  gw_jax.V_q_compute                                   1       5.197       5.197   13.8
gw_jax.minimax_quadrature                              1       0.145       0.145    0.4
gw_jax.screening                                       1       5.431       0.037   14.5
  gw_jax.chi0_W                                        1       4.337       0.001   11.6
    chi.compile                                        1       1.353       1.353    3.6
    chi.exec                                           1       0.891       0.891    2.4
    W.slice_to_ibz                                     1       0.203       0.203    0.5
    W.compile                                          1       0.242       0.242    0.6
    W.exec                                             1       0.024       0.024    0.1
    W.unfold_to_full_bz                                1       1.621       1.621    4.3
  W.gate                                               1       1.057       1.057    2.8
  W.restore_spilled_roles                              1       0.000       0.000    0.0
gw_jax.persist_w0                                      1       0.145       0.016    0.4
  persist_w0.head_static                               1       0.000       0.000    0.0
  persist_w0.resolve                                   1       0.029       0.029    0.1
  persist_w0.write_w0                                  1       0.097       0.097    0.3
  persist_w0.write_head                                1       0.003       0.003    0.0
gw_jax.sigma                                           1      11.437       7.703   30.5
  vh_collective_bootstrap                              1       0.047       0.047    0.1
  vh_rho                                               1       0.583       0.579    1.6
    vh_rho_psum                                        1       0.004       0.004    0.0
  vh_transverse_field                                  1       2.678       2.678    7.1
  vh_matrix                                            1       0.426       0.107    1.1
    mtxel.sweep                                        1       0.319       0.319    0.8
  vh_transverse_matrix_boundary                        1       0.000       0.000    0.0
gw_jax.kin_ion_load                                    1       0.090       0.090    0.2
gw_jax.solve_qp                                        1       0.046       0.046    0.1
gw_jax.qp_eigh                                         1       0.332       0.332    0.9
gw_jax.output                                          1       0.119       0.119    0.3
gw_jax.runtime_stack.compile_cache                     1       0.000       0.000    0.0
gw_jax.runtime_stack.env_and_distributed               1       3.367       3.367    9.0
gw_jax.runtime_stack.jax_import                        1       1.317       1.317    3.5
gw_jax.runtime_stack.measurement                       1       0.154       0.154    0.4
gw_jax.runtime_stack.mesh_and_warmup                   1       1.406       1.406    3.7
gw_jax.imports                                         1       1.785       1.785    4.8
(untimed)                                                      1.380       1.380    3.5
TOTAL (wall)                                                  38.912              100.0
Sigma blocks   : CC max|diag|=1.112974e+01 eV, mean|diag|=7.075060e+00 eV; CT+TC max|diag|=0.000000e+00 eV, mean|diag|=0.000000e+00 eV; TT max|diag|=4.947514e-04 eV, mean|diag|=2.846913e-04 eV
Head Sigma     : Gamma-cell contribution; CC max|diag|=0.000000e+00 eV, mean|diag|=0.000000e+00 eV; CT+TC max|diag|=0.000000e+00 eV, mean|diag|=0.000000e+00 eV; TT max|diag|=0.000000e+00 eV, mean|diag|=0.000000e+00 eV

FUNDAMENTAL GAP
---------------
DFT gap        : 0.67666 eV
Full-matrix effective-H gap: 0.72191 eV (insulating)
Gap correction : +0.04524 eV relative to DFT
State energies  : written to the EQP files listed below

MAJOR-STAGE TIMING
------------------
  stage                    wall (s)     fraction
  runtime bring-up             6.24      16.05%
  pre-main + imports           1.79       4.59%
  input + run setup            0.24       0.61%
  V(q)                         5.20      13.36%
  ISDF setup + I/O             6.32      16.25%
  minimax quadrature           0.14       0.37%
  chi0                         2.24       5.77%
  W                            3.15       8.09%
  screening support            0.04       0.10%
  W persist + q0 head          0.15       0.37%
  Sigma other                 11.44      29.39%
  mean-field load              0.09       0.23%
  QP solve + diagonalize       0.38       0.97%
  result writes                0.12       0.31%
  other driver work            1.38       3.55%
  total run                   38.91     100.00%

OUTPUT FILES AND INPUTS
-----------------------
  role                     state       path
  input deck               read        /pscratch/sd/j/jackm/sandbox_v2_docs_consolidation_2026-08-14/tmp/worktrees/wt_bisp_prof_s_codex_20260906/runs/Si/100_bisp_parent_route_2026-09-05/prof_s/02_F_cohsex_baseline/cohsex.in
  DFT wavefunctions        read        /pscratch/sd/j/jackm/sandbox_v2_docs_consolidation_2026-08-14/runs/Si/100_bisp_parent_route_2026-09-05/02_preprocess/WFN.h5
  ISDF centroids           read        /pscratch/sd/j/jackm/sandbox_v2_docs_consolidation_2026-08-14/runs/Si/100_bisp_parent_route_2026-09-05/02_preprocess/centroids_charge.txt
  current centroids        read        /pscratch/sd/j/jackm/sandbox_v2_docs_consolidation_2026-08-14/runs/Si/100_bisp_parent_route_2026-09-05/02_preprocess/centroids_current.txt
  mean-field Hamiltonian   read        /pscratch/sd/j/jackm/sandbox_v2_docs_consolidation_2026-08-14/runs/Si/100_bisp_parent_route_2026-09-05/02_preprocess/kin_ion.h5
  long-wave dipoles        absent      /pscratch/sd/j/jackm/sandbox_v2_docs_consolidation_2026-08-14/tmp/worktrees/wt_bisp_prof_s_codex_20260906/runs/Si/100_bisp_parent_route_2026-09-05/prof_s/02_F_cohsex_baseline/dipole.h5
  parallel transport       absent      /pscratch/sd/j/jackm/sandbox_v2_docs_consolidation_2026-08-14/tmp/worktrees/wt_bisp_prof_s_codex_20260906/runs/Si/100_bisp_parent_route_2026-09-05/prof_s/02_F_cohsex_baseline/parallel_transport.h5
  ISDF restart tensors     present     /pscratch/sd/j/jackm/sandbox_v2_docs_consolidation_2026-08-14/tmp/worktrees/wt_bisp_prof_s_codex_20260906/runs/Si/100_bisp_parent_route_2026-09-05/prof_s/02_F_cohsex_baseline/tmp/isdf_tensors_480.h5
  self-energy table        written     /pscratch/sd/j/jackm/sandbox_v2_docs_consolidation_2026-08-14/tmp/worktrees/wt_bisp_prof_s_codex_20260906/runs/Si/100_bisp_parent_route_2026-09-05/prof_s/02_F_cohsex_baseline/sigma_diag.dat
  fixed-DFT-state diagonal zeroth-order energies written     /pscratch/sd/j/jackm/sandbox_v2_docs_consolidation_2026-08-14/tmp/worktrees/wt_bisp_prof_s_codex_20260906/runs/Si/100_bisp_parent_route_2026-09-05/prof_s/02_F_cohsex_baseline/eqp0.dat
  fixed-DFT-state diagonal Z-linearized energies written     /pscratch/sd/j/jackm/sandbox_v2_docs_consolidation_2026-08-14/tmp/worktrees/wt_bisp_prof_s_codex_20260906/runs/Si/100_bisp_parent_route_2026-09-05/prof_s/02_F_cohsex_baseline/eqp1.dat
  full-matrix effective-H rotations written     /pscratch/sd/j/jackm/sandbox_v2_docs_consolidation_2026-08-14/tmp/worktrees/wt_bisp_prof_s_codex_20260906/runs/Si/100_bisp_parent_route_2026-09-05/prof_s/02_F_cohsex_baseline/qp_wfn_rotations.h5
  matched full-matrix QP wavefunctions absent      /pscratch/sd/j/jackm/sandbox_v2_docs_consolidation_2026-08-14/tmp/worktrees/wt_bisp_prof_s_codex_20260906/runs/Si/100_bisp_parent_route_2026-09-05/prof_s/02_F_cohsex_baseline/WFN_qp.h5

LORRAX GW calculation completed.
Report written to /pscratch/sd/j/jackm/sandbox_v2_docs_consolidation_2026-08-14/tmp/worktrees/wt_bisp_prof_s_codex_20260906/runs/Si/100_bisp_parent_route_2026-09-05/prof_s/02_F_cohsex_baseline/gwjax.out
  [SlabIO.close] Python dispatch drained in 0.0 s (no queued data); joining writer thread
  [SlabIO.close] writer thread joined in 0.0 s; calling H5Fclose collectively
  [SlabIO.close] H5Fclose returned in 0.0 s
  [compile-cache] rank 0/4 summary: xla_compiles=412 (18.53s)  compile_agreement=412 (0.173s fingerprint + 0.743s exchange; enabled)  cache_probes=0 hits=0 (0.00s) vetoed=0  cache_writes_local=unmeasured (cache off or capped-LRU path; JAX p0-only)  agreed=0/0 prefetch=0.00s  enabled=False
[runtime] filtered 6 exact known-benign JAX runtime notice line(s) on rank 0; all other stderr was forwarded unchanged.
[runtime] process finalized explicitly (effects barrier, distributed shutdown, atexit hooks) and ending with os._exit: the interpreter-teardown destruction of the XLA:CPU client is skipped deliberately — it deadlocks in pool shutdown after cold-compile storms (jobs 7884928/7884989).
