[lorrax source closure] {"mode":"source","root":"/pscratch/sd/j/jackm/sandbox_v2_docs_consolidation_2026-08-14/tmp/worktrees/wt_bisp_prof_s_codex_20260906","runtime":"src/runtime/__init__.py","services":{"distrib-la":"services/distrib_la/src/distrib_la/__init__.py","lxkit":"services/lxkit/src/lxkit/__init__.py","minimax":"services/minimax/src/minimax/__init__.py","symmetry-maps":"services/symmetry_maps/src/symmetry_maps/__init__.py","vcoul":"services/vcoul/src/vcoul/__init__.py","wfn-loader":"services/wfn_loader/src/wfn_loader/__init__.py","zeta-loader":"services/zeta_loader/src/zeta_loader/__init__.py"}}
JAX detected proxy variable(s) in the environment as distributed setup: QUADD_INJECTION_PROXY. On some systems, this may cause a hang of distributed.initialize and you may need to unset these ENV variable(s)
  [compile-cache] cross-rank compile agreement enabled before backend compile with no deadline (rank 0 names a missing rank every 60 s).
[stage 14:44:22] -> collective_warmup
[stage 14:44:24] <- collective_warmup  2.1 s
[lorrax native] LEGACY-UNSEALED origin=/global/common/software/m4598/jackm/lorrax_cuda13_runtime/ffi_build_phdf5/liblorrax_ffi.so sha256=cad78d947a953949 pair/private-closure unattested; developer migration only
[fft_ffi] flat-k 3-D FFTs -> cuFFT strided CUDA FFI handler (lorrax_mklfft_flat_k): cufftPlanMany64 advanced layout (istride=T, idist=1 — the stride-descriptor analog) reading the dot-layout tile in place; jnp.fft norm scales applied by a fused device kernel.
[conv_kminor] auto -> ON: the fused k-minor conv kernel (lorrax_cufft_conv_kminor) serves this run's rung.  CUDA mesh, handler present.  Callers whose k-grid is too large for one resident k-row still take the XLA chain for that call, silently and correctly.
[LORRAX_CONV_KLEAD_FFI] =0: k-leading fused-convolution candidate disabled; no production Sigma caller yet.
[conv_kpair] auto -> ON: the ISDF post-pair CUDA accelerator (lorrax_cufft_conv_kpair) is available; the plan selected its measured-fast resident/device arm from mirrored byte arithmetic.
  [compile-cache] persistent compile cache OFF (ISDF_JAX_CACHE_DIR="" opt-out). JAX's in-process executable cache remains active. For reuse among sequential drivers or a deliberate restart campaign, set ISDF_JAX_CACHE_DIR to a rank-visible directory.
==============================================================================
  LORRAX runtime — resolved startup configuration
==============================================================================
  This is rank 0 of 4, and it addresses 1 of the 4 devices in the job.
  jax.distributed.initialize() took its explicit form with coordinator_address='nid001128:22007', num_processes=4 and local_device_ids=[0].
  The JAX platform resolved to 'gpu' on devices of kind 'NVIDIA A100-SXM4-40GB', from JAX_PLATFORMS='cuda,cpu', under jax 0.9.1 / jaxlib 0.9.1 with 64-bit values enabled.
  Default matmul precision is pinned to 'highest', so f32 and complex64 dots run at fp32 rather than TensorFloat32; f64/c128 is unaffected either way.
  XLA GPU autotuning resolved to level '0' from LORRAX default (runtime.set_default_env); the complete resolved XLA_FLAGS value is '--xla_dump_to=/pscratch/sd/j/jackm/sandbox_v2_docs_consolidation_2026-08-14/tmp/worktrees/wt_bisp_prof_s_codex_20260906/runs/MoS2/42_bisp_scale_2026-09-06/prof_s/58_P3_parent_transpose/xla_dump_rank0 --xla_gpu_autotune_level=0'.
  The run's device mesh is 2x2 over axes ('x', 'y'), and its communicator cliques were warmed before the first physics jit.
  Bringing this stack up took 5.4 s in total: 3.0 s for the environment, jax.distributed and backend init, 2.2 s to build the mesh and warm its communicators, 0.0 s to arm the compile cache and 0.1 s to measure everything in this block.
  Demotions listed above are this rank's; a demotion that happened only on another rank is announced in that rank's own output and does not appear here.
  Cross-process collectives run on NCCL because this is a GPU platform, so JAX_CPU_COLLECTIVES_IMPLEMENTATION does not apply.
  The XLA memory pool, read from jax.local_devices()[0].memory_stats() and not from os.environ, reports a limit of 36.04 GB with 0.00 GB in use and a peak of 0.00 GB so far.
  XLA_PYTHON_CLIENT_PREALLOCATE resolved to false (raw 'false') and XLA_PYTHON_CLIENT_ALLOCATOR resolved to 'bfc' (raw 'bfc') — NOT LORRAX's canonical pair, which is preallocate=false with the allocator left unset (BFC); a caller overrode it.
  The XLA client memory fraction is 0.85 from XLA_PYTHON_CLIENT_MEM_FRACTION.
  The CUDA FFI library loaded from /global/common/software/m4598/jackm/lorrax_cuda13_runtime/ffi_build_phdf5/liblorrax_ffi.so, selected by LORRAX_FFI_SO.
  FFI build provenance: /global/common/software/m4598/jackm/lorrax_cuda13_runtime/ffi_build_phdf5/liblorrax_ffi.so | LEGACY-UNSEALED | recorded-rev bb6422eaad04 | recorded-sha cad78d947a953949 | actual 6755720 bytes sha cad78d947a953949
  The LORRAX_BANDS_GEMM_FFI dial is unset and resolved to on, so the contract_bands right-GEMM contraction rides the platform's native lowering — the dial exists on cpu only and this run's backend is 'gpu', where startup enforcement skips it by the gate's declared platform policy (the native lowering IS the required path there).
  The LORRAX_FFT_FFI dial is unset and resolved to on, so the flat-k 3-D FFT helper path is routed through the FFI handler (the required layer).
  The LORRAX_FFT_FFI_FUSED dial is unset and resolved to on, so the fused IFFT-multiply-FFT tau kernel is routed through the FFI handler (the required layer).
  The LORRAX_CONV_KMINOR_FFI dial is unset and resolved to auto, so the fused k-MINOR ifft-multiply-fft conv (the BSE ladder-W rung; accelerator) is routed through the FFI handler WHERE AVAILABLE and through the caller's XLA ifft/multiply/fft chain otherwise (capability: the mesh is CUDA, the loaded device library exports CufftConvKMinorCudaFfi, and the k-grid's row fits a block's shared memory).
  The LORRAX_CONV_KLEAD_FFI dial is unset and resolved to off, so the direct fused k-LEADING IFFT(G)-IFFT(W)-FFT conv (Sigma; accelerator, default off) keeps the certified plan-based k-leading gw_conv handler — this dial is OPT-IN and off is its certified state.
  The LORRAX_CONV_KPAIR_FFI dial is unset and resolved to auto, so the fused post-pair convolution used to form the ISDF Coulomb operator is routed through the FFI handler WHERE AVAILABLE and through the ISDF XLA IFFT/conjugate/gamma/FFT reference chain otherwise (capability: the mesh is CUDA, the loaded device library exports CufftConvKPairCudaFfi, the runtime axes are in [1,24], and the shape is in the measured native-fast region).
  The distributed backends available for eigh on this mesh are cusolvermp, distributed, native; which one runs is the input-file key, not an environment variable.
  The distributed backends available for cholesky on this mesh are cusolvermp, native, native2d; which one runs is the input-file key, not an environment variable.
  The distributed backends available for solve_lu on this mesh are cusolvermp, distributed, native; which one runs is the input-file key, not an environment variable.
  This process is pinned to 32 schedulable CPUs, with OMP_NUM_THREADS=None, MKL_NUM_THREADS=None and OPENBLAS_NUM_THREADS='16 (auto: physical cores of the affinity mask; applied to libscipy_openblas64_-61654e39.so)'.
  Inside the FFI handlers the BLAS team size is LORRAX_MKLBLAS_THREADS=None for the batched GEMM, where unset means the ambient thread count, and LORRAX_SCALAPACK_MKL_THREADS=None for the ScaLAPACK handlers, where unset means a cap of 4 because pzheevd measured 11.28 s per q at 14 MKL threads against 0.463 s at 4.
  The JAX persistent compile cache is OFF, so every rank compiles every module in this run; set ISDF_JAX_CACHE_DIR to a rank-visible directory to turn it on, or leave it unset and let the resolution order pick one — LORRAX_RUN_DIR/.lorrax_jax_cache first, then $SCRATCH/lorrax_jax_cache, then the home cache (docs/dev/env_vars.md).
  The cache key includes every array shape, so a system size this machine has not run before misses every entry no matter how warm the cache looks.
  Cross-rank module-compile agreement is ON with no deadline (rank 0 names a missing rank every 60 s); each backend compile is fingerprinted before XLA execution.
  The fail-fast excepthook is installed, so an uncaught exception on any rank exits the step non-zero instead of leaving its peers blocked in a collective that rank will never join.
  glibc malloc tuning is in force with M_MMAP_THRESHOLD=1 MB and M_TRIM_THRESHOLD=128 MB, which is the mitigation for the per-r-chunk RSS ramp on long XLA:CPU runs.
==============================================================================
  [config provenance] this deck names 1 LEGACY self-energy-axis key(s); they are honored, and the canonical axes resolved to compute_mode = gn_ppm, qp_solver = one_shot_dft.
    do_screened -> write compute_mode = x_only | cohsex | gn_ppm | hl_ppm | mpa instead
==============================================================================
LORRAX GW CALCULATION
==============================================================================
Input          : /pscratch/sd/j/jackm/sandbox_v2_docs_consolidation_2026-08-14/tmp/worktrees/wt_bisp_prof_s_codex_20260906/runs/MoS2/42_bisp_scale_2026-09-06/prof_s/58_P3_parent_transpose/cohsex.in
Method         : gn_ppm / one_shot_dft
  Head policy: head_correction=full; screening_diagrams=w_rpa; direct diagnostic source=s_tensor. macroscopic W, local fields exactly once
  Bispinor GW policy: bispinor_gw=full_static_cohsex (packed no-pair 4x4 static response with the Gamma-cell completion: bare <D> into V, charge S00/wing head into W, Hall CT/TC from static_gauge_hall_file when present)
Photon route   : packed screened static photon operator (sixteen response and Sigma blocks; coupled 4x4 Dyson solve; Gamma-cell completion carries charge, mixed, and transverse heads)
  [hdf5-probe startup] libhdf5 2 core mapped: libhdf5-9e18f0c6.so.320.0.0, libhdf5_parallel_gnu.so.310.3.0 (+1 companion: libhdf5_hl-69da89c9.so.320.0.0); HDF5_USE_FILE_LOCKING=FALSE; policy=measure
  [hdf5-probe startup] no path opened through both stacks so far
  [WfnLoader] read backend = phdf5 (auto, 4 processes) — collective MPI-IO read through the phdf5 FFI .so
[2c-TRS] WFN.h5: CONSISTENT (spatial-conditional, residual=1.65e-08, coverage=33%, raw-pair=0, spatial-pair=2, trim=2) | 0.09s (io 0.01 + overlap 0.07)
  [config provenance] mpa_sampling_alpha = 1 (default for nonmetal)
  Material class: insulator (inferred from WFN occupations)
  ISDF basis: 597 centroids
  FFT grid: 24×24×80   Cell volume: 702.20 a.u.³

[config provenance] linalg = distributed (deck)
linalg = distributed: dense N_mu x N_mu matrices are 2D distributed across the process mesh (N_mu = 597)
[config provenance] low_mem_bands = true (deck)
low_mem_bands = true: the two-face wavefunction carrier (band chunks of 16); required for the raw-parent (k_irr) route, which contracts G and the ISDF pair densities on the WFN's own k rows.

CONFIGURATION PROVENANCE
------------------------
[config provenance] this deck names 1 LEGACY self-energy-axis key(s); they are honored, and the canonical axes resolved to compute_mode = gn_ppm, qp_solver = one_shot_dft.

PROCESSOR ARCHITECTURE
----------------------
MPI ranks      : 4
Accelerators   : 4 GPU devices (NVIDIA A100-SXM4-40GB, 1 per rank)
Processor mesh : 2 x 2  (centroid axes X x Y)
CPU allocation : 32 cores per rank
Host threads   : OPENBLAS_NUM_THREADS=16 (auto: physical cores of the affinity mask; applied to libscipy_openblas64_-61654e39.so)

METHOD AND PHYSICAL PATHWAYS
----------------------------
Self-energy    : Godby-Needs plasmon-pole GW; one-shot full-matrix effective Hamiltonian; Sigma evaluated at E_DFT with QSGW Hermitian symmetrization (distinct from fixed-DFT-state diagonal G0W0)
QP consistency  : one_shot_dft | other options: fixed_point (diagonal on-shell), self_consistent (rebuild G/W/Sigma)
EQP2 treatment  : off (set write_eqp2=true for fixed-Sigma eigenvalue self-consistency)
Screening      : RPA Dyson series; minimax imaginary-axis quadrature
Long wavelength: head=full; source=s_tensor
Coulomb system : 2D slab; Hartree=live G-space
Spin channels  : charge + transverse current (bispinor)
Degenerate sets: averaged at 1.36057e-05 eV
ISDF state     : fresh fit requested
  centroid order: orbit-packed, 55 orbits on 2 shards of 300 slots (597 centroids, 3 pad slots, canonical carrier 600)
  band counts: chi = sigma = 80; ISDF zeta fit sized for 80 bands (the two counts are TIED, so the band sums are the same window)
    chi0/W band sum edge 80 clean: min gap 15.4 meV.
    Sigma band sum edge 80 clean: min gap 15.4 meV.
  Sigma omega layout: sharded; Σ_c(ω,k,m,n) stays (m_X, n_Y)-tiled on the 2x2 mesh at logical/carrier=30/30 (consumers read tiles; no full-cube replication).

NUMERICAL ENVIRONMENT
---------------------
JAX/JAXLIB     : 0.9.1 / 0.9.1 | FP64 / complex128 | NCCL collectives
Wavefunctions  : phdf5 reader
Dense linalg   : distributed layout
LORRAX_BANDS_GEMM_FFI      = NATIVE : right-GEMM contraction forming G(tau) (native XLA dot lowering)
LORRAX_FFT_FFI             = ON     : flat-k FFTs for ISDF, chi0 and Sigma (cuFFT flat-k FFI)
LORRAX_FFT_FFI_FUSED       = ON     : fused tau-domain convolution (cuFFT fused-convolution FFI)
LORRAX_CONV_KPAIR_FFI      = ON     : pair-density convolution forming V(q) (cuFFT pair-convolution FFI)

CRYSTAL SYMMETRY AND BRILLOUIN-ZONE SAMPLING
--------------------------------------------
Real-space action: r' = R^-1 r + tau
Spatial group   : 12 operations; 0 with fractional translations
QE schema      : FOUND data-file-schema.xml at /pscratch/sd/j/jackm/sandbox_v2_docs_consolidation_2026-08-14/runs/MoS2/42_bisp_scale_2026-09-06/00_qe_6x6/qe/nscf/MoS2.save/data-file-schema.xml
QE schema hash : SHA256 2f78cfdefa2f
Stored QE type : 12 unitary; 0 composed with time reversal
Active op rows : 12 unitary; 12 TR-composed
Inversion      : absent
DFT 2c TRS     : CONSISTENT (spatial-conditional; occupied-density residual=1.65314e-08; coverage=33.33%; raw-pair=0, spatial-pair=2, trim=2)
Global TRS     : enabled from the two-component reference check
  op   QE time-reversal status       R^-1 and fractional translation
  S01  QE-TR=no      active=unitary+TR R^-1=[ 1  0  0;  0  1  0;  0  0  1]  tau=( 0.000  0.000  0.000)
  S02  QE-TR=no      active=unitary+TR R^-1=[-1  1  0;  0  1  0;  0  0 -1]  tau=( 0.000  0.000  0.000)
  S03  QE-TR=no      active=unitary+TR R^-1=[-1  1  0; -1  0  0;  0  0  1]  tau=( 0.000  0.000  0.000)
  S04  QE-TR=no      active=unitary+TR R^-1=[ 0 -1  0;  1 -1  0;  0  0  1]  tau=( 0.000  0.000  0.000)
  S05  QE-TR=no      active=unitary+TR R^-1=[ 0 -1  0; -1  0  0;  0  0 -1]  tau=( 0.000  0.000  0.000)
  S06  QE-TR=no      active=unitary+TR R^-1=[ 1  0  0;  1 -1  0;  0  0 -1]  tau=( 0.000  0.000  0.000)
  S07  QE-TR=no      active=unitary+TR R^-1=[ 1  0  0;  0  1  0;  0  0 -1]  tau=( 0.000  0.000  0.000)
  S08  QE-TR=no      active=unitary+TR R^-1=[-1  1  0;  0  1  0;  0  0  1]  tau=( 0.000  0.000  0.000)
  S09  QE-TR=no      active=unitary+TR R^-1=[ 0 -1  0;  1 -1  0;  0  0 -1]  tau=( 0.000  0.000  0.000)
  S10  QE-TR=no      active=unitary+TR R^-1=[-1  1  0; -1  0  0;  0  0 -1]  tau=( 0.000  0.000  0.000)
  S11  QE-TR=no      active=unitary+TR R^-1=[ 1  0  0;  1 -1  0;  0  0  1]  tau=( 0.000  0.000  0.000)
  S12  QE-TR=no      active=unitary+TR R^-1=[ 0 -1  0; -1  0  0;  0  0  1]  tau=( 0.000  0.000  0.000)
Full BZ grid   : 36 k points | mesh 6 x 6 x 1 | shift (0.00000, 0.00000, 0.00000)
Stored IBZ     : 7 k points
  ik        kx        ky        kz     weight
    1   0.00000   0.00000   0.00000   0.02778
    2   0.00000   0.16667   0.00000   0.16667
    3   0.00000   0.33333   0.00000   0.16667
    4   0.00000  -0.50000   0.00000   0.08333
    5   0.16667   0.16667   0.00000   0.16667
    6   0.16667   0.33333   0.00000   0.33333
    7   0.33333   0.33333   0.00000   0.05556
Centroid orbit: CLOSED : 12/12 spatial operations preserve 597 sites (tol=1.00000e-05)
TRS pathways   : automatic from SymMaps.trs_allowed=true; no input override
GN probe route  : incumbent symmetric completion; ppm_probe_chi_reuse=off

BAND SPACES AND ENERGY COVERAGE
-------------------------------
Electrons      : 26.00000; occupied-band boundary = 26
Occupied bands : 1-26
QP valence     : 23-26
QP conduction  : 27-30
QP matrix      : 1-30
chi0/W sum     : 1-80
Sigma sum      : 1-80
Loaded ISDF psi: 1-80
zeta fit       : left 1-30; right 23-80
[stage 14:44:25] -> ISDF basis + wavefunctions
    ζ-fit physical window top 80 bands (logical band sums reach chi 80, sigma 80; the max is set by tied)
    ζ band-window closure: edge 22 min gap 81 meV, edge 30 min gap 39.9 meV, edge 80 min gap 15.4 meV
    cutoffs: zeta = 30.0 Ry, bare-Coulomb = 30.0 Ry  (ecutwfc=30.0, ecutrho=120.0)
[stage 14:44:25]   -> gw_jax.load_centroid_wfns
[load_centroids planner] existing=0.00, persistent=0.03, scan_budget=33.50 GiB/device, peak_copies=9, cs=16, stream=on, k_domain=ibz, retain_parents=no, k_tile=4, band_tile=16
[stage 14:44:25]     -> load_centroids.loader_load
  [SlabIO.phdf5_ffi] WFN.h5 mode=r bytes=36122756 file stripe layout=UNKNOWN (lfs unavailable or not Lustre); collective read aggregation cannot be predicted
[phdf5.hints /pscratch/sd/j/jackm/sandbox_v2_docs_consolidation_2026-08-14/tmp/worktrees/wt_bisp_prof_s_codex_20260906/runs/MoS2/42_bisp_scale_2026-09-06/prof_s/58_P3_parent_transpose/WFN.h5] 24 hints retained by ROMIO:
  romio_cb_pfr                             = disable
  romio_cb_fr_types                        = aar
  cb_align                                 = 2
  cb_buffer_size                           = 16777216
  romio_cb_fr_alignment                    = 1
  romio_cb_ds_threshold                    = 0
  romio_cb_alltoall                        = automatic
  romio_cb_read                            = automatic
  romio_cb_write                           = automatic
  romio_no_indep_rw                        = false
  romio_ds_write                           = automatic
  ind_wr_buffer_size                       = 524288
  romio_ds_read                            = disable
  ind_rd_buffer_size                       = 4194304
  direct_io                                = false
  striping_factor                          = 1
  striping_unit                            = 1048576
  overstriping_factor                      = 0
  romio_lustre_start_iodevice              = -1
  aggregator_placement_stride              = -1
  abort_on_rw_error                        = disable
  cb_config_list                           = *:*
  cb_nodes                                 = 1
  romio_filesystem_type                    = CRAY ADIO:
  [shard_map] using jax.shard_map (jax 0.9.1)
[phdf5 kchunk-union r0] n_k=4 bytes/rank=1005568  prev_h2d_wait=0.01  pin+zero=2.81  spaces=0.01  select=0.03  read=4.67  h2d_setup=0.08  total=7.63 (ms)  [selected_elts=125040]
  [wfn_loader] shard_map via jax.shard_map (jax 0.9.1)
[stage 14:44:26]     <- load_centroids.loader_load  0.8 s
[stage 14:44:26]     -> load_centroids.gflat_to_rmu
[stage 14:44:27]     <- load_centroids.gflat_to_rmu  0.5 s
[stage 14:44:27]     -> load_centroids.reshard_insert
[stage 14:44:28]     <- load_centroids.reshard_insert  1.4 s
[stage 14:44:28]     -> load_centroids.loader_load
[phdf5 kchunk-union r0] n_k=3 bytes/rank=754176  prev_h2d_wait=0.01  pin+zero=0.05  spaces=0.02  select=0.01  read=2.18  h2d_setup=0.05  total=2.33 (ms)  [selected_elts=92816]
[stage 14:44:30]     <- load_centroids.loader_load  1.3 s
[stage 14:44:30]     -> load_centroids.gflat_to_rmu
[stage 14:44:30]     <- load_centroids.gflat_to_rmu  0.0 s
[stage 14:44:30]     -> load_centroids.reshard_insert
[stage 14:44:30]     <- load_centroids.reshard_insert  0.0 s
[stage 14:44:30]     -> load_centroids.loader_load
[phdf5 kchunk-union r0] n_k=4 bytes/rank=1005568  prev_h2d_wait=0.01  pin+zero=0.07  spaces=0.01  select=0.02  read=2.72  h2d_setup=0.06  total=2.88 (ms)  [selected_elts=125040]
[stage 14:44:30]     <- load_centroids.loader_load  0.0 s
[stage 14:44:30]     -> load_centroids.gflat_to_rmu
[stage 14:44:30]     <- load_centroids.gflat_to_rmu  0.0 s
[stage 14:44:30]     -> load_centroids.reshard_insert
[stage 14:44:30]     <- load_centroids.reshard_insert  0.0 s
[stage 14:44:30]     -> load_centroids.loader_load
[phdf5 kchunk-union r0] n_k=3 bytes/rank=754176  prev_h2d_wait=0.00  pin+zero=0.03  spaces=0.01  select=0.01  read=2.14  h2d_setup=0.05  total=2.25 (ms)  [selected_elts=92816]
[stage 14:44:30]     <- load_centroids.loader_load  0.0 s
[stage 14:44:30]     -> load_centroids.gflat_to_rmu
[stage 14:44:30]     <- load_centroids.gflat_to_rmu  0.0 s
[stage 14:44:30]     -> load_centroids.reshard_insert
[stage 14:44:30]     <- load_centroids.reshard_insert  0.0 s
[stage 14:44:30]     -> load_centroids.loader_load
[phdf5 kchunk-union r0] n_k=4 bytes/rank=1005568  prev_h2d_wait=0.00  pin+zero=0.04  spaces=0.01  select=0.01  read=2.33  h2d_setup=0.06  total=2.44 (ms)  [selected_elts=125040]
[stage 14:44:30]     <- load_centroids.loader_load  0.0 s
[stage 14:44:30]     -> load_centroids.gflat_to_rmu
[stage 14:44:30]     <- load_centroids.gflat_to_rmu  0.0 s
[stage 14:44:30]     -> load_centroids.reshard_insert
[stage 14:44:30]     <- load_centroids.reshard_insert  0.0 s
[stage 14:44:30]     -> load_centroids.loader_load
[phdf5 kchunk-union r0] n_k=3 bytes/rank=754176  prev_h2d_wait=0.00  pin+zero=0.03  spaces=0.01  select=0.01  read=1.98  h2d_setup=0.05  total=2.07 (ms)  [selected_elts=92816]
[stage 14:44:30]     <- load_centroids.loader_load  0.0 s
[stage 14:44:30]     -> load_centroids.gflat_to_rmu
[stage 14:44:30]     <- load_centroids.gflat_to_rmu  0.0 s
[stage 14:44:30]     -> load_centroids.reshard_insert
[stage 14:44:30]     <- load_centroids.reshard_insert  0.0 s
[stage 14:44:30]     -> load_centroids.loader_load
[phdf5 kchunk-union r0] n_k=4 bytes/rank=1005568  prev_h2d_wait=0.00  pin+zero=0.03  spaces=0.00  select=0.01  read=2.33  h2d_setup=0.06  total=2.44 (ms)  [selected_elts=125040]
[stage 14:44:30]     <- load_centroids.loader_load  0.0 s
[stage 14:44:30]     -> load_centroids.gflat_to_rmu
[stage 14:44:30]     <- load_centroids.gflat_to_rmu  0.0 s
[stage 14:44:30]     -> load_centroids.reshard_insert
[stage 14:44:30]     <- load_centroids.reshard_insert  0.0 s
[stage 14:44:30]     -> load_centroids.loader_load
[phdf5 kchunk-union r0] n_k=3 bytes/rank=754176  prev_h2d_wait=0.00  pin+zero=0.02  spaces=0.00  select=0.01  read=1.76  h2d_setup=0.05  total=1.84 (ms)  [selected_elts=92816]
[stage 14:44:30]     <- load_centroids.loader_load  0.0 s
[stage 14:44:30]     -> load_centroids.gflat_to_rmu
[stage 14:44:30]     <- load_centroids.gflat_to_rmu  0.0 s
[stage 14:44:30]     -> load_centroids.reshard_insert
[stage 14:44:30]     <- load_centroids.reshard_insert  0.0 s
[stage 14:44:30]     -> load_centroids.loader_load
[phdf5 kchunk-union r0] n_k=4 bytes/rank=1005568  prev_h2d_wait=0.00  pin+zero=0.02  spaces=0.00  select=0.01  read=2.30  h2d_setup=0.06  total=2.40 (ms)  [selected_elts=125040]
[stage 14:44:30]     <- load_centroids.loader_load  0.0 s
[stage 14:44:30]     -> load_centroids.gflat_to_rmu
[stage 14:44:30]     <- load_centroids.gflat_to_rmu  0.0 s
[stage 14:44:30]     -> load_centroids.reshard_insert
[stage 14:44:30]     <- load_centroids.reshard_insert  0.0 s
[stage 14:44:30]     -> load_centroids.loader_load
[phdf5 kchunk-union r0] n_k=3 bytes/rank=754176  prev_h2d_wait=0.00  pin+zero=0.02  spaces=0.00  select=0.01  read=1.91  h2d_setup=0.05  total=1.99 (ms)  [selected_elts=92816]
[stage 14:44:30]     <- load_centroids.loader_load  0.0 s
[stage 14:44:30]     -> load_centroids.gflat_to_rmu
[stage 14:44:30]     <- load_centroids.gflat_to_rmu  0.0 s
[stage 14:44:30]     -> load_centroids.reshard_insert
[stage 14:44:30]     <- load_centroids.reshard_insert  0.0 s
[stage 14:44:31]   <- gw_jax.load_centroid_wfns  6.0 s
  ψ storage: parents only -- 7 raw WFN parents, 36 full k rows through typed transport.

  ====================================================================
  REUSING the existing ζ at /pscratch/sd/j/jackm/sandbox_v2_docs_consolidation_2026-08-14/tmp/worktrees/wt_bisp_prof_s_codex_20260906/runs/MoS2/42_bisp_scale_2026-09-06/prof_s/58_P3_parent_transpose/tmp/zeta_q.h5 — FIT SKIPPED.
  ...and the three transverse ζ at zeta_q_mu{1,2,3}.h5.
  isdf_header/zeta_is_done is True, the centroid table
  matches, and fit_provenance is identical to this run's
  inputs (band windows, cutoffs, solver knobs, source WFN).
  Set LORRAX_FORCE_REFIT=1 to refit unconditionally.
  ====================================================================

  [bispinor] re-sampling ψ at the 200 transverse centroids for σ^B (the ζ_T fit is skipped, but Σ^B still needs ψ(r_{μ_T})).
[stage 14:44:32]   -> gw_jax.load_centroid_wfns_current
[load_centroids planner] existing=0.01, persistent=0.01, scan_budget=33.50 GiB/device, peak_copies=9, cs=16, stream=on, k_domain=ibz, retain_parents=no, k_tile=4, band_tile=16
[stage 14:44:32]     -> load_centroids.loader_load
[phdf5 kchunk-union r0] n_k=4 bytes/rank=1005568  prev_h2d_wait=0.01  pin+zero=0.07  spaces=0.01  select=0.01  read=2.46  h2d_setup=0.06  total=2.62 (ms)  [selected_elts=125040]
[stage 14:44:32]     <- load_centroids.loader_load  0.0 s
[stage 14:44:32]     -> load_centroids.gflat_to_rmu
[stage 14:44:32]     <- load_centroids.gflat_to_rmu  0.4 s
[stage 14:44:32]     -> load_centroids.reshard_insert
[stage 14:44:32]     <- load_centroids.reshard_insert  0.2 s
[stage 14:44:32]     -> load_centroids.loader_load
[phdf5 kchunk-union r0] n_k=3 bytes/rank=754176  prev_h2d_wait=0.01  pin+zero=0.05  spaces=0.01  select=0.01  read=2.20  h2d_setup=0.05  total=2.34 (ms)  [selected_elts=92816]
[stage 14:44:33]     <- load_centroids.loader_load  0.0 s
[stage 14:44:33]     -> load_centroids.gflat_to_rmu
[stage 14:44:33]     <- load_centroids.gflat_to_rmu  0.0 s
[stage 14:44:33]     -> load_centroids.reshard_insert
[stage 14:44:33]     <- load_centroids.reshard_insert  0.0 s
[stage 14:44:33]     -> load_centroids.loader_load
[phdf5 kchunk-union r0] n_k=4 bytes/rank=1005568  prev_h2d_wait=0.00  pin+zero=0.03  spaces=0.00  select=0.01  read=2.26  h2d_setup=0.06  total=2.37 (ms)  [selected_elts=125040]
[stage 14:44:33]     <- load_centroids.loader_load  0.0 s
[stage 14:44:33]     -> load_centroids.gflat_to_rmu
[stage 14:44:33]     <- load_centroids.gflat_to_rmu  0.0 s
[stage 14:44:33]     -> load_centroids.reshard_insert
[stage 14:44:33]     <- load_centroids.reshard_insert  0.0 s
[stage 14:44:33]     -> load_centroids.loader_load
[phdf5 kchunk-union r0] n_k=3 bytes/rank=754176  prev_h2d_wait=0.00  pin+zero=0.02  spaces=0.00  select=0.01  read=1.98  h2d_setup=0.05  total=2.06 (ms)  [selected_elts=92816]
[stage 14:44:33]     <- load_centroids.loader_load  0.0 s
[stage 14:44:33]     -> load_centroids.gflat_to_rmu
[stage 14:44:33]     <- load_centroids.gflat_to_rmu  0.0 s
[stage 14:44:33]     -> load_centroids.reshard_insert
[stage 14:44:33]     <- load_centroids.reshard_insert  0.0 s
[stage 14:44:33]     -> load_centroids.loader_load
[phdf5 kchunk-union r0] n_k=4 bytes/rank=1005568  prev_h2d_wait=0.00  pin+zero=0.02  spaces=0.00  select=0.01  read=2.19  h2d_setup=0.06  total=2.29 (ms)  [selected_elts=125040]
[stage 14:44:33]     <- load_centroids.loader_load  0.0 s
[stage 14:44:33]     -> load_centroids.gflat_to_rmu
[stage 14:44:33]     <- load_centroids.gflat_to_rmu  0.0 s
[stage 14:44:33]     -> load_centroids.reshard_insert
[stage 14:44:33]     <- load_centroids.reshard_insert  0.0 s
[stage 14:44:33]     -> load_centroids.loader_load
[phdf5 kchunk-union r0] n_k=3 bytes/rank=754176  prev_h2d_wait=0.00  pin+zero=0.02  spaces=0.00  select=0.01  read=1.85  h2d_setup=0.05  total=1.93 (ms)  [selected_elts=92816]
[stage 14:44:33]     <- load_centroids.loader_load  0.0 s
[stage 14:44:33]     -> load_centroids.gflat_to_rmu
[stage 14:44:33]     <- load_centroids.gflat_to_rmu  0.0 s
[stage 14:44:33]     -> load_centroids.reshard_insert
[stage 14:44:33]     <- load_centroids.reshard_insert  0.0 s
[stage 14:44:33]     -> load_centroids.loader_load
[phdf5 kchunk-union r0] n_k=4 bytes/rank=1005568  prev_h2d_wait=0.00  pin+zero=0.02  spaces=0.00  select=0.01  read=2.28  h2d_setup=0.06  total=2.38 (ms)  [selected_elts=125040]
[stage 14:44:33]     <- load_centroids.loader_load  0.0 s
[stage 14:44:33]     -> load_centroids.gflat_to_rmu
[stage 14:44:33]     <- load_centroids.gflat_to_rmu  0.0 s
[stage 14:44:33]     -> load_centroids.reshard_insert
[stage 14:44:33]     <- load_centroids.reshard_insert  0.0 s
[stage 14:44:33]     -> load_centroids.loader_load
[phdf5 kchunk-union r0] n_k=3 bytes/rank=754176  prev_h2d_wait=0.00  pin+zero=0.02  spaces=0.00  select=0.01  read=1.96  h2d_setup=0.05  total=2.04 (ms)  [selected_elts=92816]
[stage 14:44:33]     <- load_centroids.loader_load  0.0 s
[stage 14:44:33]     -> load_centroids.gflat_to_rmu
[stage 14:44:33]     <- load_centroids.gflat_to_rmu  0.0 s
[stage 14:44:33]     -> load_centroids.reshard_insert
[stage 14:44:33]     <- load_centroids.reshard_insert  0.0 s
[stage 14:44:33]     -> load_centroids.loader_load
[phdf5 kchunk-union r0] n_k=4 bytes/rank=1005568  prev_h2d_wait=0.00  pin+zero=0.03  spaces=0.00  select=0.01  read=2.33  h2d_setup=0.06  total=2.43 (ms)  [selected_elts=125040]
[stage 14:44:33]     <- load_centroids.loader_load  0.0 s
[stage 14:44:33]     -> load_centroids.gflat_to_rmu
[stage 14:44:33]     <- load_centroids.gflat_to_rmu  0.0 s
[stage 14:44:33]     -> load_centroids.reshard_insert
[stage 14:44:33]     <- load_centroids.reshard_insert  0.0 s
[stage 14:44:33]     -> load_centroids.loader_load
[phdf5 kchunk-union r0] n_k=3 bytes/rank=754176  prev_h2d_wait=0.00  pin+zero=0.02  spaces=0.00  select=0.01  read=1.92  h2d_setup=0.05  total=2.00 (ms)  [selected_elts=92816]
[stage 14:44:33]     <- load_centroids.loader_load  0.0 s
[stage 14:44:33]     -> load_centroids.gflat_to_rmu
[stage 14:44:33]     <- load_centroids.gflat_to_rmu  0.0 s
[stage 14:44:33]     -> load_centroids.reshard_insert
[stage 14:44:33]     <- load_centroids.reshard_insert  0.0 s
[stage 14:44:33]   <- gw_jax.load_centroid_wfns_current  1.5 s
[stage 14:44:34]   -> gw_jax.wavefunction_setup
[stage 14:44:34]   <- gw_jax.wavefunction_setup  0.0 s
  Parent-k Sigma route ready: G contracted on 7 raw WFN parents and Σ_k projected on their bands, broadcast to 36 full k rows by the typed band-index unfold.
  Parent-k Green contraction ready: 7 raw WFN parents -> 36 full k rows.  Full-k FFTs and observables remain unchanged.
  Wavefunctions built: 80 bands on raw parents.
[stage 14:44:34]   -> gw_jax.wavefunction_setup
[stage 14:44:34]   <- gw_jax.wavefunction_setup  0.0 s
  [bispinor] σ^B-side Wfns built on n_rmu_T=200 transverse centroids (face layout; low_mem_bands=true)
[mem_probe pre_v_q] in_use=0.02 GB  peak=0.17 GB  live_count=44 live_total=0.06 GB  nvsmi=1.74 GB nvsmi_peak=1.74 GB
[mem_probe pre_v_q]   complex128 (7, 4, 600, 80) x 1 = 0.02 GB
[mem_probe pre_v_q]   complex128 (7, 80, 4, 600) x 1 = 0.02 GB
[mem_probe pre_v_q]   complex128 (7, 4, 204, 80) x 1 = 0.01 GB
[mem_probe pre_v_q]   complex128 (7, 80, 4, 204) x 1 = 0.01 GB
[mem_probe pre_v_q]   int32 (7, 24, 24, 80) x 1 = 0.00 GB
[mem_probe pre_v_q]   float64 (36, 80) x 6 = 0.00 GB
[mem_probe pre_v_q]   float64 (36, 320) x 1 = 0.00 GB
[mem_probe pre_v_q]   float64 (36, 120) x 1 = 0.00 GB
[mem_probe pre_v_q]   float64 (7, 80) x 4 = 0.00 GB
[mem_probe pre_v_q]   float64 (36, 30) x 1 = 0.00 GB
    V_q bare cutoff: 30.0 Ry
    V_q budget:    30.00 GB

  [bispinor] V_q^{μ_L,ν_L} → /pscratch/sd/j/jackm/sandbox_v2_docs_consolidation_2026-08-14/tmp/worktrees/wt_bisp_prof_s_codex_20260906/runs/MoS2/42_bisp_scale_2026-09-06/prof_s/58_P3_parent_transpose/tmp/v_q_bispinor.h5
[stage 14:44:35]   -> gw_jax.V_q_compute
  [SlabIO.phdf5_ffi] zeta_q.h5 mode=r bytes=135518153 file stripe_count=16 stripe_size=4194304 B cb_nodes=4/4 (the file's inode, not write policy).
[phdf5.hints /pscratch/sd/j/jackm/sandbox_v2_docs_consolidation_2026-08-14/tmp/worktrees/wt_bisp_prof_s_codex_20260906/runs/MoS2/42_bisp_scale_2026-09-06/prof_s/58_P3_parent_transpose/tmp/zeta_q.h5] 24 hints retained by ROMIO:
  romio_cb_pfr                             = disable
  romio_cb_fr_types                        = aar
  cb_align                                 = 2
  cb_buffer_size                           = 16777216
  romio_cb_fr_alignment                    = 1
  romio_cb_ds_threshold                    = 0
  romio_cb_alltoall                        = automatic
  romio_cb_read                            = automatic
  romio_cb_write                           = automatic
  romio_no_indep_rw                        = false
  romio_ds_write                           = automatic
  ind_wr_buffer_size                       = 524288
  romio_ds_read                            = disable
  ind_rd_buffer_size                       = 4194304
  direct_io                                = false
  striping_factor                          = 16
  striping_unit                            = 4194304
  overstriping_factor                      = 0
  romio_lustre_start_iodevice              = -1
  aggregator_placement_stride              = -1
  abort_on_rw_error                        = disable
  cb_config_list                           = *:*
  cb_nodes                                 = 4
  romio_filesystem_type                    = CRAY ADIO:
  [SlabIO.phdf5_ffi] zeta_q_mu1.h5 mode=r bytes=48190804 file stripe_count=16 stripe_size=4194304 B cb_nodes=4/4 (the file's inode, not write policy).
[phdf5.hints /pscratch/sd/j/jackm/sandbox_v2_docs_consolidation_2026-08-14/tmp/worktrees/wt_bisp_prof_s_codex_20260906/runs/MoS2/42_bisp_scale_2026-09-06/prof_s/58_P3_parent_transpose/tmp/zeta_q_mu1.h5] 24 hints retained by ROMIO:
  romio_cb_pfr                             = disable
  romio_cb_fr_types                        = aar
  cb_align                                 = 2
  cb_buffer_size                           = 16777216
  romio_cb_fr_alignment                    = 1
  romio_cb_ds_threshold                    = 0
  romio_cb_alltoall                        = automatic
  romio_cb_read                            = automatic
  romio_cb_write                           = automatic
  romio_no_indep_rw                        = false
  romio_ds_write                           = automatic
  ind_wr_buffer_size                       = 524288
  romio_ds_read                            = disable
  ind_rd_buffer_size                       = 4194304
  direct_io                                = false
  striping_factor                          = 16
  striping_unit                            = 4194304
  overstriping_factor                      = 0
  romio_lustre_start_iodevice              = -1
  aggregator_placement_stride              = -1
  abort_on_rw_error                        = disable
  cb_config_list                           = *:*
  cb_nodes                                 = 4
  romio_filesystem_type                    = CRAY ADIO:
  [SlabIO.phdf5_ffi] zeta_q_mu2.h5 mode=r bytes=48190804 file stripe_count=16 stripe_size=4194304 B cb_nodes=4/4 (the file's inode, not write policy).
[phdf5.hints /pscratch/sd/j/jackm/sandbox_v2_docs_consolidation_2026-08-14/tmp/worktrees/wt_bisp_prof_s_codex_20260906/runs/MoS2/42_bisp_scale_2026-09-06/prof_s/58_P3_parent_transpose/tmp/zeta_q_mu2.h5] 24 hints retained by ROMIO:
  romio_cb_pfr                             = disable
  romio_cb_fr_types                        = aar
  cb_align                                 = 2
  cb_buffer_size                           = 16777216
  romio_cb_fr_alignment                    = 1
  romio_cb_ds_threshold                    = 0
  romio_cb_alltoall                        = automatic
  romio_cb_read                            = automatic
  romio_cb_write                           = automatic
  romio_no_indep_rw                        = false
  romio_ds_write                           = automatic
  ind_wr_buffer_size                       = 524288
  romio_ds_read                            = disable
  ind_rd_buffer_size                       = 4194304
  direct_io                                = false
  striping_factor                          = 16
  striping_unit                            = 4194304
  overstriping_factor                      = 0
  romio_lustre_start_iodevice              = -1
  aggregator_placement_stride              = -1
  abort_on_rw_error                        = disable
  cb_config_list                           = *:*
  cb_nodes                                 = 4
  romio_filesystem_type                    = CRAY ADIO:
  [SlabIO.phdf5_ffi] zeta_q_mu3.h5 mode=r bytes=48190804 file stripe_count=16 stripe_size=4194304 B cb_nodes=4/4 (the file's inode, not write policy).
[phdf5.hints /pscratch/sd/j/jackm/sandbox_v2_docs_consolidation_2026-08-14/tmp/worktrees/wt_bisp_prof_s_codex_20260906/runs/MoS2/42_bisp_scale_2026-09-06/prof_s/58_P3_parent_transpose/tmp/zeta_q_mu3.h5] 24 hints retained by ROMIO:
  romio_cb_pfr                             = disable
  romio_cb_fr_types                        = aar
  cb_align                                 = 2
  cb_buffer_size                           = 16777216
  romio_cb_fr_alignment                    = 1
  romio_cb_ds_threshold                    = 0
  romio_cb_alltoall                        = automatic
  romio_cb_read                            = automatic
  romio_cb_write                           = automatic
  romio_no_indep_rw                        = false
  romio_ds_write                           = automatic
  ind_wr_buffer_size                       = 524288
  romio_ds_read                            = disable
  ind_rd_buffer_size                       = 4194304
  direct_io                                = false
  striping_factor                          = 16
  striping_unit                            = 4194304
  overstriping_factor                      = 0
  romio_lustre_start_iodevice              = -1
  aggregator_placement_stride              = -1
  abort_on_rw_error                        = disable
  cb_config_list                           = *:*
  cb_nodes                                 = 4
  romio_filesystem_type                    = CRAY ADIO:
  [SlabIO.phdf5_ffi] v_q_bispinor.h5 mode=w ranks=4 stripe_count=4 stripe_unit=1048576 B (policy; LORRAX_PHDF5_STRIPE_COUNT/_SIZE_FS override)
[phdf5.hints /pscratch/sd/j/jackm/sandbox_v2_docs_consolidation_2026-08-14/tmp/worktrees/wt_bisp_prof_s_codex_20260906/runs/MoS2/42_bisp_scale_2026-09-06/prof_s/58_P3_parent_transpose/tmp/v_q_bispinor.h5] 24 hints retained by ROMIO:
  romio_cb_pfr                             = disable
  romio_cb_fr_types                        = aar
  cb_align                                 = 2
  cb_buffer_size                           = 16777216
  romio_cb_fr_alignment                    = 1
  romio_cb_ds_threshold                    = 0
  romio_cb_alltoall                        = automatic
  romio_cb_read                            = automatic
  romio_cb_write                           = automatic
  romio_no_indep_rw                        = false
  romio_ds_write                           = automatic
  ind_wr_buffer_size                       = 524288
  romio_ds_read                            = disable
  ind_rd_buffer_size                       = 4194304
  direct_io                                = false
  striping_factor                          = 4
  striping_unit                            = 1048576
  overstriping_factor                      = 0
  romio_lustre_start_iodevice              = -1
  aggregator_placement_stride              = -1
  abort_on_rw_error                        = disable
  cb_config_list                           = *:*
  cb_nodes                                 = 4
  romio_filesystem_type                    = CRAY ADIO:
[ffi-debug proc=0] name=lorrax_io_committed shape=(4,) dtype=int32 spec=P(('x', 'y'),) offset=(0,) valid_shape=(1,) gshape=(1,) local_shapes=[(1,)]
[phdf5-write rank=0 ds=/lorrax_io_committed id=360287970189639681] extent=[1] offset=[0] count=[1] mem_dims=[1] base=[0] valid=[1] collective=1 oob=0 empty=0
[phdf5 write r0] ds=/lorrax_io_committed bytes/rank=4 coll=1 empty=0  d2h_wait=0.01  spaces=0.04  select=0.00  write=2.55  total=2.60 (ms)  0 MB/s
  [SlabIO.close] Python dispatch drained in 0.0 s (no queued data); joining writer thread
  [SlabIO.close] writer thread joined in 0.0 s; calling H5Fclose collectively
  [SlabIO.close] H5Fclose returned in 0.0 s
q-grid TRS policy [bispinor V / one-leg]: time reversal MEASURED to hold; 4 of 36 q rows use a TRS-composed partner so q and -q share one spatial realization, and 4 self-negative q rows carry the one-element TRS projector.
  [bispinor g-flat] tile 1/7 (μ_L=0, ν_L=0)  n_rmu_L=597 n_rmu_R=597  same_zeta=True  use_ibz=True
  V_q g-flat [V_qmunu_CC]: n_q_ibz=7, ngkmax=1964, g_chunk=1964 (1/q), n_rmu_L=597→600, n_rmu_R=597→600, storage=q-IBZ
    [V_qmunu_CC] pre-read all 7 IBZ ζ̃ slabs (1 batched call): 0.15s
    [V_qmunu_CC] q=0/7: kernel=0.23s
    [V_qmunu_CC] q=1/7: kernel=0.00s
    [V_qmunu_CC] q=2/7: kernel=0.00s
    [V_qmunu_CC] q=3/7: kernel=0.00s
    [V_qmunu_CC] q=4/7: kernel=0.00s
    [V_qmunu_CC] q=5/7: kernel=0.00s
    [V_qmunu_CC] q=6/7: kernel=0.00s
  sanity[V_q[CC] IBZ parents]: parent point-group covariance = 3.597e-07 (14/14 little-group ops over 2 parent(s)).  fixed-q TRS projector removed 4.512e-16 (relative).
[phdf5.hints /pscratch/sd/j/jackm/sandbox_v2_docs_consolidation_2026-08-14/tmp/worktrees/wt_bisp_prof_s_codex_20260906/runs/MoS2/42_bisp_scale_2026-09-06/prof_s/58_P3_parent_transpose/tmp/v_q_bispinor.h5] 24 hints retained by ROMIO:
  romio_cb_pfr                             = disable
  romio_cb_fr_types                        = aar
  cb_align                                 = 2
  cb_buffer_size                           = 16777216
  romio_cb_fr_alignment                    = 1
  romio_cb_ds_threshold                    = 0
  romio_cb_alltoall                        = automatic
  romio_cb_read                            = automatic
  romio_cb_write                           = automatic
  romio_no_indep_rw                        = false
  romio_ds_write                           = automatic
  ind_wr_buffer_size                       = 524288
  romio_ds_read                            = disable
  ind_rd_buffer_size                       = 4194304
  direct_io                                = false
  striping_factor                          = 4
  striping_unit                            = 1048576
  overstriping_factor                      = 0
  romio_lustre_start_iodevice              = -1
  aggregator_placement_stride              = -1
  abort_on_rw_error                        = disable
  cb_config_list                           = *:*
  cb_nodes                                 = 4
  romio_filesystem_type                    = CRAY ADIO:
[ffi-debug proc=0] name=lorrax_io_committed shape=(4,) dtype=int32 spec=P(('x', 'y'),) offset=(0,) valid_shape=(1,) gshape=(1,) local_shapes=[(1,)]
[phdf5-write rank=0 ds=/lorrax_io_committed id=360287970189639683] extent=[1] offset=[0] count=[1] mem_dims=[1] base=[0] valid=[1] collective=1 oob=0 empty=0
[phdf5 write r0] ds=/lorrax_io_committed bytes/rank=4 coll=1 empty=0  d2h_wait=0.01  spaces=0.04  select=0.00  write=0.65  total=0.70 (ms)  0 MB/s
[ffi-debug proc=0] name=V_qmunu_CC shape=(7, 600, 600) dtype=complex128 spec=P(None, 'x', 'y') offset=(0, 0, 0) valid_shape=(7, 597, 597) gshape=(7, 597, 597) local_shapes=[(7, 300, 300)]
  [SlabIO.close] draining 1 pending writes for v_q_bispinor.h5 …
[phdf5-write rank=0 ds=/V_qmunu_CC id=360287970189639684] extent=[7,597,597] offset=[0,0,0] count=[7,300,300] mem_dims=[7,300,300] base=[0,0,0] valid=[7,597,597] collective=1 oob=0 empty=0
[phdf5 write r0] ds=/V_qmunu_CC bytes/rank=10080000 coll=1 empty=0  d2h_wait=0.37  spaces=0.04  select=0.00  write=31.79  total=32.20 (ms)  317 MB/s
  [SlabIO.close] Python dispatch drained in 0.1 s (0.04 GB at 364 MB/s); joining writer thread
  [SlabIO.close] writer thread joined in 0.0 s; calling H5Fclose collectively
  [SlabIO.close] H5Fclose returned in 0.0 s
  [bispinor g-flat] tile 2/7 (μ_L=1, ν_L=1)  n_rmu_L=200 n_rmu_R=200  same_zeta=True  use_ibz=True
  V_q g-flat [V_qmunu_TT_11]: n_q_ibz=7, ngkmax=1964, g_chunk=1964 (1/q), n_rmu_L=200→200, n_rmu_R=200→200, storage=q-IBZ
    [V_qmunu_TT_11] pre-read all 7 IBZ ζ̃ slabs (1 batched call): 0.08s
    [V_qmunu_TT_11] q=0/7: kernel=0.22s
    [V_qmunu_TT_11] q=1/7: kernel=0.00s
    [V_qmunu_TT_11] q=2/7: kernel=0.00s
    [V_qmunu_TT_11] q=3/7: kernel=0.00s
    [V_qmunu_TT_11] q=4/7: kernel=0.00s
    [V_qmunu_TT_11] q=5/7: kernel=0.00s
    [V_qmunu_TT_11] q=6/7: kernel=0.00s
[phdf5.hints /pscratch/sd/j/jackm/sandbox_v2_docs_consolidation_2026-08-14/tmp/worktrees/wt_bisp_prof_s_codex_20260906/runs/MoS2/42_bisp_scale_2026-09-06/prof_s/58_P3_parent_transpose/tmp/v_q_bispinor.h5] 24 hints retained by ROMIO:
  romio_cb_pfr                             = disable
  romio_cb_fr_types                        = aar
  cb_align                                 = 2
  cb_buffer_size                           = 16777216
  romio_cb_fr_alignment                    = 1
  romio_cb_ds_threshold                    = 0
  romio_cb_alltoall                        = automatic
  romio_cb_read                            = automatic
  romio_cb_write                           = automatic
  romio_no_indep_rw                        = false
  romio_ds_write                           = automatic
  ind_wr_buffer_size                       = 524288
  romio_ds_read                            = disable
  ind_rd_buffer_size                       = 4194304
  direct_io                                = false
  striping_factor                          = 4
  striping_unit                            = 1048576
  overstriping_factor                      = 0
  romio_lustre_start_iodevice              = -1
  aggregator_placement_stride              = -1
  abort_on_rw_error                        = disable
  cb_config_list                           = *:*
  cb_nodes                                 = 4
  romio_filesystem_type                    = CRAY ADIO:
[ffi-debug proc=0] name=lorrax_io_committed shape=(4,) dtype=int32 spec=P(('x', 'y'),) offset=(0,) valid_shape=(1,) gshape=(1,) local_shapes=[(1,)]
[phdf5-write rank=0 ds=/lorrax_io_committed id=360287970189639686] extent=[1] offset=[0] count=[1] mem_dims=[1] base=[0] valid=[1] collective=1 oob=0 empty=0
[phdf5 write r0] ds=/lorrax_io_committed bytes/rank=4 coll=1 empty=0  d2h_wait=0.01  spaces=0.03  select=0.00  write=0.65  total=0.69 (ms)  0 MB/s
[ffi-debug proc=0] name=V_qmunu_TT_11 shape=(7, 200, 200) dtype=complex128 spec=P(None, 'x', 'y') offset=(0, 0, 0) valid_shape=(7, 200, 200) gshape=(7, 200, 200) local_shapes=[(7, 100, 100)]
  [SlabIO.close] draining 1 pending writes for v_q_bispinor.h5 …
[phdf5-write rank=0 ds=/V_qmunu_TT_11 id=360287970189639687] extent=[7,200,200] offset=[0,0,0] count=[7,100,100] mem_dims=[7,100,100] base=[0,0,0] valid=[7,200,200] collective=1 oob=0 empty=0
[phdf5 write r0] ds=/V_qmunu_TT_11 bytes/rank=1120000 coll=1 empty=0  d2h_wait=0.03  spaces=0.03  select=0.00  write=4.98  total=5.04 (ms)  225 MB/s
  [SlabIO.close] Python dispatch drained in 0.1 s (0.00 GB at 67 MB/s); joining writer thread
  [SlabIO.close] writer thread joined in 0.0 s; calling H5Fclose collectively
  [SlabIO.close] H5Fclose returned in 0.0 s
  [bispinor g-flat] tile 3/7 (μ_L=2, ν_L=2)  n_rmu_L=200 n_rmu_R=200  same_zeta=True  use_ibz=True
  V_q g-flat [V_qmunu_TT_22]: n_q_ibz=7, ngkmax=1964, g_chunk=1964 (1/q), n_rmu_L=200→200, n_rmu_R=200→200, storage=q-IBZ
    [V_qmunu_TT_22] pre-read all 7 IBZ ζ̃ slabs (1 batched call): 0.02s
    [V_qmunu_TT_22] q=0/7: kernel=0.00s
    [V_qmunu_TT_22] q=1/7: kernel=0.00s
    [V_qmunu_TT_22] q=2/7: kernel=0.00s
    [V_qmunu_TT_22] q=3/7: kernel=0.00s
    [V_qmunu_TT_22] q=4/7: kernel=0.00s
    [V_qmunu_TT_22] q=5/7: kernel=0.00s
    [V_qmunu_TT_22] q=6/7: kernel=0.00s
[phdf5.hints /pscratch/sd/j/jackm/sandbox_v2_docs_consolidation_2026-08-14/tmp/worktrees/wt_bisp_prof_s_codex_20260906/runs/MoS2/42_bisp_scale_2026-09-06/prof_s/58_P3_parent_transpose/tmp/v_q_bispinor.h5] 24 hints retained by ROMIO:
  romio_cb_pfr                             = disable
  romio_cb_fr_types                        = aar
  cb_align                                 = 2
  cb_buffer_size                           = 16777216
  romio_cb_fr_alignment                    = 1
  romio_cb_ds_threshold                    = 0
  romio_cb_alltoall                        = automatic
  romio_cb_read                            = automatic
  romio_cb_write                           = automatic
  romio_no_indep_rw                        = false
  romio_ds_write                           = automatic
  ind_wr_buffer_size                       = 524288
  romio_ds_read                            = disable
  ind_rd_buffer_size                       = 4194304
  direct_io                                = false
  striping_factor                          = 4
  striping_unit                            = 1048576
  overstriping_factor                      = 0
  romio_lustre_start_iodevice              = -1
  aggregator_placement_stride              = -1
  abort_on_rw_error                        = disable
  cb_config_list                           = *:*
  cb_nodes                                 = 4
  romio_filesystem_type                    = CRAY ADIO:
[ffi-debug proc=0] name=lorrax_io_committed shape=(4,) dtype=int32 spec=P(('x', 'y'),) offset=(0,) valid_shape=(1,) gshape=(1,) local_shapes=[(1,)]
[phdf5-write rank=0 ds=/lorrax_io_committed id=360287970189639689] extent=[1] offset=[0] count=[1] mem_dims=[1] base=[0] valid=[1] collective=1 oob=0 empty=0
[phdf5 write r0] ds=/lorrax_io_committed bytes/rank=4 coll=1 empty=0  d2h_wait=0.01  spaces=0.05  select=0.00  write=0.32  total=0.38 (ms)  0 MB/s
[ffi-debug proc=0] name=V_qmunu_TT_22 shape=(7, 200, 200) dtype=complex128 spec=P(None, 'x', 'y') offset=(0, 0, 0) valid_shape=(7, 200, 200) gshape=(7, 200, 200) local_shapes=[(7, 100, 100)]
  [SlabIO.close] draining 1 pending writes for v_q_bispinor.h5 …
[phdf5-write rank=0 ds=/V_qmunu_TT_22 id=360287970189639690] extent=[7,200,200] offset=[0,0,0] count=[7,100,100] mem_dims=[7,100,100] base=[0,0,0] valid=[7,200,200] collective=1 oob=0 empty=0
[phdf5 write r0] ds=/V_qmunu_TT_22 bytes/rank=1120000 coll=1 empty=0  d2h_wait=0.04  spaces=0.02  select=0.00  write=4.28  total=4.33 (ms)  262 MB/s
  [SlabIO.close] Python dispatch drained in 0.0 s (0.00 GB at 916 MB/s); joining writer thread
  [SlabIO.close] writer thread joined in 0.0 s; calling H5Fclose collectively
  [SlabIO.close] H5Fclose returned in 0.0 s
  [bispinor g-flat] tile 4/7 (μ_L=3, ν_L=3)  n_rmu_L=200 n_rmu_R=200  same_zeta=True  use_ibz=True
  V_q g-flat [V_qmunu_TT_33]: n_q_ibz=7, ngkmax=1964, g_chunk=1964 (1/q), n_rmu_L=200→200, n_rmu_R=200→200, storage=q-IBZ
    [V_qmunu_TT_33] pre-read all 7 IBZ ζ̃ slabs (1 batched call): 0.02s
    [V_qmunu_TT_33] q=0/7: kernel=0.00s
    [V_qmunu_TT_33] q=1/7: kernel=0.00s
    [V_qmunu_TT_33] q=2/7: kernel=0.00s
    [V_qmunu_TT_33] q=3/7: kernel=0.00s
    [V_qmunu_TT_33] q=4/7: kernel=0.00s
    [V_qmunu_TT_33] q=5/7: kernel=0.00s
    [V_qmunu_TT_33] q=6/7: kernel=0.00s
[phdf5.hints /pscratch/sd/j/jackm/sandbox_v2_docs_consolidation_2026-08-14/tmp/worktrees/wt_bisp_prof_s_codex_20260906/runs/MoS2/42_bisp_scale_2026-09-06/prof_s/58_P3_parent_transpose/tmp/v_q_bispinor.h5] 24 hints retained by ROMIO:
  romio_cb_pfr                             = disable
  romio_cb_fr_types                        = aar
  cb_align                                 = 2
  cb_buffer_size                           = 16777216
  romio_cb_fr_alignment                    = 1
  romio_cb_ds_threshold                    = 0
  romio_cb_alltoall                        = automatic
  romio_cb_read                            = automatic
  romio_cb_write                           = automatic
  romio_no_indep_rw                        = false
  romio_ds_write                           = automatic
  ind_wr_buffer_size                       = 524288
  romio_ds_read                            = disable
  ind_rd_buffer_size                       = 4194304
  direct_io                                = false
  striping_factor                          = 4
  striping_unit                            = 1048576
  overstriping_factor                      = 0
  romio_lustre_start_iodevice              = -1
  aggregator_placement_stride              = -1
  abort_on_rw_error                        = disable
  cb_config_list                           = *:*
  cb_nodes                                 = 4
  romio_filesystem_type                    = CRAY ADIO:
[ffi-debug proc=0] name=lorrax_io_committed shape=(4,) dtype=int32 spec=P(('x', 'y'),) offset=(0,) valid_shape=(1,) gshape=(1,) local_shapes=[(1,)]
[phdf5-write rank=0 ds=/lorrax_io_committed id=360287970189639692] extent=[1] offset=[0] count=[1] mem_dims=[1] base=[0] valid=[1] collective=1 oob=0 empty=0
[phdf5 write r0] ds=/lorrax_io_committed bytes/rank=4 coll=1 empty=0  d2h_wait=0.01  spaces=0.05  select=0.00  write=0.40  total=0.46 (ms)  0 MB/s
[ffi-debug proc=0] name=V_qmunu_TT_33 shape=(7, 200, 200) dtype=complex128 spec=P(None, 'x', 'y') offset=(0, 0, 0) valid_shape=(7, 200, 200) gshape=(7, 200, 200) local_shapes=[(7, 100, 100)]
  [SlabIO.close] draining 1 pending writes for v_q_bispinor.h5 …
[phdf5-write rank=0 ds=/V_qmunu_TT_33 id=360287970189639693] extent=[7,200,200] offset=[0,0,0] count=[7,100,100] mem_dims=[7,100,100] base=[0,0,0] valid=[7,200,200] collective=1 oob=0 empty=0
[phdf5 write r0] ds=/V_qmunu_TT_33 bytes/rank=1120000 coll=1 empty=0  d2h_wait=0.04  spaces=0.01  select=0.00  write=4.16  total=4.21 (ms)  269 MB/s
  [SlabIO.close] Python dispatch drained in 0.0 s (0.00 GB at 969 MB/s); joining writer thread
  [SlabIO.close] writer thread joined in 0.0 s; calling H5Fclose collectively
  [SlabIO.close] H5Fclose returned in 0.0 s
  [bispinor g-flat] tile 5/7 (μ_L=1, ν_L=2)  n_rmu_L=200 n_rmu_R=200  same_zeta=False  use_ibz=True
  V_q g-flat [V_qmunu_TT_12]: n_q_ibz=7, ngkmax=1964, g_chunk=1964 (1/q), n_rmu_L=200→200, n_rmu_R=200→200, storage=q-IBZ
    [V_qmunu_TT_12] pre-read all 7 IBZ ζ̃ slabs (1 batched call): 0.02s
    [V_qmunu_TT_12] q=0/7: kernel=0.21s
    [V_qmunu_TT_12] q=1/7: kernel=0.00s
    [V_qmunu_TT_12] q=2/7: kernel=0.00s
    [V_qmunu_TT_12] q=3/7: kernel=0.00s
    [V_qmunu_TT_12] q=4/7: kernel=0.00s
    [V_qmunu_TT_12] q=5/7: kernel=0.00s
    [V_qmunu_TT_12] q=6/7: kernel=0.00s
[phdf5.hints /pscratch/sd/j/jackm/sandbox_v2_docs_consolidation_2026-08-14/tmp/worktrees/wt_bisp_prof_s_codex_20260906/runs/MoS2/42_bisp_scale_2026-09-06/prof_s/58_P3_parent_transpose/tmp/v_q_bispinor.h5] 24 hints retained by ROMIO:
  romio_cb_pfr                             = disable
  romio_cb_fr_types                        = aar
  cb_align                                 = 2
  cb_buffer_size                           = 16777216
  romio_cb_fr_alignment                    = 1
  romio_cb_ds_threshold                    = 0
  romio_cb_alltoall                        = automatic
  romio_cb_read                            = automatic
  romio_cb_write                           = automatic
  romio_no_indep_rw                        = false
  romio_ds_write                           = automatic
  ind_wr_buffer_size                       = 524288
  romio_ds_read                            = disable
  ind_rd_buffer_size                       = 4194304
  direct_io                                = false
  striping_factor                          = 4
  striping_unit                            = 1048576
  overstriping_factor                      = 0
  romio_lustre_start_iodevice              = -1
  aggregator_placement_stride              = -1
  abort_on_rw_error                        = disable
  cb_config_list                           = *:*
  cb_nodes                                 = 4
  romio_filesystem_type                    = CRAY ADIO:
[ffi-debug proc=0] name=lorrax_io_committed shape=(4,) dtype=int32 spec=P(('x', 'y'),) offset=(0,) valid_shape=(1,) gshape=(1,) local_shapes=[(1,)]
[phdf5-write rank=0 ds=/lorrax_io_committed id=360287970189639694] extent=[1] offset=[0] count=[1] mem_dims=[1] base=[0] valid=[1] collective=1 oob=0 empty=0
[phdf5 write r0] ds=/lorrax_io_committed bytes/rank=4 coll=1 empty=0  d2h_wait=0.01  spaces=0.03  select=0.00  write=5.73  total=5.76 (ms)  0 MB/s
[ffi-debug proc=0] name=V_qmunu_TT_12 shape=(7, 200, 200) dtype=complex128 spec=P(None, 'x', 'y') offset=(0, 0, 0) valid_shape=(7, 200, 200) gshape=(7, 200, 200) local_shapes=[(7, 100, 100)]
  [SlabIO.close] draining 1 pending writes for v_q_bispinor.h5 …
[phdf5-write rank=0 ds=/V_qmunu_TT_12 id=360287970189639695] extent=[7,200,200] offset=[0,0,0] count=[7,100,100] mem_dims=[7,100,100] base=[0,0,0] valid=[7,200,200] collective=1 oob=0 empty=0
[phdf5 write r0] ds=/V_qmunu_TT_12 bytes/rank=1120000 coll=1 empty=0  d2h_wait=0.04  spaces=0.01  select=0.00  write=4.20  total=4.25 (ms)  267 MB/s
  [SlabIO.close] Python dispatch drained in 0.0 s (0.00 GB at 956 MB/s); joining writer thread
  [SlabIO.close] writer thread joined in 0.0 s; calling H5Fclose collectively
  [SlabIO.close] H5Fclose returned in 0.0 s
  [bispinor g-flat] tile 6/7 (μ_L=1, ν_L=3)  n_rmu_L=200 n_rmu_R=200  same_zeta=False  use_ibz=True
  V_q g-flat [V_qmunu_TT_13]: n_q_ibz=7, ngkmax=1964, g_chunk=1964 (1/q), n_rmu_L=200→200, n_rmu_R=200→200, storage=q-IBZ
    [V_qmunu_TT_13] pre-read all 7 IBZ ζ̃ slabs (1 batched call): 0.02s
    [V_qmunu_TT_13] q=0/7: kernel=0.00s
    [V_qmunu_TT_13] q=1/7: kernel=0.00s
    [V_qmunu_TT_13] q=2/7: kernel=0.00s
    [V_qmunu_TT_13] q=3/7: kernel=0.00s
    [V_qmunu_TT_13] q=4/7: kernel=0.00s
    [V_qmunu_TT_13] q=5/7: kernel=0.00s
    [V_qmunu_TT_13] q=6/7: kernel=0.00s
[phdf5.hints /pscratch/sd/j/jackm/sandbox_v2_docs_consolidation_2026-08-14/tmp/worktrees/wt_bisp_prof_s_codex_20260906/runs/MoS2/42_bisp_scale_2026-09-06/prof_s/58_P3_parent_transpose/tmp/v_q_bispinor.h5] 24 hints retained by ROMIO:
  romio_cb_pfr                             = disable
  romio_cb_fr_types                        = aar
  cb_align                                 = 2
  cb_buffer_size                           = 16777216
  romio_cb_fr_alignment                    = 1
  romio_cb_ds_threshold                    = 0
  romio_cb_alltoall                        = automatic
  romio_cb_read                            = automatic
  romio_cb_write                           = automatic
  romio_no_indep_rw                        = false
  romio_ds_write                           = automatic
  ind_wr_buffer_size                       = 524288
  romio_ds_read                            = disable
  ind_rd_buffer_size                       = 4194304
  direct_io                                = false
  striping_factor                          = 4
  striping_unit                            = 1048576
  overstriping_factor                      = 0
  romio_lustre_start_iodevice              = -1
  aggregator_placement_stride              = -1
  abort_on_rw_error                        = disable
  cb_config_list                           = *:*
  cb_nodes                                 = 4
  romio_filesystem_type                    = CRAY ADIO:
[ffi-debug proc=0] name=lorrax_io_committed shape=(4,) dtype=int32 spec=P(('x', 'y'),) offset=(0,) valid_shape=(1,) gshape=(1,) local_shapes=[(1,)]
[phdf5-write rank=0 ds=/lorrax_io_committed id=360287970189639696] extent=[1] offset=[0] count=[1] mem_dims=[1] base=[0] valid=[1] collective=1 oob=0 empty=0
[phdf5 write r0] ds=/lorrax_io_committed bytes/rank=4 coll=1 empty=0  d2h_wait=0.01  spaces=0.03  select=0.00  write=1.24  total=1.28 (ms)  0 MB/s
[ffi-debug proc=0] name=V_qmunu_TT_13 shape=(7, 200, 200) dtype=complex128 spec=P(None, 'x', 'y') offset=(0, 0, 0) valid_shape=(7, 200, 200) gshape=(7, 200, 200) local_shapes=[(7, 100, 100)]
  [SlabIO.close] draining 1 pending writes for v_q_bispinor.h5 …
[phdf5-write rank=0 ds=/V_qmunu_TT_13 id=360287970189639697] extent=[7,200,200] offset=[0,0,0] count=[7,100,100] mem_dims=[7,100,100] base=[0,0,0] valid=[7,200,200] collective=1 oob=0 empty=0
[phdf5 write r0] ds=/V_qmunu_TT_13 bytes/rank=1120000 coll=1 empty=0  d2h_wait=0.04  spaces=0.02  select=0.00  write=4.18  total=4.24 (ms)  268 MB/s
  [SlabIO.close] Python dispatch drained in 0.0 s (0.00 GB at 960 MB/s); joining writer thread
  [SlabIO.close] writer thread joined in 0.0 s; calling H5Fclose collectively
  [SlabIO.close] H5Fclose returned in 0.0 s
  [bispinor g-flat] tile 7/7 (μ_L=2, ν_L=3)  n_rmu_L=200 n_rmu_R=200  same_zeta=False  use_ibz=True
  V_q g-flat [V_qmunu_TT_23]: n_q_ibz=7, ngkmax=1964, g_chunk=1964 (1/q), n_rmu_L=200→200, n_rmu_R=200→200, storage=q-IBZ
    [V_qmunu_TT_23] pre-read all 7 IBZ ζ̃ slabs (1 batched call): 0.02s
    [V_qmunu_TT_23] q=0/7: kernel=0.00s
    [V_qmunu_TT_23] q=1/7: kernel=0.00s
    [V_qmunu_TT_23] q=2/7: kernel=0.00s
    [V_qmunu_TT_23] q=3/7: kernel=0.00s
    [V_qmunu_TT_23] q=4/7: kernel=0.00s
    [V_qmunu_TT_23] q=5/7: kernel=0.00s
    [V_qmunu_TT_23] q=6/7: kernel=0.00s
[phdf5.hints /pscratch/sd/j/jackm/sandbox_v2_docs_consolidation_2026-08-14/tmp/worktrees/wt_bisp_prof_s_codex_20260906/runs/MoS2/42_bisp_scale_2026-09-06/prof_s/58_P3_parent_transpose/tmp/v_q_bispinor.h5] 24 hints retained by ROMIO:
  romio_cb_pfr                             = disable
  romio_cb_fr_types                        = aar
  cb_align                                 = 2
  cb_buffer_size                           = 16777216
  romio_cb_fr_alignment                    = 1
  romio_cb_ds_threshold                    = 0
  romio_cb_alltoall                        = automatic
  romio_cb_read                            = automatic
  romio_cb_write                           = automatic
  romio_no_indep_rw                        = false
  romio_ds_write                           = automatic
  ind_wr_buffer_size                       = 524288
  romio_ds_read                            = disable
  ind_rd_buffer_size                       = 4194304
  direct_io                                = false
  striping_factor                          = 4
  striping_unit                            = 1048576
  overstriping_factor                      = 0
  romio_lustre_start_iodevice              = -1
  aggregator_placement_stride              = -1
  abort_on_rw_error                        = disable
  cb_config_list                           = *:*
  cb_nodes                                 = 4
  romio_filesystem_type                    = CRAY ADIO:
[ffi-debug proc=0] name=lorrax_io_committed shape=(4,) dtype=int32 spec=P(('x', 'y'),) offset=(0,) valid_shape=(1,) gshape=(1,) local_shapes=[(1,)]
[phdf5-write rank=0 ds=/lorrax_io_committed id=360287970189639698] extent=[1] offset=[0] count=[1] mem_dims=[1] base=[0] valid=[1] collective=1 oob=0 empty=0
[phdf5 write r0] ds=/lorrax_io_committed bytes/rank=4 coll=1 empty=0  d2h_wait=0.01  spaces=0.03  select=0.00  write=4.32  total=4.35 (ms)  0 MB/s
[ffi-debug proc=0] name=V_qmunu_TT_23 shape=(7, 200, 200) dtype=complex128 spec=P(None, 'x', 'y') offset=(0, 0, 0) valid_shape=(7, 200, 200) gshape=(7, 200, 200) local_shapes=[(7, 100, 100)]
  [SlabIO.close] draining 1 pending writes for v_q_bispinor.h5 …
[phdf5-write rank=0 ds=/V_qmunu_TT_23 id=360287970189639699] extent=[7,200,200] offset=[0,0,0] count=[7,100,100] mem_dims=[7,100,100] base=[0,0,0] valid=[7,200,200] collective=1 oob=0 empty=0
[phdf5 write r0] ds=/V_qmunu_TT_23 bytes/rank=1120000 coll=1 empty=0  d2h_wait=0.04  spaces=0.02  select=0.00  write=4.16  total=4.22 (ms)  269 MB/s
  [SlabIO.close] Python dispatch drained in 0.0 s (0.00 GB at 954 MB/s); joining writer thread
  [SlabIO.close] writer thread joined in 0.0 s; calling H5Fclose collectively
  [SlabIO.close] H5Fclose returned in 0.0 s
[phdf5.hints /pscratch/sd/j/jackm/sandbox_v2_docs_consolidation_2026-08-14/tmp/worktrees/wt_bisp_prof_s_codex_20260906/runs/MoS2/42_bisp_scale_2026-09-06/prof_s/58_P3_parent_transpose/tmp/v_q_bispinor.h5] 24 hints retained by ROMIO:
  romio_cb_pfr                             = disable
  romio_cb_fr_types                        = aar
  cb_align                                 = 2
  cb_buffer_size                           = 16777216
  romio_cb_fr_alignment                    = 1
  romio_cb_ds_threshold                    = 0
  romio_cb_alltoall                        = automatic
  romio_cb_read                            = automatic
  romio_cb_write                           = automatic
  romio_no_indep_rw                        = false
  romio_ds_write                           = automatic
  ind_wr_buffer_size                       = 524288
  romio_ds_read                            = disable
  ind_rd_buffer_size                       = 4194304
  direct_io                                = false
  striping_factor                          = 4
  striping_unit                            = 1048576
  overstriping_factor                      = 0
  romio_lustre_start_iodevice              = -1
  aggregator_placement_stride              = -1
  abort_on_rw_error                        = disable
  cb_config_list                           = *:*
  cb_nodes                                 = 4
  romio_filesystem_type                    = CRAY ADIO:
[ffi-debug proc=0] name=lorrax_io_committed shape=(4,) dtype=int32 spec=P(('x', 'y'),) offset=(0,) valid_shape=(1,) gshape=(1,) local_shapes=[(1,)]
[phdf5-write rank=0 ds=/lorrax_io_committed id=360287970189639700] extent=[1] offset=[0] count=[1] mem_dims=[1] base=[0] valid=[1] collective=1 oob=0 empty=0
[phdf5 write r0] ds=/lorrax_io_committed bytes/rank=4 coll=1 empty=0  d2h_wait=0.01  spaces=0.04  select=0.00  write=0.30  total=0.35 (ms)  0 MB/s
[ffi-debug proc=0] name=photon_g0_vectors_0 shape=(1, 600) dtype=complex128 spec=P(None, 'x') offset=(0, 0) valid_shape=(1, 597) gshape=(1, 597) local_shapes=[(1, 300)]
[phdf5-write rank=0 ds=/photon_g0_vectors_0 id=360287970189639701] extent=[1,597] offset=[0,0] count=[1,300] mem_dims=[1,300] base=[0,0] valid=[1,597] collective=1 oob=0 empty=0
[phdf5 write r0] ds=/photon_g0_vectors_0 bytes/rank=4800 coll=1 empty=0  d2h_wait=0.01  spaces=0.04  select=0.00  write=0.37  total=0.43 (ms)  13 MB/s
  [SlabIO.flush] v_q_bispinor.h5: 0.00 GB written in 0.1 s (0 MB/s) before creating 'photon_g0_vectors_1'
[ffi-debug proc=0] name=photon_g0_vectors_1 shape=(1, 200) dtype=complex128 spec=P(None, 'x') offset=(0, 0) valid_shape=(1, 200) gshape=(1, 200) local_shapes=[(1, 100)]
[phdf5-write rank=0 ds=/photon_g0_vectors_1 id=360287970189639702] extent=[1,200] offset=[0,0] count=[1,100] mem_dims=[1,100] base=[0,0] valid=[1,200] collective=1 oob=0 empty=0
[phdf5 write r0] ds=/photon_g0_vectors_1 bytes/rank=1600 coll=1 empty=0  d2h_wait=0.01  spaces=0.04  select=0.00  write=0.28  total=0.33 (ms)  6 MB/s
  [SlabIO.flush] v_q_bispinor.h5: 0.00 GB written in 0.1 s (0 MB/s) before creating 'photon_g0_vectors_2'
[ffi-debug proc=0] name=photon_g0_vectors_2 shape=(1, 200) dtype=complex128 spec=P(None, 'x') offset=(0, 0) valid_shape=(1, 200) gshape=(1, 200) local_shapes=[(1, 100)]
[phdf5-write rank=0 ds=/photon_g0_vectors_2 id=360287970189639703] extent=[1,200] offset=[0,0] count=[1,100] mem_dims=[1,100] base=[0,0] valid=[1,200] collective=1 oob=0 empty=0
[phdf5 write r0] ds=/photon_g0_vectors_2 bytes/rank=1600 coll=1 empty=0  d2h_wait=0.01  spaces=0.02  select=0.00  write=0.47  total=0.49 (ms)  3 MB/s
  [SlabIO.flush] v_q_bispinor.h5: 0.00 GB written in 0.0 s (3 MB/s) before creating 'photon_g0_vectors_3'
[ffi-debug proc=0] name=photon_g0_vectors_3 shape=(1, 200) dtype=complex128 spec=P(None, 'x') offset=(0, 0) valid_shape=(1, 200) gshape=(1, 200) local_shapes=[(1, 100)]
  [SlabIO.close] draining 1 pending writes for v_q_bispinor.h5 …
[phdf5-write rank=0 ds=/photon_g0_vectors_3 id=360287970189639704] extent=[1,200] offset=[0,0] count=[1,100] mem_dims=[1,100] base=[0,0] valid=[1,200] collective=1 oob=0 empty=0
[phdf5 write r0] ds=/photon_g0_vectors_3 bytes/rank=1600 coll=1 empty=0  d2h_wait=0.01  spaces=0.02  select=0.00  write=0.20  total=0.22 (ms)  8 MB/s
  [SlabIO.close] Python dispatch drained in 0.0 s (0.00 GB at 5 MB/s); joining writer thread
  [SlabIO.close] writer thread joined in 0.0 s; calling H5Fclose collectively
  [SlabIO.close] H5Fclose returned in 0.0 s
  [SlabIO.close] Python dispatch drained in 0.0 s (no queued data); joining writer thread
  [SlabIO.close] writer thread joined in 0.0 s; calling H5Fclose collectively
  [SlabIO.close] H5Fclose returned in 0.0 s
  [SlabIO.close] Python dispatch drained in 0.0 s (no queued data); joining writer thread
  [SlabIO.close] writer thread joined in 0.0 s; calling H5Fclose collectively
  [SlabIO.close] H5Fclose returned in 0.0 s
  [SlabIO.close] Python dispatch drained in 0.0 s (no queued data); joining writer thread
  [SlabIO.close] writer thread joined in 0.0 s; calling H5Fclose collectively
  [SlabIO.close] H5Fclose returned in 0.0 s
  [SlabIO.close] Python dispatch drained in 0.0 s (no queued data); joining writer thread
  [SlabIO.close] writer thread joined in 0.0 s; calling H5Fclose collectively
  [SlabIO.close] H5Fclose returned in 0.0 s
[stage 14:44:44]   <- gw_jax.V_q_compute  9.4 s
  [SlabIO.phdf5_ffi] v_q_bispinor.h5 mode=r bytes=92734061 file stripe_count=4 stripe_size=1048576 B cb_nodes=4/4 (the file's inode, not write policy).
[phdf5.hints /pscratch/sd/j/jackm/sandbox_v2_docs_consolidation_2026-08-14/tmp/worktrees/wt_bisp_prof_s_codex_20260906/runs/MoS2/42_bisp_scale_2026-09-06/prof_s/58_P3_parent_transpose/tmp/v_q_bispinor.h5] 24 hints retained by ROMIO:
  romio_cb_pfr                             = disable
  romio_cb_fr_types                        = aar
  cb_align                                 = 2
  cb_buffer_size                           = 16777216
  romio_cb_fr_alignment                    = 1
  romio_cb_ds_threshold                    = 0
  romio_cb_alltoall                        = automatic
  romio_cb_read                            = automatic
  romio_cb_write                           = automatic
  romio_no_indep_rw                        = false
  romio_ds_write                           = automatic
  ind_wr_buffer_size                       = 524288
  romio_ds_read                            = disable
  ind_rd_buffer_size                       = 4194304
  direct_io                                = false
  striping_factor                          = 4
  striping_unit                            = 1048576
  overstriping_factor                      = 0
  romio_lustre_start_iodevice              = -1
  aggregator_placement_stride              = -1
  abort_on_rw_error                        = disable
  cb_config_list                           = *:*
  cb_nodes                                 = 4
  romio_filesystem_type                    = CRAY ADIO:
  [SlabIO.close] Python dispatch drained in 0.0 s (no queued data); joining writer thread
  [SlabIO.close] writer thread joined in 0.0 s; calling H5Fclose collectively
  [SlabIO.close] H5Fclose returned in 0.0 s
  [shard_map] using jax.shard_map (jax 0.9.1)

  V_q computed:
    Shape: (36, 600, 600)
    V_q=0 trace: 24447645.0563
[mem_probe post_v_q] in_use=0.09 GB  peak=0.28 GB  live_count=69 live_total=0.36 GB  nvsmi=1.86 GB nvsmi_peak=1.86 GB
[mem_probe post_v_q]   complex128 (36, 600, 600) x 1 = 0.21 GB
[mem_probe post_v_q]   complex128 (36, 300, 300) x 1 = 0.05 GB
[mem_probe post_v_q]   complex128 (7, 600, 600) x 1 = 0.04 GB
[mem_probe post_v_q]   complex128 (7, 4, 600, 80) x 1 = 0.02 GB
[mem_probe post_v_q]   complex128 (7, 80, 4, 600) x 1 = 0.02 GB
[mem_probe post_v_q]   complex128 (7, 4, 204, 80) x 1 = 0.01 GB
[mem_probe post_v_q]   complex128 (7, 80, 4, 204) x 1 = 0.01 GB
[mem_probe post_v_q]   int32 (7, 24, 24, 80) x 1 = 0.00 GB
[mem_probe post_v_q]   complex128 (36, 204) x 3 = 0.00 GB
[mem_probe post_v_q]   complex128 (36, 600) x 1 = 0.00 GB
  [restart_write] restart_q_storage=auto -> ibz (centroid set is orbit-closed (worst residual 1.665e-16 at tol 1.0e-05) and the q path reduced)
  [SlabIO.phdf5_ffi] isdf_tensors_597.h5 mode=w ranks=4 stripe_count=4 stripe_unit=1048576 B (policy; LORRAX_PHDF5_STRIPE_COUNT/_SIZE_FS override)
[phdf5.hints /pscratch/sd/j/jackm/sandbox_v2_docs_consolidation_2026-08-14/tmp/worktrees/wt_bisp_prof_s_codex_20260906/runs/MoS2/42_bisp_scale_2026-09-06/prof_s/58_P3_parent_transpose/tmp/isdf_tensors_597.h5] 24 hints retained by ROMIO:
  romio_cb_pfr                             = disable
  romio_cb_fr_types                        = aar
  cb_align                                 = 2
  cb_buffer_size                           = 16777216
  romio_cb_fr_alignment                    = 1
  romio_cb_ds_threshold                    = 0
  romio_cb_alltoall                        = automatic
  romio_cb_read                            = automatic
  romio_cb_write                           = automatic
  romio_no_indep_rw                        = false
  romio_ds_write                           = automatic
  ind_wr_buffer_size                       = 524288
  romio_ds_read                            = disable
  ind_rd_buffer_size                       = 4194304
  direct_io                                = false
  striping_factor                          = 4
  striping_unit                            = 1048576
  overstriping_factor                      = 0
  romio_lustre_start_iodevice              = -1
  aggregator_placement_stride              = -1
  abort_on_rw_error                        = disable
  cb_config_list                           = *:*
  cb_nodes                                 = 4
  romio_filesystem_type                    = CRAY ADIO:
[ffi-debug proc=0] name=lorrax_io_committed shape=(4,) dtype=int32 spec=P(('x', 'y'),) offset=(0,) valid_shape=(1,) gshape=(1,) local_shapes=[(1,)]
[phdf5-write rank=0 ds=/lorrax_io_committed id=360287970189639706] extent=[1] offset=[0] count=[1] mem_dims=[1] base=[0] valid=[1] collective=1 oob=0 empty=0
[phdf5 write r0] ds=/lorrax_io_committed bytes/rank=4 coll=1 empty=0  d2h_wait=0.01  spaces=0.04  select=0.00  write=0.87  total=0.92 (ms)  0 MB/s
[ffi-debug proc=0] name=V_qmunu shape=(7, 600, 600) dtype=complex128 spec=P(None, 'x', 'y') offset=(0, 0, 0) valid_shape=(7, 597, 597) gshape=(7, 597, 597) local_shapes=[(7, 300, 300)]
  [restart_write] V_qmunu (7, 597, 597) 0.04 GB QUEUED in 0.0 s (transfer time and rate: see the SlabIO.close drain line)
[phdf5-write rank=0 ds=/V_qmunu id=360287970189639707] extent=[7,597,597] offset=[0,0,0] count=[7,300,300] mem_dims=[7,300,300] base=[0,0,0] valid=[7,597,597] collective=1 oob=0 empty=0
[phdf5 write r0] ds=/V_qmunu bytes/rank=10080000 coll=1 empty=0  d2h_wait=0.38  spaces=0.02  select=0.00  write=31.75  total=32.15 (ms)  317 MB/s
  [SlabIO.flush] isdf_tensors_597.h5: 0.04 GB written in 0.0 s (1025 MB/s) before creating 'G0_mu_nu'
[ffi-debug proc=0] name=G0_mu_nu shape=(600,) dtype=complex128 spec=P(None,) offset=(0,) valid_shape=(597,) gshape=(597,) local_shapes=[(600,)]
  [restart_write] G0_mu_nu (597,) 0.00 GB QUEUED in 0.0 s (transfer time and rate: see the SlabIO.close drain line)
[phdf5-write rank=0 ds=/G0_mu_nu id=360287970189639708] extent=[597] offset=[0] count=[597] mem_dims=[600] base=[0] valid=[597] collective=1 oob=0 empty=0
[phdf5 write r0] ds=/G0_mu_nu bytes/rank=9600 coll=1 empty=0  d2h_wait=0.02  spaces=0.04  select=0.00  write=2.30  total=2.36 (ms)  4 MB/s
  [SlabIO.flush] isdf_tensors_597.h5: 0.00 GB written in 0.1 s (0 MB/s) before creating 'enk_full'
[ffi-debug proc=0] name=enk_full shape=(36, 80) dtype=float64 spec=P(None, None) offset=(0, 0) valid_shape=(36, 80) gshape=(36, 80) local_shapes=[(36, 80)]
  [restart_write] enk_full (36, 80) 0.00 GB QUEUED in 0.1 s (transfer time and rate: see the SlabIO.close drain line)
[phdf5-write rank=0 ds=/enk_full id=360287970189639709] extent=[36,80] offset=[0,0] count=[36,80] mem_dims=[36,80] base=[0,0] valid=[36,80] collective=1 oob=0 empty=0
[phdf5 write r0] ds=/enk_full bytes/rank=23040 coll=1 empty=0  d2h_wait=0.01  spaces=0.03  select=0.00  write=3.96  total=4.00 (ms)  6 MB/s
  [SlabIO.flush] isdf_tensors_597.h5: 0.00 GB written in 0.1 s (0 MB/s) before creating 'W0_qmunu'
  [restart_write] W0_qmunu placeholder ALLOCATED (7, 597, 597) 0.04 GB in 0.1 s (no data written)
  [SlabIO.close] Python dispatch drained in 0.0 s (no queued data); joining writer thread
  [SlabIO.close] writer thread joined in 0.0 s; calling H5Fclose collectively
  [SlabIO.close] H5Fclose returned in 0.0 s
[phdf5.hints /pscratch/sd/j/jackm/sandbox_v2_docs_consolidation_2026-08-14/tmp/worktrees/wt_bisp_prof_s_codex_20260906/runs/MoS2/42_bisp_scale_2026-09-06/prof_s/58_P3_parent_transpose/tmp/isdf_tensors_597.h5] 24 hints retained by ROMIO:
  romio_cb_pfr                             = disable
  romio_cb_fr_types                        = aar
  cb_align                                 = 2
  cb_buffer_size                           = 16777216
  romio_cb_fr_alignment                    = 1
  romio_cb_ds_threshold                    = 0
  romio_cb_alltoall                        = automatic
  romio_cb_read                            = automatic
  romio_cb_write                           = automatic
  romio_no_indep_rw                        = false
  romio_ds_write                           = automatic
  ind_wr_buffer_size                       = 524288
  romio_ds_read                            = disable
  ind_rd_buffer_size                       = 4194304
  direct_io                                = false
  striping_factor                          = 4
  striping_unit                            = 1048576
  overstriping_factor                      = 0
  romio_lustre_start_iodevice              = -1
  aggregator_placement_stride              = -1
  abort_on_rw_error                        = disable
  cb_config_list                           = *:*
  cb_nodes                                 = 4
  romio_filesystem_type                    = CRAY ADIO:
[ffi-debug proc=0] name=lorrax_io_committed shape=(4,) dtype=int32 spec=P(('x', 'y'),) offset=(0,) valid_shape=(1,) gshape=(1,) local_shapes=[(1,)]
[phdf5-write rank=0 ds=/lorrax_io_committed id=360287970189639711] extent=[1] offset=[0] count=[1] mem_dims=[1] base=[0] valid=[1] collective=1 oob=0 empty=0
[phdf5 write r0] ds=/lorrax_io_committed bytes/rank=4 coll=1 empty=0  d2h_wait=0.02  spaces=0.06  select=0.00  write=0.84  total=0.92 (ms)  0 MB/s
[ffi-debug proc=0] name=psi_parent_y shape=(7, 80, 4, 600) dtype=complex128 spec=P(None, 'x', None, 'y') offset=(0, 0, 0, 0) valid_shape=(7, 80, 4, 597) gshape=(7, 80, 4, 597) local_shapes=[(7, 40, 4, 300)]
  [restart_write] psi_parent_y (7, 80, 4, 597) 0.02 GB QUEUED in 0.0 s (transfer time and rate: see the SlabIO.close drain line)
[phdf5-write rank=0 ds=/psi_parent_y id=360287970189639712] extent=[7,80,4,597] offset=[0,0,0,0] count=[7,40,4,300] mem_dims=[7,40,4,300] base=[0,0,0,0] valid=[7,80,4,597] collective=1 oob=0 empty=0
[phdf5 write r0] ds=/psi_parent_y bytes/rank=5376000 coll=1 empty=0  d2h_wait=0.19  spaces=0.04  select=0.00  write=18.58  total=18.81 (ms)  289 MB/s
  [SlabIO.flush] isdf_tensors_597.h5: 0.02 GB written in 0.1 s (252 MB/s) before creating 'psi_parent_y_mun'
[ffi-debug proc=0] name=psi_parent_y_mun shape=(7, 4, 600, 80) dtype=complex128 spec=P(None, None, 'x', 'y') offset=(0, 0, 0, 0) valid_shape=(7, 4, 597, 80) gshape=(7, 4, 597, 80) local_shapes=[(7, 4, 300, 40)]
  [restart_write] psi_parent_y_mun (7, 4, 597, 80) 0.02 GB QUEUED in 0.1 s (transfer time and rate: see the SlabIO.close drain line)
[phdf5-write rank=0 ds=/psi_parent_y_mun id=360287970189639713] extent=[7,4,597,80] offset=[0,0,0,0] count=[7,4,300,40] mem_dims=[7,4,300,40] base=[0,0,0,0] valid=[7,4,597,80] collective=1 oob=0 empty=0
[phdf5 write r0] ds=/psi_parent_y_mun bytes/rank=5376000 coll=1 empty=0  d2h_wait=0.20  spaces=0.03  select=0.00  write=2027.45  total=2027.68 (ms)  3 MB/s
  [SlabIO.flush] isdf_tensors_597.h5: 0.02 GB written in 2.1 s (10 MB/s) before creating 'psi_parent_y_transverse'
[ffi-debug proc=0] name=psi_parent_y_transverse shape=(7, 80, 4, 200) dtype=complex128 spec=P(None, 'x', None, 'y') offset=(0, 0, 0, 0) valid_shape=(7, 80, 4, 200) gshape=(7, 80, 4, 200) local_shapes=[(7, 40, 4, 100)]
  [restart_write] psi_parent_y_transverse (7, 80, 4, 200) 0.01 GB QUEUED in 2.1 s (transfer time and rate: see the SlabIO.close drain line)
[phdf5-write rank=0 ds=/psi_parent_y_transverse id=360287970189639714] extent=[7,80,4,200] offset=[0,0,0,0] count=[7,40,4,100] mem_dims=[7,40,4,100] base=[0,0,0,0] valid=[7,80,4,200] collective=1 oob=0 empty=0
[phdf5 write r0] ds=/psi_parent_y_transverse bytes/rank=1792000 coll=1 empty=0  d2h_wait=0.05  spaces=0.03  select=0.00  write=5.34  total=5.43 (ms)  336 MB/s
  [SlabIO.flush] isdf_tensors_597.h5: 0.01 GB written in 0.1 s (107 MB/s) before creating 'psi_parent_y_transverse_mun'
[ffi-debug proc=0] name=psi_parent_y_transverse_mun shape=(7, 4, 200, 80) dtype=complex128 spec=P(None, None, 'x', 'y') offset=(0, 0, 0, 0) valid_shape=(7, 4, 200, 80) gshape=(7, 4, 200, 80) local_shapes=[(7, 4, 100, 40)]
  [restart_write] psi_parent_y_transverse_mun (7, 4, 200, 80) 0.01 GB QUEUED in 0.1 s (transfer time and rate: see the SlabIO.close drain line)
  [SlabIO.close] draining 1 pending writes for isdf_tensors_597.h5 …
[phdf5-write rank=0 ds=/psi_parent_y_transverse_mun id=360287970189639715] extent=[7,4,200,80] offset=[0,0,0,0] count=[7,4,100,40] mem_dims=[7,4,100,40] base=[0,0,0,0] valid=[7,4,200,80] collective=1 oob=0 empty=0
[phdf5 write r0] ds=/psi_parent_y_transverse_mun bytes/rank=1792000 coll=1 empty=0  d2h_wait=0.06  spaces=0.03  select=0.00  write=6.99  total=7.08 (ms)  256 MB/s
  [SlabIO.close] Python dispatch drained in 0.1 s (0.01 GB at 107 MB/s); joining writer thread
  [SlabIO.close] writer thread joined in 0.0 s; calling H5Fclose collectively
  [SlabIO.close] H5Fclose returned in 0.0 s
  Chunked ISDF path complete
[stage 14:44:53] <- ISDF basis + wavefunctions  28.2 s
[stage 14:44:53] -> minimax tau-axis
  Minimax static window: x=[1.271848e-01, 6.345106e+00] Ry, R=49.89, nodes=11, fit_err~3.038e-07  [shipped noncrossing/noncrossing_R_92p361895_eps_6p9em08.npz sha256:af400c601bd42568 gen unrecorded (catalog schema v1) backend unrecorded (catalog schema v1) UNCERTIFIED]
/pscratch/sd/j/jackm/sandbox_v2_docs_consolidation_2026-08-14/tmp/worktrees/wt_bisp_prof_s_codex_20260906/services/minimax/src/minimax/door.py:449: RuntimeWarning: minimax: served noncrossing/inverse R=49.8889 target 1e-07 -> 11 nodes, max_err 3.86e-08, kappa0 unrecorded | shipped noncrossing/noncrossing_R_92p361895_eps_6p9em08.npz sha256:af400c601bd42568 gen unrecorded (catalog schema v1) backend unrecorded (catalog schema v1) UNCERTIFIED
  return lookup(family=family, target=target,
[stage 14:44:55] <- minimax tau-axis  2.2 s
  dipole.h5 provenance OK (WFN 8ed121bdab46…, window nval=4 ncond=4 nband=80, bispinor=True, vnl_velocity_sign=+1.0)
[mem_probe qsgw_head.build_dft_head_response.post_response] in_use=0.08 GB  peak=0.39 GB  live_count=74 live_total=0.32 GB  nvsmi=2.11 GB nvsmi_peak=2.11 GB
[mem_probe qsgw_head.build_dft_head_response.post_response]   complex128 (36, 600, 600) x 1 = 0.21 GB
[mem_probe qsgw_head.build_dft_head_response.post_response]   complex128 (36, 300, 300) x 1 = 0.05 GB
[mem_probe qsgw_head.build_dft_head_response.post_response]   complex128 (7, 4, 600, 80) x 1 = 0.02 GB
[mem_probe qsgw_head.build_dft_head_response.post_response]   complex128 (7, 80, 4, 600) x 1 = 0.02 GB
[mem_probe qsgw_head.build_dft_head_response.post_response]   complex128 (7, 4, 204, 80) x 1 = 0.01 GB
[mem_probe qsgw_head.build_dft_head_response.post_response]   complex128 (7, 80, 4, 204) x 1 = 0.01 GB
[mem_probe qsgw_head.build_dft_head_response.post_response]   int32 (7, 24, 24, 80) x 1 = 0.00 GB
[mem_probe qsgw_head.build_dft_head_response.post_response]   float64 (24, 600, 3) x 2 = 0.00 GB
[mem_probe qsgw_head.build_dft_head_response.post_response]   complex128 (36, 204) x 3 = 0.00 GB
[mem_probe qsgw_head.build_dft_head_response.post_response]   complex128 (36, 600) x 1 = 0.00 GB
  head_correction=full: built direct DFT response and head/body wings on the chi0 transition manifold; finalizing once against the resident W(Gamma).
[stage 14:45:10] -> screening (chi0 -> W)
Started screening (chi0 -> W) at 14:45:10.
[stage 14:45:10]   -> gw_jax.chi0_W
[stage 14:45:10]     -> W[static] chi0 compile
[lorrax cusolverMp] library 0.9.1, NCCL 2.29.3, comm path: NCCL, grid: 2x2 (row-major)
  [distrib_la] shard_map via jax.shard_map (jax 0.9.1)
[lorrax cuBLASMp] library 1.0.0, comm path: NCCL
[stage 14:45:13]     <- W[static] chi0 compile  3.1 s
[stage 14:45:13]     -> W[static] chi0 build (11 tau nodes, 36 q, mu=597)
[cufft_flat_k] flat_k first call: nk=(6,6,1) T=1440000 fwd=1 scale=1.666667e-01 inplace=1
[cufft_flat_k] plan dims=(6,6,1) stride=1440000 batch=1440000 workspace=0.0 MB
[cufft_flat_k] workspace arena -> 0.0 MB
[cufft_flat_k] NVRTC kernels compiled for sm_80 (20200 B cubin, device 0)
[cufft_flat_k] plan dims=(6,6,1) stride=90000 batch=90000 workspace=0.0 MB
[stage 14:45:14]     <- W[static] chi0 build (11 tau nodes, 36 q, mu=597)  0.8 s
[stage 14:45:14]     -> W.slice_to_ibz
[stage 14:45:15]     <- W.slice_to_ibz  0.9 s
[stage 14:45:15]     -> W[static] Dyson compile
  [W solve] w_dyson_solver=distributed -> solve_lu: 'distributed' -> cusolvermp (ONE tile over the 2x2 mesh at P('x','y'), n=600); batched 'auto' -> backend_batched
[stage 14:45:15]     <- W[static] Dyson compile  0.0 s
[stage 14:45:15]     -> W[static] Dyson solve (7 q, mu=597, IBZ wedge)
  [collective chunk] W Dyson A-build (GEMM): nq=7 q_block=7 (1 executions) max collective/exec = 20.2 MB (cap 134.2 MB, unchunked would be 0.020 GB)
[stage 14:45:17]     <- W[static] Dyson solve (7 q, mu=597, IBZ wedge)  2.3 s
[stage 14:45:17]     -> W.unfold_to_full_bz
q-grid TRS policy [W[W[static]] RPA]: time reversal MEASURED to hold; 4 of 36 q rows use a TRS-composed partner so q and -q share one spatial realization, and 4 self-negative q rows carry the one-element TRS projector.
  sanity[W[W[static]] IBZ parents]: parent point-group covariance = 2.806e-07 (14/14 little-group ops over 2 parent(s)).  fixed-q TRS projector removed 0.000e+00 (relative).
[stage 14:45:21]     <- W.unfold_to_full_bz  3.3 s
[stage 14:45:21]   <- gw_jax.chi0_W  10.3 s
[stage 14:45:21]   -> W.gate
[stage 14:45:22]   <- W.gate  1.5 s
[ 14:45:22 | █████░░░░░ |  50% ] W role 1 / 2 · ETA 12 s
  PPM imag-freq quadrature (ωp=2.0000 Ry): R=49.9, nodes=8, err~2.4e-08  [cache /global/homes/j/jackm/.cache/lorrax/minimax_quadratures/noncrossing_imag_v2_873c563ad2174e1ba2054b83a02ffc0fc14101b66805ef1ce600ca9de0d5f4d6.npz sha256:845fa37947ddce88 gen n/a (solved in-process) backend cpu:numpy-2.5.2/scipy-1.18.1/x86_64 UNCERTIFIED]
/pscratch/sd/j/jackm/sandbox_v2_docs_consolidation_2026-08-14/tmp/worktrees/wt_bisp_prof_s_codex_20260906/services/minimax/src/minimax/door.py:468: RuntimeWarning: minimax: UNCERTIFIED SOLVE noncrossing_imag/inverse_imag R=49.8889 target 1e-07 n_max=64 -> 8 nodes, max_err 3.1e-09, sum|w| 905, kappa0 597.2 | cache /global/homes/j/jackm/.cache/lorrax/minimax_quadratures/noncrossing_imag_v2_873c563ad2174e1ba2054b83a02ffc0fc14101b66805ef1ce600ca9de0d5f4d6.npz sha256:845fa37947ddce88 gen n/a (solved in-process) backend cpu:numpy-2.5.2/scipy-1.18.1/x86_64 UNCERTIFIED -- UNCERTIFIED, NOT REPRODUCIBLE ACROSS HOSTS.  No shipped table matched this request, so the rule was computed in-process by a SciPy optimiser whose answer depends on this machine's LAPACK (three hosts, three answers, kappa0 varying by 900x -- survey section 2.4).  LORRAX_MINIMAX_ALLOW_RUNTIME_SOLVE=0 makes this a refusal instead.
  return solve_uncertified(
[stage 14:45:22]   -> gw_jax.chi0_W_probe
[stage 14:45:22]     -> W[probe] chi0 compile
[stage 14:45:23]     <- W[probe] chi0 compile  1.1 s
[stage 14:45:23]     -> W[probe] chi0 build (8 tau nodes, 36 q, mu=597)
[stage 14:45:24]     <- W[probe] chi0 build (8 tau nodes, 36 q, mu=597)  0.4 s
[stage 14:45:24]     -> W[probe] Dyson compile
[stage 14:45:24]     <- W[probe] Dyson compile  0.0 s
[stage 14:45:24]     -> W[probe] Dyson solve (36 q, mu=597, full BZ)
  [collective chunk] W Dyson A-build (GEMM): nq=36 q_block=36 (1 executions) max collective/exec = 103.7 MB (cap 134.2 MB, unchunked would be 0.104 GB)
[stage 14:45:25]     <- W[probe] Dyson solve (36 q, mu=597, full BZ)  1.4 s
[stage 14:45:25]   <- gw_jax.chi0_W_probe  2.9 s
[stage 14:45:25]   -> W.gate
[stage 14:45:25]   <- W.gate  0.0 s
[ 14:45:25 | ██████████ | 100% ] W role 2 / 2 · ETA 0 s
Finished screening (chi0 -> W) at 14:45:25.  Elapsed: 15 s.
[stage 14:45:25]   -> W.restore_spilled_roles
[stage 14:45:25]   <- W.restore_spilled_roles  0.0 s
  [photon head] Hall term: sigma_H = 0 (no static_gauge_hall_file named).  For a Chern-trivial insulator the static Hall coefficient is exactly zero; supply the artifact from get_dipole_mtxels --static-gauge-hall-only to include a measured value.
q-grid TRS policy [packed photon response]: time reversal MEASURED to hold; 4 of 36 q rows use a TRS-composed partner so q and -q share one spatial realization, and 4 self-negative q rows carry the one-element TRS projector.
q-grid TRS policy [photon V reader]: time reversal MEASURED to hold; 4 of 36 q rows use a TRS-composed partner so q and -q share one spatial realization, and 4 self-negative q rows carry the one-element TRS projector.
[phdf5.hints /pscratch/sd/j/jackm/sandbox_v2_docs_consolidation_2026-08-14/tmp/worktrees/wt_bisp_prof_s_codex_20260906/runs/MoS2/42_bisp_scale_2026-09-06/prof_s/58_P3_parent_transpose/tmp/v_q_bispinor.h5] 24 hints retained by ROMIO:
  romio_cb_pfr                             = disable
  romio_cb_fr_types                        = aar
  cb_align                                 = 2
  cb_buffer_size                           = 16777216
  romio_cb_fr_alignment                    = 1
  romio_cb_ds_threshold                    = 0
  romio_cb_alltoall                        = automatic
  romio_cb_read                            = automatic
  romio_cb_write                           = automatic
  romio_no_indep_rw                        = false
  romio_ds_write                           = automatic
  ind_wr_buffer_size                       = 524288
  romio_ds_read                            = disable
  ind_rd_buffer_size                       = 4194304
  direct_io                                = false
  striping_factor                          = 4
  striping_unit                            = 1048576
  overstriping_factor                      = 0
  romio_lustre_start_iodevice              = -1
  aggregator_placement_stride              = -1
  abort_on_rw_error                        = disable
  cb_config_list                           = *:*
  cb_nodes                                 = 4
  romio_filesystem_type                    = CRAY ADIO:
  [SlabIO.close] Python dispatch drained in 0.0 s (no queued data); joining writer thread
  [SlabIO.close] writer thread joined in 0.0 s; calling H5Fclose collectively
  [SlabIO.close] H5Fclose returned in 0.0 s
  [photon response] DECLARED no-pair model Psi=(Psi_L,(alpha_FS/2)*sigma.p*Psi_L), j=c*Psi^dagger*alpha*Psi; bubble-screened Breit; current_contact=ward_subtracted_no_pair; head_correction=full
  [photon response] packed body N_packed=1212 (n_C=600 + 3*n_T=204), nq=7: 0.0411 GB/rank resident for EACH of V and W
[cufft_flat_k] plan dims=(6,6,1) stride=489600 batch=489600 workspace=0.0 MB
[cufft_flat_k] plan dims=(6,6,1) stride=30600 batch=30600 workspace=0.0 MB
[cufft_flat_k] plan dims=(6,6,1) stride=166464 batch=166464 workspace=0.0 MB
[cufft_flat_k] plan dims=(6,6,1) stride=10404 batch=10404 workspace=0.0 MB
  [W solve] w_dyson_solver=distributed -> solve_lu: 'distributed' -> cusolvermp (ONE tile over the 2x2 mesh at P('x','y'), n=1212); batched 'auto' -> backend_batched
  [collective chunk] W Dyson A-build (GEMM): nq=7 q_block=7 (1 executions) max collective/exec = 82.3 MB (cap 134.2 MB, unchunked would be 0.082 GB)
  dipole.h5 provenance OK (WFN 8ed121bdab46…, window nval=4 ncond=4 nband=80, bispinor=True, vnl_velocity_sign=+1.0)
[mem_probe qsgw_head.build_dft_head_response.post_response] in_use=0.30 GB  peak=3.15 GB  live_count=86 live_total=1.20 GB  nvsmi=8.59 GB nvsmi_peak=8.59 GB
[mem_probe qsgw_head.build_dft_head_response.post_response]   complex128 (36, 600, 600) x 3 = 0.62 GB
[mem_probe qsgw_head.build_dft_head_response.post_response]   complex128 (7, 1212, 1212) x 2 = 0.33 GB
[mem_probe qsgw_head.build_dft_head_response.post_response]   complex128 (36, 300, 300) x 2 = 0.10 GB
[mem_probe qsgw_head.build_dft_head_response.post_response]   complex128 (7, 606, 606) x 1 = 0.04 GB
[mem_probe qsgw_head.build_dft_head_response.post_response]   complex128 (7, 600, 600) x 1 = 0.04 GB
[mem_probe qsgw_head.build_dft_head_response.post_response]   complex128 (7, 4, 600, 80) x 1 = 0.02 GB
[mem_probe qsgw_head.build_dft_head_response.post_response]   complex128 (7, 80, 4, 600) x 1 = 0.02 GB
[mem_probe qsgw_head.build_dft_head_response.post_response]   complex128 (7, 4, 204, 80) x 1 = 0.01 GB
[mem_probe qsgw_head.build_dft_head_response.post_response]   complex128 (7, 80, 4, 204) x 1 = 0.01 GB
[mem_probe qsgw_head.build_dft_head_response.post_response]   int32 (7, 24, 24, 80) x 1 = 0.00 GB
  [photon head] Gamma-cell completion applied: bare <D> into V, charge S00/wing head into W; hall_source=none: sigma_H = 0 (no static_gauge_hall_file); ward=0.000e+00, hermiticity=1.910e-18, dyson_forward_bound=4.810e-15
  static photon route: full_static_cohsex (sixteen chi blocks, one packed Dyson solve); DYNAMIC packed route: the CC block carries compute_mode = gn_ppm at every omega and the fifteen current blocks are frozen at omega = 0
  static photon response: approximation=gamma_completed_no_pair_static_photon_v1, current_model=positive_energy_kinetic_balance_dirac_current_v1, current_contact=ward_subtracted_no_pair, packed_extent=1212
Photon Sigma   : dynamic packed route -- W_packed(omega) = diag(W_00(omega), W_TT, W_CT) with compute_mode = gn_ppm on the CHARGE block and the fifteen current blocks STATIC (omega = 0). The charge q->0 head is the dynamic model's; the TT/CT q->0 head is the packed Gamma-cell completion's. Sigma^B is the TT block of the packed operator, not a separate term.
Photon head    : Gamma-cell completion applied (bare <D> into V, charge S00/wing head into W); hall_source=none: sigma_H = 0 (no static_gauge_hall_file); sigma_H=[0.0, 0.0, 0.0] bohr^-1; ward=0.000e+00; hermiticity=1.910e-18; dyson_forward_bound=4.810e-15; cubature_orders=(16, 24, 32)
Photon WS cert : orders=(16, 24, 32); nodes=(1536, 3456, 6144); final_error_ratio=1.309e-01; max_dyson_backward_residual=4.171e-17
[stage 14:45:58] <- screening (chi0 -> W)  47.2 s
  Parent-k Green carrier detached from the screening view (the Sigma view keeps it).
[mem_probe qsgw_head.finalize_head_samples.pre_fold] in_use=0.31 GB  peak=3.15 GB  live_count=98 live_total=1.25 GB  nvsmi=8.61 GB nvsmi_peak=8.61 GB
[mem_probe qsgw_head.finalize_head_samples.pre_fold]   complex128 (36, 600, 600) x 3 = 0.62 GB
[mem_probe qsgw_head.finalize_head_samples.pre_fold]   complex128 (7, 1212, 1212) x 2 = 0.33 GB
[mem_probe qsgw_head.finalize_head_samples.pre_fold]   complex128 (36, 300, 300) x 2 = 0.10 GB
[mem_probe qsgw_head.finalize_head_samples.pre_fold]   complex128 (7, 606, 606) x 2 = 0.08 GB
[mem_probe qsgw_head.finalize_head_samples.pre_fold]   complex128 (7, 600, 600) x 1 = 0.04 GB
[mem_probe qsgw_head.finalize_head_samples.pre_fold]   complex128 (7, 4, 600, 80) x 1 = 0.02 GB
[mem_probe qsgw_head.finalize_head_samples.pre_fold]   complex128 (7, 80, 4, 600) x 1 = 0.02 GB
[mem_probe qsgw_head.finalize_head_samples.pre_fold]   complex128 (2, 600, 600) x 1 = 0.01 GB
[mem_probe qsgw_head.finalize_head_samples.pre_fold]   complex128 (7, 4, 204, 80) x 1 = 0.01 GB
[mem_probe qsgw_head.finalize_head_samples.pre_fold]   complex128 (7, 80, 4, 204) x 1 = 0.01 GB
[mem_probe qsgw_head.finalize_head_samples.post_fold] in_use=0.31 GB  peak=3.15 GB  live_count=99 live_total=1.25 GB  nvsmi=8.61 GB nvsmi_peak=8.61 GB
[mem_probe qsgw_head.finalize_head_samples.post_fold]   complex128 (36, 600, 600) x 3 = 0.62 GB
[mem_probe qsgw_head.finalize_head_samples.post_fold]   complex128 (7, 1212, 1212) x 2 = 0.33 GB
[mem_probe qsgw_head.finalize_head_samples.post_fold]   complex128 (36, 300, 300) x 2 = 0.10 GB
[mem_probe qsgw_head.finalize_head_samples.post_fold]   complex128 (7, 606, 606) x 2 = 0.08 GB
[mem_probe qsgw_head.finalize_head_samples.post_fold]   complex128 (7, 600, 600) x 1 = 0.04 GB
[mem_probe qsgw_head.finalize_head_samples.post_fold]   complex128 (7, 4, 600, 80) x 1 = 0.02 GB
[mem_probe qsgw_head.finalize_head_samples.post_fold]   complex128 (7, 80, 4, 600) x 1 = 0.02 GB
[mem_probe qsgw_head.finalize_head_samples.post_fold]   complex128 (2, 600, 600) x 1 = 0.01 GB
[mem_probe qsgw_head.finalize_head_samples.post_fold]   complex128 (7, 4, 204, 80) x 1 = 0.01 GB
[mem_probe qsgw_head.finalize_head_samples.post_fold]   complex128 (7, 80, 4, 204) x 1 = 0.01 GB
[mem_probe qsgw_head.head_samples_from_s.pre_readback] in_use=0.31 GB  peak=3.15 GB  live_count=99 live_total=1.25 GB  nvsmi=8.61 GB nvsmi_peak=8.61 GB
[mem_probe qsgw_head.head_samples_from_s.pre_readback]   complex128 (36, 600, 600) x 3 = 0.62 GB
[mem_probe qsgw_head.head_samples_from_s.pre_readback]   complex128 (7, 1212, 1212) x 2 = 0.33 GB
[mem_probe qsgw_head.head_samples_from_s.pre_readback]   complex128 (36, 300, 300) x 2 = 0.10 GB
[mem_probe qsgw_head.head_samples_from_s.pre_readback]   complex128 (7, 606, 606) x 2 = 0.08 GB
[mem_probe qsgw_head.head_samples_from_s.pre_readback]   complex128 (7, 600, 600) x 1 = 0.04 GB
[mem_probe qsgw_head.head_samples_from_s.pre_readback]   complex128 (7, 4, 600, 80) x 1 = 0.02 GB
[mem_probe qsgw_head.head_samples_from_s.pre_readback]   complex128 (7, 80, 4, 600) x 1 = 0.02 GB
[mem_probe qsgw_head.head_samples_from_s.pre_readback]   complex128 (2, 600, 600) x 1 = 0.01 GB
[mem_probe qsgw_head.head_samples_from_s.pre_readback]   complex128 (7, 4, 204, 80) x 1 = 0.01 GB
[mem_probe qsgw_head.head_samples_from_s.pre_readback]   complex128 (7, 80, 4, 204) x 1 = 0.01 GB
[vcoul] q0_average rule = wigner_seitz_polygon (production): exact Wigner-Seitz polygon, 6 edges, orders (16, 24, 32), nodes (1536, 3456, 6144); <v>=4098.80028 a.u.; ladder error_ratio=2.538e-06 (<= 1 required).  Same receipt the packed Gamma completion consumes.
[vcoul] q0_average rule = wigner_seitz_polygon (production): exact Wigner-Seitz polygon, 6 edges, orders (16, 24, 32), nodes (1536, 3456, 6144); <v>=4098.80028 a.u.; ladder error_ratio=1.223e-08 (<= 1 required).  Same receipt the packed Gamma completion consumes.
[stage 14:45:58] -> gw_jax.persist_w0
[stage 14:45:58]   -> persist_w0.head_static
[stage 14:45:58]   <- persist_w0.head_static  0.0 s
[stage 14:45:58]   -> persist_w0.head_imag
[stage 14:45:58]   <- persist_w0.head_imag  0.0 s
[stage 14:45:58]   -> persist_w0.resolve
  [restart_write] restart_q_storage=auto -> ibz (centroid set is orbit-closed (worst residual 1.665e-16 at tol 1.0e-05) and the q path reduced)
[stage 14:45:58]   <- persist_w0.resolve  0.0 s
[stage 14:45:58]   -> persist_w0.write_w0
[phdf5.hints /pscratch/sd/j/jackm/sandbox_v2_docs_consolidation_2026-08-14/tmp/worktrees/wt_bisp_prof_s_codex_20260906/runs/MoS2/42_bisp_scale_2026-09-06/prof_s/58_P3_parent_transpose/tmp/isdf_tensors_597.h5] 24 hints retained by ROMIO:
  romio_cb_pfr                             = disable
  romio_cb_fr_types                        = aar
  cb_align                                 = 2
  cb_buffer_size                           = 16777216
  romio_cb_fr_alignment                    = 1
  romio_cb_ds_threshold                    = 0
  romio_cb_alltoall                        = automatic
  romio_cb_read                            = automatic
  romio_cb_write                           = automatic
  romio_no_indep_rw                        = false
  romio_ds_write                           = automatic
  ind_wr_buffer_size                       = 524288
  romio_ds_read                            = disable
  ind_rd_buffer_size                       = 4194304
  direct_io                                = false
  striping_factor                          = 4
  striping_unit                            = 1048576
  overstriping_factor                      = 0
  romio_lustre_start_iodevice              = -1
  aggregator_placement_stride              = -1
  abort_on_rw_error                        = disable
  cb_config_list                           = *:*
  cb_nodes                                 = 4
  romio_filesystem_type                    = CRAY ADIO:
[ffi-debug proc=0] name=lorrax_io_committed shape=(4,) dtype=int32 spec=P(('x', 'y'),) offset=(0,) valid_shape=(1,) gshape=(1,) local_shapes=[(1,)]
[phdf5-write rank=0 ds=/lorrax_io_committed id=360287970189639723] extent=[1] offset=[0] count=[1] mem_dims=[1] base=[0] valid=[1] collective=1 oob=0 empty=0
[phdf5 write r0] ds=/lorrax_io_committed bytes/rank=4 coll=1 empty=0  d2h_wait=0.01  spaces=0.04  select=0.00  write=0.39  total=0.44 (ms)  0 MB/s
[ffi-debug proc=0] name=W0_qmunu shape=(7, 600, 600) dtype=complex128 spec=P(None, 'x', 'y') offset=(0, 0, 0) valid_shape=(7, 597, 597) gshape=(7, 597, 597) local_shapes=[(7, 300, 300)]
  [restart_write] W0_qmunu (7, 597, 597) 0.04 GB QUEUED in 0.0 s (transfer time and rate: see the SlabIO.close drain line)
  [SlabIO.close] draining 1 pending writes for isdf_tensors_597.h5 …
[phdf5-write rank=0 ds=/W0_qmunu id=360287970189639724] extent=[7,597,597] offset=[0,0,0] count=[7,300,300] mem_dims=[7,300,300] base=[0,0,0] valid=[7,597,597] collective=1 oob=0 empty=0
[phdf5 write r0] ds=/W0_qmunu bytes/rank=10080000 coll=1 empty=0  d2h_wait=0.38  spaces=0.02  select=0.00  write=32.30  total=32.70 (ms)  312 MB/s
  [SlabIO.close] Python dispatch drained in 0.0 s (0.04 GB at 1009 MB/s); joining writer thread
  [SlabIO.close] writer thread joined in 0.0 s; calling H5Fclose collectively
  [SlabIO.close] H5Fclose returned in 0.0 s
[stage 14:45:59]   <- persist_w0.write_w0  0.8 s
[stage 14:45:59]   -> persist_w0.write_head
[stage 14:45:59]   <- persist_w0.write_head  0.0 s
  Persisted W0_qmunu + q=0 head scalars: vhead=4098.800 a.u.,  whead[ω=0]=1388.685 a.u.,  whead[iωp]=3719.545 a.u.
[stage 14:45:59] <- gw_jax.persist_w0  0.9 s
[stage 14:45:59] -> gw_jax.static_head

------------------------------------------------------------------------
  FINITE-SIZE CORRECTIONS
------------------------------------------------------------------------
  Head source: head_schur
  v(q→0)  =     4098.800 a.u.  (bare Coulomb head)
  W(q→0)  =     1388.685 a.u.  (screened Coulomb head)
  ΔW      =    -2710.115 a.u.  (screening correction)

------------------------------------------------------------------------
  STATIC HEAD TERMS (exact COHSEX / BGW-style)
------------------------------------------------------------------------
  Head source: head_schur
  v_h(q→0)           =  4098.800278 a.u.
  W_h(q→0, ω=0)      =  1388.685455 a.u.
  W_h^c              = -2710.114824 a.u.
  Σ^X head (occ)     = -1.621409e-01 Ry
  Σ^SX head (occ)    = -5.493382e-02 Ry
  Σ^(SX-X) head(occ) = 1.072071e-01 Ry
  Σ^COH head (all)   = -5.360356e-02 Ry
[stage 14:46:00] <- gw_jax.static_head  0.9 s
[stage 14:46:00] -> gw_jax.sigma
[fft_ffi] flat-k 3-D FFTs -> cuFFT strided CUDA FFI handler (lorrax_mklfft_gw_conv): cufftPlanMany64 advanced layout (istride=T, idist=1 — the stride-descriptor analog) reading the dot-layout tile in place; jnp.fft norm scales applied by a fused device kernel.
[cufft_flat_k] gw_conv first call: nk=(6,6,1) G trail (a=4,mx=300,b=4,my=300) Tg=1440000 Tv=90000 scale_i=1.666667e-01 scale_f=-2.777778e-02 aliased=1 vr_arena=51.8 MB
[cufft_flat_k] V_R arena -> 51.8 MB
  packed photon Sigma term 0 class (0, 1) submitted
  packed photon Sigma term 0 class (1, 0) submitted
  packed photon Sigma term 0 class (1, 1) submitted
  packed photon Sigma term 1 class (0, 1) submitted
  packed photon Sigma term 1 class (1, 0) submitted
  packed photon Sigma term 1 class (1, 1) submitted
  packed photon Sigma term 2 class (0, 1) submitted
  packed photon Sigma term 2 class (1, 0) submitted
  packed photon Sigma term 2 class (1, 1) submitted
  packed photon current sector (static, w = 0): bare exchange max|diag| = 4.030986e-03 eV, static correlation max|diag| = 3.120657e-08 eV (exactly zero in the bare-transverse family, where W_TT = D_TT and W_CT = 0); both booked into sigX
  V_H: exact FFT-grid matrix built live in G-space (ρ: one psum; Poisson: replicated; matrix elements: two-axis band sharded; star broadcast stays on device).
[stage 14:46:16]   -> vh_collective_bootstrap
[stage 14:46:16]   <- vh_collective_bootstrap  0.1 s

Building valence density from 26 occupied bands (P=4, 36 k-points)...
[stage 14:46:16]   -> vh_rho
    rho + signed J/c sweep: 72 (k, band-chunk) items over P=4 ranks; this rank has 18
    rho: item 1/18 (k=1/36, bands [0,13))...
[stage 14:46:17]     -> vh_rho_psum
[stage 14:46:17]     <- vh_rho_psum  0.0 s
[stage 14:46:17]   <- vh_rho  1.4 s
    Dirac-current G=0 diagnostic (J=j/c; gauged V_NL current is absent): ||J0||=1.559016e-14, ||J||=3.181983e-12, ratio=4.899510e-03; periodic TT sets G=0 to zero
    Dirac-current symmetry projection: rows=24 (antiunitary=12), movement=1.000000e+00, residual=6.171558e-17 <= 2.729417e-11 (delta_R=2.695311e-11 + floating=3.410605e-13); alpha.A matrix remains on the authenticated star wedge
[stage 14:46:18]   -> vh_transverse_field
[stage 14:46:31]   <- vh_transverse_field  13.6 s
    rho symmetrisation: 12 space-group operations, max|Δρ|/max|ρ| = 1.305e-11
    rho normalisation: ∫ρ d³r = 26.000787 e (expected 26.000000, rel err 3.03e-05)
    Hartree Coulomb: 2D slab-truncated (Ismail-Beigi)
    Hartree energy (½∫ρV_H) = 436.717363 Ry
[phdf5 kchunk-union r0] n_k=7 bytes/rank=3519488  prev_h2d_wait=0.03  pin+zero=3.60  spaces=0.02  select=0.02  read=9.09  h2d_setup=0.18  total=12.93 (ms)  [selected_elts=435712]

⟨mk|V_H|nk⟩ + <m|sum_i alpha_i A_i|n>: one k-scan over 7 STAR-WEDGE k-points (broadcast to 36 full-BZ k), 32 bands sharded over P=4; charge nspinor=4...
[stage 14:46:36]   -> vh_matrix
[stage 14:46:36]     -> mtxel.sweep
[stage 14:46:37]     <- mtxel.sweep  0.5 s
[stage 14:46:38]   <- vh_matrix  1.2 s
[stage 14:46:38]   -> vh_transverse_matrix_boundary
[stage 14:46:38]   <- vh_transverse_matrix_boundary  0.0 s

------------------------------------------------------------------------
  GN-PPM + FREQUENCY-INTEGRATED SIGMA
------------------------------------------------------------------------
[stage 14:46:38]   -> gw_jax.ppm_sigma
  GN-PPM fit: 3.63s, iωp=2.0000 Ry, unfulfilled=4.01%
  GN-PPM pole census: valid=12315786, Omega=[9.71232250e-03, 2.88425627e+02] Ry, min |Wc(0)-Wc(probe)|/max(|Wc(0)|,|Wc(probe)|)=4.80807707e-05
  GN user-ruled fitted-pole tail policy: low=24628/24631, high=24628/24631; [9.71232250e-03, 2.88425627e+02] -> [2.52321482e-01, 4.83347275e+00] Ry; anchor=2.00000000e+00 Ry; boundary key groups are atomic before orbit closure; physical partner orbits remain unsplit and closure may further undershoot
  GN tail semantics: affected Wc(0) is preserved by B'=-Wc(0)*Omega'/2; the 1/z^2 moment changes; this is not BGW finite-pole parity; exact panes remain downstream.
[stage 14:46:41]     -> sigma.exec
  Σ broadening ξ: 0.2500 eV (requested 0.2500 eV, ansatz gn_ppm, literal)
  PPM invalid modes: 514938/12830724 (4.01%)
  PPM invalid modes per q: min=7552 max=44296 counts=[15990  7552 10108 44296 10108  7552  7552  9710 14298 14298  9710  7552 10108 14298 15132 14298
 10108  9710 44296 14298 14298 44296 14298 14298 10108  9710 10108 14298 15132 14298  7552  7552
  9710 14298 14298  9710]
  PPM invalid modes -> static COHSEX: max|Sigma_static| = 0.0362 eV
  [SlabIO.phdf5_ffi] mpa_fit_oneshot.h5 mode=w ranks=4 stripe_count=4 stripe_unit=1048576 B (policy; LORRAX_PHDF5_STRIPE_COUNT/_SIZE_FS override)
[phdf5.hints /pscratch/sd/j/jackm/sandbox_v2_docs_consolidation_2026-08-14/tmp/worktrees/wt_bisp_prof_s_codex_20260906/runs/MoS2/42_bisp_scale_2026-09-06/prof_s/58_P3_parent_transpose/tmp/mpa/mpa_fit_oneshot.h5] 24 hints retained by ROMIO:
  romio_cb_pfr                             = disable
  romio_cb_fr_types                        = aar
  cb_align                                 = 2
  cb_buffer_size                           = 16777216
  romio_cb_fr_alignment                    = 1
  romio_cb_ds_threshold                    = 0
  romio_cb_alltoall                        = automatic
  romio_cb_read                            = automatic
  romio_cb_write                           = automatic
  romio_no_indep_rw                        = false
  romio_ds_write                           = automatic
  ind_wr_buffer_size                       = 524288
  romio_ds_read                            = disable
  ind_rd_buffer_size                       = 4194304
  direct_io                                = false
  striping_factor                          = 4
  striping_unit                            = 1048576
  overstriping_factor                      = 0
  romio_lustre_start_iodevice              = -1
  aggregator_placement_stride              = -1
  abort_on_rw_error                        = disable
  cb_config_list                           = *:*
  cb_nodes                                 = 4
  romio_filesystem_type                    = CRAY ADIO:
[ffi-debug proc=0] name=lorrax_io_committed shape=(4,) dtype=int32 spec=P(('x', 'y'),) offset=(0,) valid_shape=(1,) gshape=(1,) local_shapes=[(1,)]
[phdf5-write rank=0 ds=/lorrax_io_committed id=360287970189639725] extent=[1] offset=[0] count=[1] mem_dims=[1] base=[0] valid=[1] collective=1 oob=0 empty=0
[phdf5 write r0] ds=/lorrax_io_committed bytes/rank=4 coll=1 empty=0  d2h_wait=0.01  spaces=0.04  select=0.00  write=0.87  total=0.92 (ms)  0 MB/s
  [SlabIO.close] Python dispatch drained in 0.0 s (no queued data); joining writer thread
  [SlabIO.close] writer thread joined in 0.0 s; calling H5Fclose collectively
  [SlabIO.close] H5Fclose returned in 0.0 s
[phdf5.hints /pscratch/sd/j/jackm/sandbox_v2_docs_consolidation_2026-08-14/tmp/worktrees/wt_bisp_prof_s_codex_20260906/runs/MoS2/42_bisp_scale_2026-09-06/prof_s/58_P3_parent_transpose/tmp/mpa/mpa_fit_oneshot.h5] 24 hints retained by ROMIO:
  romio_cb_pfr                             = disable
  romio_cb_fr_types                        = aar
  cb_align                                 = 2
  cb_buffer_size                           = 16777216
  romio_cb_fr_alignment                    = 1
  romio_cb_ds_threshold                    = 0
  romio_cb_alltoall                        = automatic
  romio_cb_read                            = automatic
  romio_cb_write                           = automatic
  romio_no_indep_rw                        = false
  romio_ds_write                           = automatic
  ind_wr_buffer_size                       = 524288
  romio_ds_read                            = disable
  ind_rd_buffer_size                       = 4194304
  direct_io                                = false
  striping_factor                          = 4
  striping_unit                            = 1048576
  overstriping_factor                      = 0
  romio_lustre_start_iodevice              = -1
  aggregator_placement_stride              = -1
  abort_on_rw_error                        = disable
  cb_config_list                           = *:*
  cb_nodes                                 = 4
  romio_filesystem_type                    = CRAY ADIO:
[ffi-debug proc=0] name=lorrax_io_committed shape=(4,) dtype=int32 spec=P(('x', 'y'),) offset=(0,) valid_shape=(1,) gshape=(1,) local_shapes=[(1,)]
[phdf5-write rank=0 ds=/lorrax_io_committed id=360287970189639729] extent=[1] offset=[0] count=[1] mem_dims=[1] base=[0] valid=[1] collective=1 oob=0 empty=0
[phdf5 write r0] ds=/lorrax_io_committed bytes/rank=4 coll=1 empty=0  d2h_wait=0.01  spaces=0.03  select=0.00  write=0.24  total=0.27 (ms)  0 MB/s
[ffi-debug proc=0] name=Omega_p shape=(1, 36, 600, 600) dtype=complex128 spec=P(None, None, 'x', 'y') offset=(0, 0, 0, 0) valid_shape=(1, 36, 597, 597) gshape=(1, 36, 597, 597) local_shapes=[(1, 36, 300, 300)]
[ffi-debug proc=0] name=B_p shape=(1, 36, 600, 600) dtype=complex128 spec=P(None, None, 'x', 'y') offset=(0, 0, 0, 0) valid_shape=(1, 36, 597, 597) gshape=(1, 36, 597, 597) local_shapes=[(1, 36, 300, 300)]
  [SlabIO.close] draining 2 pending writes for mpa_fit_oneshot.h5 …
[phdf5-write rank=0 ds=/Omega_p id=360287970189639730] extent=[1,36,597,597] offset=[0,0,0,0] count=[1,36,300,300] mem_dims=[1,36,300,300] base=[0,0,0,0] valid=[1,36,597,597] collective=1 oob=0 empty=0
[phdf5 write r0] ds=/Omega_p bytes/rank=51840000 coll=1 empty=0  d2h_wait=1.96  spaces=0.04  select=0.00  write=212.24  total=214.24 (ms)  244 MB/s
[phdf5-write rank=0 ds=/B_p id=360287970189639731] extent=[1,36,597,597] offset=[0,0,0,0] count=[1,36,300,300] mem_dims=[1,36,300,300] base=[0,0,0,0] valid=[1,36,597,597] collective=1 oob=0 empty=0
[phdf5 write r0] ds=/B_p bytes/rank=51840000 coll=1 empty=0  d2h_wait=1.97  spaces=0.03  select=0.00  write=179.25  total=181.25 (ms)  289 MB/s
  [SlabIO.close] Python dispatch drained in 0.5 s (0.41 GB at 856 MB/s); joining writer thread
  [SlabIO.close] writer thread joined in 0.0 s; calling H5Fclose collectively
  [SlabIO.close] H5Fclose returned in 0.0 s
  gn_ppm fit -> MPA store: one pole per ISDF pair at /pscratch/sd/j/jackm/sandbox_v2_docs_consolidation_2026-08-14/tmp/worktrees/wt_bisp_prof_s_codex_20260906/runs/MoS2/42_bisp_scale_2026-09-06/prof_s/58_P3_parent_transpose/tmp/mpa/mpa_fit_oneshot.h5; invalid policy=static_limit
  [SlabIO.phdf5_ffi] mpa_fit_oneshot.h5 mode=r bytes=517957292 file stripe_count=4 stripe_size=1048576 B cb_nodes=4/4 (the file's inode, not write policy).
[phdf5.hints /pscratch/sd/j/jackm/sandbox_v2_docs_consolidation_2026-08-14/tmp/worktrees/wt_bisp_prof_s_codex_20260906/runs/MoS2/42_bisp_scale_2026-09-06/prof_s/58_P3_parent_transpose/tmp/mpa/mpa_fit_oneshot.h5] 24 hints retained by ROMIO:
  romio_cb_pfr                             = disable
  romio_cb_fr_types                        = aar
  cb_align                                 = 2
  cb_buffer_size                           = 16777216
  romio_cb_fr_alignment                    = 1
  romio_cb_ds_threshold                    = 0
  romio_cb_alltoall                        = automatic
  romio_cb_read                            = automatic
  romio_cb_write                           = automatic
  romio_no_indep_rw                        = false
  romio_ds_write                           = automatic
  ind_wr_buffer_size                       = 524288
  romio_ds_read                            = disable
  ind_rd_buffer_size                       = 4194304
  direct_io                                = false
  striping_factor                          = 4
  striping_unit                            = 1048576
  overstriping_factor                      = 0
  romio_lustre_start_iodevice              = -1
  aggregator_placement_stride              = -1
  abort_on_rw_error                        = disable
  cb_config_list                           = *:*
  cb_nodes                                 = 4
  romio_filesystem_type                    = CRAY ADIO:
  Sigma rule reduction: deterministic budget of 0 passes per window (sigma_quadrature_reduction_seconds ignored)
[rule-replay] 0: rule_e80ef9d75d08cb66.npz
[rule-replay] 4: rule_8f954f6a3b7bd9b5.npz
  MPA windows [box]: eta=0.2500 eV, eps=1e-05, certificate=1e-05, 8 logical windows, 115 (window,tau) pairs, 115 branch-distinct tau, cache=/pscratch/sd/j/jackm/sandbox_v2_docs_consolidation_2026-08-14/tmp/worktrees/wt_bisp_prof_s_codex_20260906/runs/MoS2/42_bisp_scale_2026-09-06/prof_s/58_P3_parent_transpose/tmp/sigma_quadrature_rules
    ω≥E_F cond:resonant: n_tau=14, nodes=79f53ab1bb535fdd, cache=hit:rule_e80ef9d75d08cb66.npz, box=(-0.6306198677009656, -0.015343591407654343, 0.01837465441237269, 0.01837465441237269) Ry, sup=4.31205e-06/1e-05 (relative), kappa_max=1.16225, noise=6.97353e-08/5e-07
    ω≥E_F cond:state_tail: n_tau=10, nodes=3da2f60d88d62b9b, cache=hit:rule_0829f7c99fea80d7.npz, box=(-2.2123659858899045, -0.3257940338014589, 0.01837465441237269, 0.01837465441237269) Ry, sup=3.806e-06/1e-05 (relative), kappa_max=1.0218, noise=6.13082e-08/5e-07
    ω≥E_F cond:pole_tail: n_tau=17, nodes=3659df66a73a562e, cache=hit:rule_2431377e5e199882.npz, box=(-6.819964240233639, -0.06396274590789251, 0.01837465441237269, 0.01837465441237269) Ry, sup=3.9602e-06/1e-05 (relative), kappa_max=1.06598, noise=6.39587e-08/5e-07
    ω≥E_F val:bulk: n_tau=15, nodes=638d4e7bd19ecc56, cache=hit:rule_8f8f3a1544c71e38.npz, box=(0.22113972082622843, 9.804057233846796, 0.01837465441237269, 0.01837465441237269) Ry, sup=4.69305e-06/1e-05 (relative), kappa_max=1.02752, noise=6.16513e-08/5e-07
    ω<E_F cond:bulk: n_tau=14, nodes=d0e5f502fdd6d323, cache=hit:rule_8f954f6a3b7bd9b5.npz, box=(-7.113877857178618, -0.27258875318087195, 0.01837465441237269, 0.01837465441237269) Ry, sup=4.40758e-06/1e-05 (relative), kappa_max=1.06307, noise=6.37841e-08/5e-07
    ω<E_F val:resonant: n_tau=14, nodes=12e047d12c290bcf, cache=hit:rule_55f30f7e7f548d45.npz, box=(0.015343591407654343, 0.5672034687871731, 0.01837465441237269, 0.01837465441237269) Ry, sup=7.51955e-06/1e-05 (relative), kappa_max=1.46436, noise=8.78615e-08/5e-07
    ω<E_F val:state_tail: n_tau=13, nodes=de1be20671822add, cache=hit:rule_cdf32943b17d91d3.npz, box=(0.19953315230752794, 4.827647338266813, 0.01837465441237269, 0.01837465441237269) Ry, sup=4.10068e-06/1e-05 (relative), kappa_max=1.07456, noise=6.44739e-08/5e-07
    ω<E_F val:pole_tail: n_tau=18, nodes=d7750367fb7e5291, cache=hit:rule_583d6ff7a2cf90e1.npz, box=(0.06396274590789251, 9.433705054546344, 0.01837465441237269, 0.01837465441237269) Ry, sup=3.47145e-06/1e-05 (relative), kappa_max=1.0388, noise=6.23279e-08/5e-07
Started Sigma tau sweep at 14:46:55.
  MPA Sigma sweep begin: shared pane tau kernel prewarmed
[ 14:46:57 | ░░░░░░░░░░ |   1% ] tau node   1 / 115 · ETA 240 s
Capture range started in the application.
Capture range ended in the application.
Generating '/tmp/nsys-jackm/nsys-report-0da3.qdstrm'
[1/1] [0%                          ] nsys_rank0.nsys-repProcessing events...
[1/1] [0%                          ] nsys_rank0.nsys-rep[1/1] [9%                          ] nsys_rank0.nsys-rep[1/1] [==18%                       ] nsys_rank0.nsys-rep[1/1] [====28%                     ] nsys_rank0.nsys-rep[1/1] [======35%                   ] nsys_rank0.nsys-rep[1/1] [========41%                 ] nsys_rank0.nsys-rep[1/1] [===========53%              ] nsys_rank0.nsys-rep[1/1] [============56%             ] nsys_rank0.nsys-rep[1/1] [========================100%] nsys_rank0.nsys-rep[1/1] [========================100%] nsys_rank0.nsys-rep
[ 14:47:06 | █░░░░░░░░░ |   6% ] tau node   7 / 115 · ETA 169 s
[ 14:47:06 | █░░░░░░░░░ |  11% ] tau node  13 / 115 · ETA 88 s
[ 14:47:06 | ██░░░░░░░░ |  17% ] tau node  19 / 115 · ETA 58 s
[ 14:47:07 | ██░░░░░░░░ |  22% ] tau node  25 / 115 · ETA 42 s
[ 14:47:07 | ███░░░░░░░ |  27% ] tau node  31 / 115 · ETA 32 s
[ 14:47:07 | ███░░░░░░░ |  32% ] tau node  37 / 115 · ETA 25 s
[ 14:47:07 | ████░░░░░░ |  37% ] tau node  43 / 115 · ETA 20 s
[ 14:47:07 | ████░░░░░░ |  43% ] tau node  49 / 115 · ETA 17 s
[ 14:47:08 | █████░░░░░ |  48% ] tau node  55 / 115 · ETA 14 s
[ 14:47:08 | █████░░░░░ |  53% ] tau node  61 / 115 · ETA 11 s
[ 14:47:08 | ██████░░░░ |  58% ] tau node  67 / 115 · ETA 9 s
[ 14:47:08 | ██████░░░░ |  63% ] tau node  73 / 115 · ETA 8 s
[ 14:47:08 | ███████░░░ |  69% ] tau node  79 / 115 · ETA 6 s
[ 14:47:09 | ███████░░░ |  74% ] tau node  85 / 115 · ETA 5 s
[ 14:47:09 | ████████░░ |  79% ] tau node  91 / 115 · ETA 4 s
[ 14:47:09 | ████████░░ |  84% ] tau node  97 / 115 · ETA 3 s
[ 14:47:09 | █████████░ |  90% ] tau node 103 / 115 · ETA 2 s
[ 14:47:09 | █████████░ |  95% ] tau node 109 / 115 · ETA 1 s
[ 14:47:10 | ██████████ | 100% ] tau node 115 / 115 · ETA 0 s
Finished Sigma tau sweep at 14:47:10.  Elapsed: 15 s.
  MPA Sigma: 115 tau dispatches in 8 sweeps (1 poles, batches of 4); 0 undispatched logical tau; panes and product windows used one shared tau kernel
  [SlabIO.close] Python dispatch drained in 0.0 s (no queued data); joining writer thread
  [SlabIO.close] writer thread joined in 0.0 s; calling H5Fclose collectively
  [SlabIO.close] H5Fclose returned in 0.0 s
[stage 14:47:11]     <- sigma.exec  29.4 s

------------------------------------------------------------------------
  HEAD CORRECTION (scalar GN, separate from ISDF body)
------------------------------------------------------------------------
  v(q→0)             =     4098.800 a.u.
  W^c(q→0, ω=0)      =    -2710.115 a.u.
  W^c(q→0, ω=iωp)    =     -379.255 a.u.  [ωp=2.0000 Ry]
  Ω_h²               =     0.650841 Ry²
  Ω_h                =     0.806747 Ry  (10.976358 eV)
  B_h                =  1763.853838 Ry² · a.u.
  R_h                =  1093.188734 Ry · a.u.
  R_h / (Ω_h · vol)  = 1.929728e+00 (Ry)
  Σ_c head shift: max|Σ^head_diag| = 1.0209 eV (on-shell occ band → +0.7293 eV)
[stage 14:47:11]   <- gw_jax.ppm_sigma  33.2 s
[stage 14:47:11]   -> gw_jax.dynamic_sigma_finalize
  omega reference = -4.409098 eV (midgap; VBM=-5.274317, CBM=-3.543879)
  omega coverage [Sigma_c at E_DFT (eqp0/eqp1)]: 678 of 1080 (62.8%) evaluation energies lie OUTSIDE the sampled grid [-4.000, 4.000] eV (worst -61.097 eV); policy=clamp.
  Σ star spread [sigma_total_kij_ev]: raw 0.0530 eV, diag 0.0000 eV, gauge-blind ‖·‖_F 0.0000 / |Tr| 0.0000 eV
  Σ star spread [sigma_c_kij_ev]: raw 0.0530 eV, diag 0.0000 eV, gauge-blind ‖·‖_F 0.0000 / |Tr| 0.0000 eV
  Σ star spread [sigma_sx_kij_ev]: raw 0.0000 eV, diag 0.0000 eV, gauge-blind ‖·‖_F 0.0000 / |Tr| 0.0000 eV
  Σ star spread [hartree_kij_ev]: raw 0.0000 eV, diag 0.0000 eV, gauge-blind ‖·‖_F 0.0000 / |Tr| 0.0000 eV
  Σ star spread [hartree_scalar_kij_ev]: raw 0.0000 eV, diag 0.0000 eV, gauge-blind ‖·‖_F 0.0000 / |Tr| 0.0000 eV
  Σ star spread [hartree_transverse_kij_ev]: raw 0.0000 eV, diag 0.0000 eV, gauge-blind ‖·‖_F 0.0000 / |Tr| 0.0000 eV
  Σ star spread [sigma_eval_rel_ev]: raw 0.0000 eV, diag 0.0000 eV, gauge-blind ‖·‖_F 0.0000 / |Tr| 0.0000 eV
  Σ k axis EXTRACTED to k_irr: 36 -> 7 rows (selection, not reconstruction).
  [SlabIO.phdf5_ffi] sigma_mnk.h5 mode=w ranks=4 stripe_count=4 stripe_unit=1048576 B (policy; LORRAX_PHDF5_STRIPE_COUNT/_SIZE_FS override)
[phdf5.hints /pscratch/sd/j/jackm/sandbox_v2_docs_consolidation_2026-08-14/tmp/worktrees/wt_bisp_prof_s_codex_20260906/runs/MoS2/42_bisp_scale_2026-09-06/prof_s/58_P3_parent_transpose/sigma_mnk.h5] 24 hints retained by ROMIO:
  romio_cb_pfr                             = disable
  romio_cb_fr_types                        = aar
  cb_align                                 = 2
  cb_buffer_size                           = 16777216
  romio_cb_fr_alignment                    = 1
  romio_cb_ds_threshold                    = 0
  romio_cb_alltoall                        = automatic
  romio_cb_read                            = automatic
  romio_cb_write                           = automatic
  romio_no_indep_rw                        = false
  romio_ds_write                           = automatic
  ind_wr_buffer_size                       = 524288
  romio_ds_read                            = disable
  ind_rd_buffer_size                       = 4194304
  direct_io                                = false
  striping_factor                          = 4
  striping_unit                            = 1048576
  overstriping_factor                      = 0
  romio_lustre_start_iodevice              = -1
  aggregator_placement_stride              = -1
  abort_on_rw_error                        = disable
  cb_config_list                           = *:*
  cb_nodes                                 = 4
  romio_filesystem_type                    = CRAY ADIO:
[ffi-debug proc=0] name=lorrax_io_committed shape=(4,) dtype=int32 spec=P(('x', 'y'),) offset=(0,) valid_shape=(1,) gshape=(1,) local_shapes=[(1,)]
[phdf5-write rank=0 ds=/lorrax_io_committed id=360287970189639734] extent=[1] offset=[0] count=[1] mem_dims=[1] base=[0] valid=[1] collective=1 oob=0 empty=0
[phdf5 write r0] ds=/lorrax_io_committed bytes/rank=4 coll=1 empty=0  d2h_wait=0.01  spaces=0.04  select=0.00  write=0.87  total=0.93 (ms)  0 MB/s
[ffi-debug proc=0] name=sigma_total_kij_ev shape=(9, 7, 30, 30) dtype=complex128 spec=P() offset=(0, 0, 0, 0) valid_shape=(9, 7, 30, 30) gshape=(9, 7, 30, 30) local_shapes=[(9, 7, 30, 30)]
[phdf5-write rank=0 ds=/sigma_total_kij_ev id=360287970189639735] extent=[9,7,30,30] offset=[0,0,0,0] count=[9,7,30,30] mem_dims=[9,7,30,30] base=[0,0,0,0] valid=[9,7,30,30] collective=1 oob=0 empty=0
[phdf5 write r0] ds=/sigma_total_kij_ev bytes/rank=907200 coll=1 empty=0  d2h_wait=0.03  spaces=0.04  select=0.00  write=1.23  total=1.29 (ms)  740 MB/s
  [SlabIO.flush] sigma_mnk.h5: 0.00 GB written in 0.1 s (14 MB/s) before creating 'sigma_c_kij_ev'
[ffi-debug proc=0] name=sigma_c_kij_ev shape=(9, 7, 30, 30) dtype=complex128 spec=P() offset=(0, 0, 0, 0) valid_shape=(9, 7, 30, 30) gshape=(9, 7, 30, 30) local_shapes=[(9, 7, 30, 30)]
[phdf5-write rank=0 ds=/sigma_c_kij_ev id=360287970189639736] extent=[9,7,30,30] offset=[0,0,0,0] count=[9,7,30,30] mem_dims=[9,7,30,30] base=[0,0,0,0] valid=[9,7,30,30] collective=1 oob=0 empty=0
[phdf5 write r0] ds=/sigma_c_kij_ev bytes/rank=907200 coll=1 empty=0  d2h_wait=0.03  spaces=0.02  select=0.00  write=2.04  total=2.09 (ms)  444 MB/s
  [SlabIO.flush] sigma_mnk.h5: 0.00 GB written in 0.0 s (357 MB/s) before creating 'sigma_sx_kij_ev'
[ffi-debug proc=0] name=sigma_sx_kij_ev shape=(7, 30, 30) dtype=complex128 spec=P() offset=(0, 0, 0) valid_shape=(7, 30, 30) gshape=(7, 30, 30) local_shapes=[(7, 30, 30)]
[phdf5-write rank=0 ds=/sigma_sx_kij_ev id=360287970189639737] extent=[7,30,30] offset=[0,0,0] count=[7,30,30] mem_dims=[7,30,30] base=[0,0,0] valid=[7,30,30] collective=1 oob=0 empty=0
[phdf5 write r0] ds=/sigma_sx_kij_ev bytes/rank=100800 coll=1 empty=0  d2h_wait=0.01  spaces=0.03  select=0.00  write=0.50  total=0.54 (ms)  203 MB/s
  [SlabIO.flush] sigma_mnk.h5: 0.00 GB written in 0.1 s (2 MB/s) before creating 'hartree_kij_ev'
[ffi-debug proc=0] name=hartree_kij_ev shape=(7, 30, 30) dtype=complex128 spec=P() offset=(0, 0, 0) valid_shape=(7, 30, 30) gshape=(7, 30, 30) local_shapes=[(7, 30, 30)]
[phdf5-write rank=0 ds=/hartree_kij_ev id=360287970189639738] extent=[7,30,30] offset=[0,0,0] count=[7,30,30] mem_dims=[7,30,30] base=[0,0,0] valid=[7,30,30] collective=1 oob=0 empty=0
[phdf5 write r0] ds=/hartree_kij_ev bytes/rank=100800 coll=1 empty=0  d2h_wait=0.01  spaces=0.02  select=0.00  write=0.39  total=0.41 (ms)  260 MB/s
  [SlabIO.flush] sigma_mnk.h5: 0.00 GB written in 0.0 s (113 MB/s) before creating 'hartree_scalar_kij_ev'
[ffi-debug proc=0] name=hartree_scalar_kij_ev shape=(7, 30, 30) dtype=complex128 spec=P() offset=(0, 0, 0) valid_shape=(7, 30, 30) gshape=(7, 30, 30) local_shapes=[(7, 30, 30)]
[phdf5-write rank=0 ds=/hartree_scalar_kij_ev id=360287970189639739] extent=[7,30,30] offset=[0,0,0] count=[7,30,30] mem_dims=[7,30,30] base=[0,0,0] valid=[7,30,30] collective=1 oob=0 empty=0
[phdf5 write r0] ds=/hartree_scalar_kij_ev bytes/rank=100800 coll=1 empty=0  d2h_wait=0.01  spaces=0.02  select=0.00  write=0.53  total=0.55 (ms)  191 MB/s
  [SlabIO.flush] sigma_mnk.h5: 0.00 GB written in 0.0 s (106 MB/s) before creating 'hartree_transverse_kij_ev'
[ffi-debug proc=0] name=hartree_transverse_kij_ev shape=(7, 30, 30) dtype=complex128 spec=P() offset=(0, 0, 0) valid_shape=(7, 30, 30) gshape=(7, 30, 30) local_shapes=[(7, 30, 30)]
[phdf5-write rank=0 ds=/hartree_transverse_kij_ev id=360287970189639740] extent=[7,30,30] offset=[0,0,0] count=[7,30,30] mem_dims=[7,30,30] base=[0,0,0] valid=[7,30,30] collective=1 oob=0 empty=0
[phdf5 write r0] ds=/hartree_transverse_kij_ev bytes/rank=100800 coll=1 empty=0  d2h_wait=0.01  spaces=0.02  select=0.00  write=0.29  total=0.31 (ms)  349 MB/s
  [SlabIO.flush] sigma_mnk.h5: 0.00 GB written in 0.0 s (143 MB/s) before creating 'sigma_eval_rel_ev'
[ffi-debug proc=0] name=sigma_eval_rel_ev shape=(7, 30) dtype=float64 spec=P(None, None) offset=(0, 0) valid_shape=(7, 30) gshape=(7, 30) local_shapes=[(7, 30)]
  [SlabIO.close] draining 1 pending writes for sigma_mnk.h5 …
[phdf5-write rank=0 ds=/sigma_eval_rel_ev id=360287970189639741] extent=[7,30] offset=[0,0] count=[7,30] mem_dims=[7,30] base=[0,0] valid=[7,30] collective=1 oob=0 empty=0
[phdf5 write r0] ds=/sigma_eval_rel_ev bytes/rank=1680 coll=1 empty=0  d2h_wait=0.02  spaces=0.04  select=0.00  write=5.65  total=5.71 (ms)  0 MB/s
  [SlabIO.close] Python dispatch drained in 0.1 s (0.00 GB at 0 MB/s); joining writer thread
  [SlabIO.close] writer thread joined in 0.0 s; calling H5Fclose collectively
  [SlabIO.close] H5Fclose returned in 0.0 s
  QSGW: 678 clipped (62.8%)
[stage 14:47:13]   <- gw_jax.dynamic_sigma_finalize  2.5 s
[stage 14:47:13] <- gw_jax.sigma  72.8 s
  Bare Σ_X diagonal (eV), k=0: -39.1238  -39.1238  -33.2646  -33.2646  -32.5966  -32.5966  -32.5773  -32.5773
  kin_ion: pristine T+V_loc+V_NL; Hartree is built live in G-space.
  [SlabIO.phdf5_ffi] kin_ion.h5 mode=r bytes=725064 file stripe layout=UNKNOWN (lfs unavailable or not Lustre); collective read aggregation cannot be predicted
[phdf5.hints /pscratch/sd/j/jackm/sandbox_v2_docs_consolidation_2026-08-14/tmp/worktrees/wt_bisp_prof_s_codex_20260906/runs/MoS2/42_bisp_scale_2026-09-06/prof_s/58_P3_parent_transpose/kin_ion.h5] 24 hints retained by ROMIO:
  romio_cb_pfr                             = disable
  romio_cb_fr_types                        = aar
  cb_align                                 = 2
  cb_buffer_size                           = 16777216
  romio_cb_fr_alignment                    = 1
  romio_cb_ds_threshold                    = 0
  romio_cb_alltoall                        = automatic
  romio_cb_read                            = automatic
  romio_cb_write                           = automatic
  romio_no_indep_rw                        = false
  romio_ds_write                           = automatic
  ind_wr_buffer_size                       = 524288
  romio_ds_read                            = disable
  ind_rd_buffer_size                       = 4194304
  direct_io                                = false
  striping_factor                          = 1
  striping_unit                            = 1048576
  overstriping_factor                      = 0
  romio_lustre_start_iodevice              = -1
  aggregator_placement_stride              = -1
  abort_on_rw_error                        = disable
  cb_config_list                           = *:*
  cb_nodes                                 = 1
  romio_filesystem_type                    = CRAY ADIO:
  [SlabIO.close] Python dispatch drained in 0.0 s (no queued data); joining writer thread
  [SlabIO.close] writer thread joined in 0.0 s; calling H5Fclose collectively
  [SlabIO.close] H5Fclose returned in 0.0 s
[stage 14:47:14] -> gw_jax.solve_qp
  QP solver: one_shot_dft — one-shot full-matrix effective Hamiltonian; Sigma evaluated at E_DFT with QSGW Hermitian symmetrization (distinct from fixed-DFT-state diagonal G0W0)
[stage 14:47:14] <- gw_jax.solve_qp  0.0 s
[stage 14:47:15] -> gw_jax.qp_eigh
[stage 14:47:15] <- gw_jax.qp_eigh  0.7 s
  QP WFN (one-shot): skipped — Σ on 36 k-points but WFN carries 7 (IBZ); the one-shot dump only supports IBZ-Σ. Set debug.write_wfn_h5=false to silence.
  H0 check: implied Vxc = E_DFT - (kin_ion + V_H[exact, live G-space]) in [-25.529, -12.867] eV over 210 (k,n)
  Z-factor guard: pathological=0/210 (valid iff finite and 0 < Z <= 1); finite range [0.74633518, 1]; flagged eqp1 states fall back to eqp0.
  EQP assembly receipt -> sigma_mnk.h5: schema v6, assembled H/X/C(E_DFT) (7, 30) + conditioned C(omega) (9, 7, 30), DFT H/X/C, file wedge, bgw_average, live G-space H + authenticated scalar V_H/transverse H_T; C(E_DFT) and Z share the conditioned curve
  G0W0 diag (E_DFT):     /pscratch/sd/j/jackm/sandbox_v2_docs_consolidation_2026-08-14/tmp/worktrees/wt_bisp_prof_s_codex_20260906/runs/MoS2/42_bisp_scale_2026-09-06/prof_s/58_P3_parent_transpose/eqp_g0w0.dat
  qp_wfn_rotations: k axis REDUCED to the file wedge, 36 -> 7 rows; the round trip reproduces every dataset exactly (max|Δ| = 0).

  Sigma diag:   /pscratch/sd/j/jackm/sandbox_v2_docs_consolidation_2026-08-14/tmp/worktrees/wt_bisp_prof_s_codex_20260906/runs/MoS2/42_bisp_scale_2026-09-06/prof_s/58_P3_parent_transpose/sigma_diag.dat
  BGW eqp0:     /pscratch/sd/j/jackm/sandbox_v2_docs_consolidation_2026-08-14/tmp/worktrees/wt_bisp_prof_s_codex_20260906/runs/MoS2/42_bisp_scale_2026-09-06/prof_s/58_P3_parent_transpose/eqp0.dat
  BGW eqp1:     /pscratch/sd/j/jackm/sandbox_v2_docs_consolidation_2026-08-14/tmp/worktrees/wt_bisp_prof_s_codex_20260906/runs/MoS2/42_bisp_scale_2026-09-06/prof_s/58_P3_parent_transpose/eqp1.dat
  Sigma(ω):     /pscratch/sd/j/jackm/sandbox_v2_docs_consolidation_2026-08-14/tmp/worktrees/wt_bisp_prof_s_codex_20260906/runs/MoS2/42_bisp_scale_2026-09-06/prof_s/58_P3_parent_transpose/sigma_mnk.h5
  Restart:      /pscratch/sd/j/jackm/sandbox_v2_docs_consolidation_2026-08-14/tmp/worktrees/wt_bisp_prof_s_codex_20260906/runs/MoS2/42_bisp_scale_2026-09-06/prof_s/58_P3_parent_transpose/tmp/isdf_tensors_597.h5

--- Timing ---
Total recorded: 160.723 s
Section                                            Count    Total[s]     Self[s]      %
gw_jax.startup                                         1       0.197       0.197    0.1
gw_jax.isdf                                            1      28.230      11.348   17.6
  gw_jax.load_centroid_wfns                            1       6.046       2.040    3.8
    load_centroids.loader_load                        10       2.176       2.176    1.4
    load_centroids.gflat_to_rmu                       10       0.464       0.464    0.3
    load_centroids.reshard_insert                     10       1.366       1.366    0.8
  gw_jax.load_centroid_wfns_current                    1       1.466       0.759    0.9
    load_centroids.loader_load                        10       0.052       0.052    0.0
    load_centroids.gflat_to_rmu                       10       0.432       0.432    0.3
    load_centroids.reshard_insert                     10       0.223       0.223    0.1
  gw_jax.wavefunction_setup                            2       0.002       0.002    0.0
  gw_jax.V_q_compute                                   1       9.369       9.369    5.8
gw_jax.minimax_quadrature                              1       2.180       2.180    1.4
gw_jax.screening                                       1      47.181      32.376   29.4
  gw_jax.chi0_W                                        1      10.334       0.001    6.4
    chi.compile                                        1       3.056       3.056    1.9
    chi.exec                                           1       0.828       0.828    0.5
    W.slice_to_ibz                                     1       0.858       0.858    0.5
    W.compile                                          1       0.001       0.001    0.0
    W.exec                                             1       2.339       2.339    1.5
    W.unfold_to_full_bz                                1       3.251       3.251    2.0
  W.gate                                               2       1.545       1.545    1.0
  gw_jax.chi0_W_probe                                  1       2.913       0.000    1.8
    chi.compile                                        1       1.131       1.131    0.7
    chi.exec                                           1       0.393       0.393    0.2
    W.compile                                          1       0.001       0.001    0.0
    W.exec                                             1       1.388       1.388    0.9
  W.restore_spilled_roles                              1       0.012       0.012    0.0
gw_jax.persist_w0                                      1       0.887       0.061    0.6
  persist_w0.head_static                               1       0.000       0.000    0.0
  persist_w0.head_imag                                 1       0.000       0.000    0.0
  persist_w0.resolve                                   1       0.009       0.009    0.0
  persist_w0.write_w0                                  1       0.813       0.813    0.5
  persist_w0.write_head                                1       0.004       0.004    0.0
gw_jax.static_head                                     1       0.945       0.945    0.6
gw_jax.sigma                                           1      72.786      20.850   45.3
  vh_collective_bootstrap                              1       0.071       0.071    0.0
  vh_rho                                               1       1.376       1.374    0.9
    vh_rho_psum                                        1       0.001       0.001    0.0
  vh_transverse_field                                  1      13.624      13.624    8.5
  vh_matrix                                            1       1.190       0.671    0.7
    mtxel.sweep                                        1       0.520       0.520    0.3
  vh_transverse_matrix_boundary                        1       0.002       0.002    0.0
  gw_jax.ppm_sigma                                     1      33.159       3.760   20.6
    sigma.exec                                         1      29.399      11.006   18.3
      sigma.state                                      1       0.650       0.650    0.4
      sigma.rule_plan                                  1       0.223       0.223    0.1
      sigma.tau_sweep                                  1      17.520      17.520   10.9
  gw_jax.dynamic_sigma_finalize                        1       2.515       2.515    1.6
gw_jax.kin_ion_load                                    1       0.277       0.277    0.2
gw_jax.solve_qp                                        1       0.000       0.000    0.0
gw_jax.qp_eigh                                         1       0.656       0.656    0.4
gw_jax.output                                          1       0.064       0.064    0.0
gw_jax.runtime_stack.compile_cache                     1       0.001       0.001    0.0
gw_jax.runtime_stack.env_and_distributed               1       3.035       3.035    1.9
gw_jax.runtime_stack.jax_import                        1       0.000       0.000    0.0
gw_jax.runtime_stack.measurement                       1       0.121       0.121    0.1
gw_jax.runtime_stack.mesh_and_warmup                   1       2.217       2.217    1.4
gw_jax.imports                                         1       1.946       1.946    1.2
(untimed)                                                     17.512      17.512    9.8
TOTAL (wall)                                                 178.235              100.0
Sigma blocks   : CC max|diag|=3.560870e+01 eV, mean|diag|=1.914815e+01 eV; CT+TC max|diag|=3.051907e-15 eV, mean|diag|=1.101027e-15 eV; TT max|diag|=4.031016e-03 eV, mean|diag|=2.068931e-03 eV

DYNAMIC SIGMA ENERGY COVERAGE
-----------------------------
Energy origin   : E_F = -4.40910 eV (midgap)
Sigma omega    : [-4.00000, +4.00000] eV relative to E_F; step=1.00000 eV; 9 points
DFT QP valence : [-3.17385, -0.86522] eV relative to E_F
DFT QP conduct.: [+0.86522, +2.07205] eV relative to E_F
Coverage status : COMPLETE
Grid margins    : 0.82615 eV below; 1.92795 eV above protected DFT states
Band tail      : OFF | estimator=spectral_shell | brackets=total_fractions

FUNDAMENTAL GAP
---------------
DFT gap        : 1.73044 eV
Full-matrix effective-H gap: 3.04954 eV (insulating)
Gap correction : +1.31910 eV relative to DFT
State energies  : written to the EQP files listed below

MAJOR-STAGE TIMING
------------------
  stage                    wall (s)     fraction
  runtime bring-up             5.37       3.02%
  pre-main + imports           1.95       1.09%
  input + run setup            0.20       0.11%
  V(q)                         9.37       5.26%
  ISDF setup + I/O            18.86      10.58%
  minimax quadrature           2.18       1.22%
  chi0                         5.41       3.03%
  W                            9.40       5.27%
  screening support           32.38      18.17%
  W persist + q0 head          1.83       1.03%
  Sigma rule plan              0.22       0.13%
  Sigma tau sweep             17.52       9.83%
  Sigma other                 55.04      30.88%
  mean-field load              0.28       0.16%
  QP solve + diagonalize       0.66       0.37%
  result writes                0.06       0.04%
  other driver work           17.51       9.83%
  total run                  178.24     100.00%

OUTPUT FILES AND INPUTS
-----------------------
  role                     state       path
  input deck               read        /pscratch/sd/j/jackm/sandbox_v2_docs_consolidation_2026-08-14/tmp/worktrees/wt_bisp_prof_s_codex_20260906/runs/MoS2/42_bisp_scale_2026-09-06/prof_s/58_P3_parent_transpose/cohsex.in
  DFT wavefunctions        read        /pscratch/sd/j/jackm/sandbox_v2_docs_consolidation_2026-08-14/tmp/worktrees/wt_bisp_prof_s_codex_20260906/runs/MoS2/42_bisp_scale_2026-09-06/prof_s/58_P3_parent_transpose/WFN.h5
  ISDF centroids           read        /pscratch/sd/j/jackm/sandbox_v2_docs_consolidation_2026-08-14/tmp/worktrees/wt_bisp_prof_s_codex_20260906/runs/MoS2/42_bisp_scale_2026-09-06/prof_s/58_P3_parent_transpose/centroids_charge.txt
  current centroids        read        /pscratch/sd/j/jackm/sandbox_v2_docs_consolidation_2026-08-14/tmp/worktrees/wt_bisp_prof_s_codex_20260906/runs/MoS2/42_bisp_scale_2026-09-06/prof_s/58_P3_parent_transpose/centroids_current.txt
  mean-field Hamiltonian   read        /pscratch/sd/j/jackm/sandbox_v2_docs_consolidation_2026-08-14/tmp/worktrees/wt_bisp_prof_s_codex_20260906/runs/MoS2/42_bisp_scale_2026-09-06/prof_s/58_P3_parent_transpose/kin_ion.h5
  long-wave dipoles        read        /pscratch/sd/j/jackm/sandbox_v2_docs_consolidation_2026-08-14/tmp/worktrees/wt_bisp_prof_s_codex_20260906/runs/MoS2/42_bisp_scale_2026-09-06/prof_s/58_P3_parent_transpose/dipole.h5
  parallel transport       absent      /pscratch/sd/j/jackm/sandbox_v2_docs_consolidation_2026-08-14/tmp/worktrees/wt_bisp_prof_s_codex_20260906/runs/MoS2/42_bisp_scale_2026-09-06/prof_s/58_P3_parent_transpose/parallel_transport.h5
  ISDF restart tensors     present     /pscratch/sd/j/jackm/sandbox_v2_docs_consolidation_2026-08-14/tmp/worktrees/wt_bisp_prof_s_codex_20260906/runs/MoS2/42_bisp_scale_2026-09-06/prof_s/58_P3_parent_transpose/tmp/isdf_tensors_597.h5
  self-energy table        written     /pscratch/sd/j/jackm/sandbox_v2_docs_consolidation_2026-08-14/tmp/worktrees/wt_bisp_prof_s_codex_20260906/runs/MoS2/42_bisp_scale_2026-09-06/prof_s/58_P3_parent_transpose/sigma_diag.dat
  fixed-DFT-state diagonal zeroth-order energies written     /pscratch/sd/j/jackm/sandbox_v2_docs_consolidation_2026-08-14/tmp/worktrees/wt_bisp_prof_s_codex_20260906/runs/MoS2/42_bisp_scale_2026-09-06/prof_s/58_P3_parent_transpose/eqp0.dat
  fixed-DFT-state diagonal Z-linearized energies written     /pscratch/sd/j/jackm/sandbox_v2_docs_consolidation_2026-08-14/tmp/worktrees/wt_bisp_prof_s_codex_20260906/runs/MoS2/42_bisp_scale_2026-09-06/prof_s/58_P3_parent_transpose/eqp1.dat
  full-matrix effective-H rotations written     /pscratch/sd/j/jackm/sandbox_v2_docs_consolidation_2026-08-14/tmp/worktrees/wt_bisp_prof_s_codex_20260906/runs/MoS2/42_bisp_scale_2026-09-06/prof_s/58_P3_parent_transpose/qp_wfn_rotations.h5
  matched full-matrix QP wavefunctions absent      /pscratch/sd/j/jackm/sandbox_v2_docs_consolidation_2026-08-14/tmp/worktrees/wt_bisp_prof_s_codex_20260906/runs/MoS2/42_bisp_scale_2026-09-06/prof_s/58_P3_parent_transpose/WFN_qp.h5
  dynamic Sigma spectrum   written     /pscratch/sd/j/jackm/sandbox_v2_docs_consolidation_2026-08-14/tmp/worktrees/wt_bisp_prof_s_codex_20260906/runs/MoS2/42_bisp_scale_2026-09-06/prof_s/58_P3_parent_transpose/sigma_mnk.h5

LORRAX GW calculation completed.
Report written to /pscratch/sd/j/jackm/sandbox_v2_docs_consolidation_2026-08-14/tmp/worktrees/wt_bisp_prof_s_codex_20260906/runs/MoS2/42_bisp_scale_2026-09-06/prof_s/58_P3_parent_transpose/gwjax.out
  [SlabIO.close] Python dispatch drained in 0.0 s (no queued data); joining writer thread
  [SlabIO.close] writer thread joined in 0.0 s; calling H5Fclose collectively
  [SlabIO.close] H5Fclose returned in 0.0 s
  [compile-cache] rank 0/4 summary: xla_compiles=755 (125.64s)  compile_agreement=755 (0.925s fingerprint + 3.677s exchange; enabled)  cache_probes=0 hits=0 (0.00s) vetoed=0  cache_writes_local=unmeasured (cache off or capped-LRU path; JAX p0-only)  agreed=0/0 prefetch=0.00s  enabled=False
[runtime] filtered 6 exact known-benign JAX runtime notice line(s) on rank 0; all other stderr was forwarded unchanged.
[runtime] process finalized explicitly (effects barrier, distributed shutdown, atexit hooks) and ending with os._exit: the interpreter-teardown destruction of the XLA:CPU client is skipped deliberately — it deadlocks in pool shutdown after cold-compile storms (jobs 7884928/7884989).
Generated:
	/pscratch/sd/j/jackm/sandbox_v2_docs_consolidation_2026-08-14/tmp/worktrees/wt_bisp_prof_s_codex_20260906/runs/MoS2/42_bisp_scale_2026-09-06/prof_s/58_P3_parent_transpose/nsys_rank0.nsys-rep
