[lorrax source closure] {"mode":"source","root":"/pscratch/sd/j/jackm/sandbox_v2_docs_consolidation_2026-08-14/tmp/worktrees/wt_bisp_prof_s_codex_20260906","runtime":"src/runtime/__init__.py","services":{"distrib-la":"services/distrib_la/src/distrib_la/__init__.py","lxkit":"services/lxkit/src/lxkit/__init__.py","minimax":"services/minimax/src/minimax/__init__.py","symmetry-maps":"services/symmetry_maps/src/symmetry_maps/__init__.py","vcoul":"services/vcoul/src/vcoul/__init__.py","wfn-loader":"services/wfn_loader/src/wfn_loader/__init__.py","zeta-loader":"services/zeta_loader/src/zeta_loader/__init__.py"}}
  [compile-cache] cross-rank compile agreement enabled before backend compile with no deadline (rank 0 names a missing rank every 60 s).
[stage 11:40:10] -> collective_warmup
[stage 11:40:11] <- collective_warmup  1.2 s
[lorrax native] LEGACY-UNSEALED origin=/global/common/software/m4598/jackm/lorrax_cuda13_runtime/ffi_build_phdf5/liblorrax_ffi.so sha256=cad78d947a953949 pair/private-closure unattested; developer migration only
[fft_ffi] flat-k 3-D FFTs -> cuFFT strided CUDA FFI handler (lorrax_mklfft_flat_k): cufftPlanMany64 advanced layout (istride=T, idist=1 — the stride-descriptor analog) reading the dot-layout tile in place; jnp.fft norm scales applied by a fused device kernel.
[conv_kminor] auto -> ON: the fused k-minor conv kernel (lorrax_cufft_conv_kminor) serves this run's rung.  CUDA mesh, handler present.  Callers whose k-grid is too large for one resident k-row still take the XLA chain for that call, silently and correctly.
[LORRAX_CONV_KLEAD_FFI] =0: k-leading fused-convolution candidate disabled; no production Sigma caller yet.
[conv_kpair] auto -> ON: the ISDF post-pair CUDA accelerator (lorrax_cufft_conv_kpair) is available; the plan selected its measured-fast resident/device arm from mirrored byte arithmetic.
  [compile-cache] persistent compile cache OFF (ISDF_JAX_CACHE_DIR="" opt-out). JAX's in-process executable cache remains active. For reuse among sequential drivers or a deliberate restart campaign, set ISDF_JAX_CACHE_DIR to a rank-visible directory.
==============================================================================
  LORRAX runtime — resolved startup configuration
==============================================================================
  This is rank 0 of 4, and it addresses 1 of the 4 devices in the job.
  jax.distributed.initialize() took its explicit form with coordinator_address='nid001065:22139', num_processes=4 and local_device_ids=[0].
  The JAX platform resolved to 'gpu' on devices of kind 'NVIDIA A100-SXM4-40GB', from JAX_PLATFORMS='cuda,cpu', under jax 0.9.1 / jaxlib 0.9.1 with 64-bit values enabled.
  Default matmul precision is pinned to 'highest', so f32 and complex64 dots run at fp32 rather than TensorFloat32; f64/c128 is unaffected either way.
  XLA GPU autotuning resolved to level '0' from LORRAX default (runtime.set_default_env); the complete resolved XLA_FLAGS value is '--xla_gpu_autotune_level=0'.
  The run's device mesh is 2x2 over axes ('x', 'y'), and its communicator cliques were warmed before the first physics jit.
  Bringing this stack up took 5.4 s in total: 0.7 s to import jax itself, 3.1 s for the environment, jax.distributed and backend init, 1.4 s to build the mesh and warm its communicators, 0.0 s to arm the compile cache and 0.1 s to measure everything in this block.
  Demotions listed above are this rank's; a demotion that happened only on another rank is announced in that rank's own output and does not appear here.
  Cross-process collectives run on NCCL because this is a GPU platform, so JAX_CPU_COLLECTIVES_IMPLEMENTATION does not apply.
  The XLA memory pool, read from jax.local_devices()[0].memory_stats() and not from os.environ, reports a limit of 36.04 GB with 0.00 GB in use and a peak of 0.00 GB so far.
  XLA_PYTHON_CLIENT_PREALLOCATE resolved to false (raw 'false') and XLA_PYTHON_CLIENT_ALLOCATOR resolved to 'bfc' (raw 'bfc') — NOT LORRAX's canonical pair, which is preallocate=false with the allocator left unset (BFC); a caller overrode it.
  The XLA client memory fraction is 0.85 from XLA_PYTHON_CLIENT_MEM_FRACTION.
  The CUDA FFI library loaded from /global/common/software/m4598/jackm/lorrax_cuda13_runtime/ffi_build_phdf5/liblorrax_ffi.so, selected by LORRAX_FFI_SO.
  FFI build provenance: /global/common/software/m4598/jackm/lorrax_cuda13_runtime/ffi_build_phdf5/liblorrax_ffi.so | LEGACY-UNSEALED | recorded-rev bb6422eaad04 | recorded-sha cad78d947a953949 | actual 6755720 bytes sha cad78d947a953949
  The LORRAX_BANDS_GEMM_FFI dial is unset and resolved to on, so the contract_bands right-GEMM contraction rides the platform's native lowering — the dial exists on cpu only and this run's backend is 'gpu', where startup enforcement skips it by the gate's declared platform policy (the native lowering IS the required path there).
  The LORRAX_FFT_FFI dial is unset and resolved to on, so the flat-k 3-D FFT helper path is routed through the FFI handler (the required layer).
  The LORRAX_FFT_FFI_FUSED dial is unset and resolved to on, so the fused IFFT-multiply-FFT tau kernel is routed through the FFI handler (the required layer).
  The LORRAX_CONV_KMINOR_FFI dial is unset and resolved to auto, so the fused k-MINOR ifft-multiply-fft conv (the BSE ladder-W rung; accelerator) is routed through the FFI handler WHERE AVAILABLE and through the caller's XLA ifft/multiply/fft chain otherwise (capability: the mesh is CUDA, the loaded device library exports CufftConvKMinorCudaFfi, and the k-grid's row fits a block's shared memory).
  The LORRAX_CONV_KLEAD_FFI dial is unset and resolved to off, so the direct fused k-LEADING IFFT(G)-IFFT(W)-FFT conv (Sigma; accelerator, default off) keeps the certified plan-based k-leading gw_conv handler — this dial is OPT-IN and off is its certified state.
  The LORRAX_CONV_KPAIR_FFI dial is unset and resolved to auto, so the fused post-pair convolution used to form the ISDF Coulomb operator is routed through the FFI handler WHERE AVAILABLE and through the ISDF XLA IFFT/conjugate/gamma/FFT reference chain otherwise (capability: the mesh is CUDA, the loaded device library exports CufftConvKPairCudaFfi, the runtime axes are in [1,24], and the shape is in the measured native-fast region).
  The distributed backends available for eigh on this mesh are cusolvermp, distributed, native; which one runs is the input-file key, not an environment variable.
  The distributed backends available for cholesky on this mesh are cusolvermp, native, native2d; which one runs is the input-file key, not an environment variable.
  The distributed backends available for solve_lu on this mesh are cusolvermp, distributed, native; which one runs is the input-file key, not an environment variable.
  This process is pinned to 32 schedulable CPUs, with OMP_NUM_THREADS=None, MKL_NUM_THREADS=None and OPENBLAS_NUM_THREADS='16 (auto: physical cores of the affinity mask; applied to libscipy_openblas64_-61654e39.so)'.
  Inside the FFI handlers the BLAS team size is LORRAX_MKLBLAS_THREADS=None for the batched GEMM, where unset means the ambient thread count, and LORRAX_SCALAPACK_MKL_THREADS=None for the ScaLAPACK handlers, where unset means a cap of 4 because pzheevd measured 11.28 s per q at 14 MKL threads against 0.463 s at 4.
  The JAX persistent compile cache is OFF, so every rank compiles every module in this run; set ISDF_JAX_CACHE_DIR to a rank-visible directory to turn it on, or leave it unset and let the resolution order pick one — LORRAX_RUN_DIR/.lorrax_jax_cache first, then $SCRATCH/lorrax_jax_cache, then the home cache (docs/dev/env_vars.md).
  The cache key includes every array shape, so a system size this machine has not run before misses every entry no matter how warm the cache looks.
  Cross-rank module-compile agreement is ON with no deadline (rank 0 names a missing rank every 60 s); each backend compile is fingerprinted before XLA execution.
  The fail-fast excepthook is installed, so an uncaught exception on any rank exits the step non-zero instead of leaving its peers blocked in a collective that rank will never join.
  glibc malloc tuning is in force with M_MMAP_THRESHOLD=1 MB and M_TRIM_THRESHOLD=128 MB, which is the mitigation for the per-r-chunk RSS ramp on long XLA:CPU runs.
==============================================================================
  [config provenance] this deck names 1 LEGACY self-energy-axis key(s); they are honored, and the canonical axes resolved to compute_mode = cohsex, qp_solver = one_shot_dft.
    do_screened -> write compute_mode = x_only | cohsex | gn_ppm | hl_ppm | mpa instead
==============================================================================
LORRAX GW CALCULATION
==============================================================================
Input          : /pscratch/sd/j/jackm/sandbox_v2_docs_consolidation_2026-08-14/tmp/worktrees/wt_bisp_prof_s_codex_20260906/runs/MoS2/42_bisp_scale_2026-09-06/prof_s/04_P_host_baseline/cohsex.in
Method         : cohsex / one_shot_dft
  Head policy: head_correction=full; screening_diagrams=w_rpa; direct diagnostic source=s_tensor. macroscopic W, local fields exactly once
  Bispinor GW policy: bispinor_gw=full_static_cohsex (packed no-pair 4x4 static response with the Gamma-cell completion: bare <D> into V, charge S00/wing head into W, Hall CT/TC from static_gauge_hall_file when present)
Photon route   : packed screened static photon operator (sixteen response and Sigma blocks; coupled 4x4 Dyson solve; Gamma-cell completion carries charge, mixed, and transverse heads)
  [hdf5-probe startup] libhdf5 2 core mapped: libhdf5-9e18f0c6.so.320.0.0, libhdf5_parallel_gnu.so.310.3.0 (+1 companion: libhdf5_hl-69da89c9.so.320.0.0); HDF5_USE_FILE_LOCKING=FALSE; policy=measure
  [hdf5-probe startup] no path opened through both stacks so far
  [WfnLoader] read backend = phdf5 (auto, 4 processes) — collective MPI-IO read through the phdf5 FFI .so
[2c-TRS] WFN.h5: CONSISTENT (spatial-conditional, residual=1.65e-08, coverage=33%, raw-pair=0, spatial-pair=2, trim=2) | 0.06s (io 0.01 + overlap 0.04)
  [config provenance] mpa_sampling_alpha = 1 (default for nonmetal)
  Material class: insulator (inferred from WFN occupations)
  ISDF basis: 597 centroids
  FFT grid: 24×24×80   Cell volume: 702.20 a.u.³

[config provenance] linalg = distributed (deck)
linalg = distributed: dense N_mu x N_mu matrices are 2D distributed across the process mesh (N_mu = 597)
[config provenance] low_mem_bands = true (deck)
low_mem_bands = true: the two-face wavefunction carrier (band chunks of 16); required for the raw-parent (k_irr) route, which contracts G and the ISDF pair densities on the WFN's own k rows.

CONFIGURATION PROVENANCE
------------------------
[config provenance] this deck names 1 LEGACY self-energy-axis key(s); they are honored, and the canonical axes resolved to compute_mode = cohsex, qp_solver = one_shot_dft.

PROCESSOR ARCHITECTURE
----------------------
MPI ranks      : 4
Accelerators   : 4 GPU devices (NVIDIA A100-SXM4-40GB, 1 per rank)
Processor mesh : 2 x 2  (centroid axes X x Y)
CPU allocation : 32 cores per rank
Host threads   : OPENBLAS_NUM_THREADS=16 (auto: physical cores of the affinity mask; applied to libscipy_openblas64_-61654e39.so)

METHOD AND PHYSICAL PATHWAYS
----------------------------
Self-energy    : static screened exchange + Coulomb hole; one-shot full-matrix effective Hamiltonian; Sigma evaluated at E_DFT with QSGW Hermitian symmetrization (distinct from fixed-DFT-state diagonal G0W0)
QP consistency  : one_shot_dft | other options: fixed_point (diagonal on-shell), self_consistent (rebuild G/W/Sigma)
EQP2 treatment  : off (set write_eqp2=true for fixed-Sigma eigenvalue self-consistency)
Screening      : RPA Dyson series; minimax imaginary-axis quadrature
Long wavelength: head=full; source=s_tensor
Coulomb system : 2D slab; Hartree=live G-space
Spin channels  : charge + transverse current (bispinor)
Degenerate sets: averaged at 1.36057e-05 eV
ISDF state     : fresh fit requested
  centroid order: orbit-packed, 55 orbits on 2 shards of 300 slots (597 centroids, 3 pad slots, canonical carrier 600)
  band counts: chi = sigma = 80; ISDF zeta fit sized for 80 bands (the two counts are TIED, so the band sums are the same window)
    chi0/W band sum edge 80 clean: min gap 15.4 meV.
    Sigma band sum edge 80 clean: min gap 15.4 meV.

NUMERICAL ENVIRONMENT
---------------------
JAX/JAXLIB     : 0.9.1 / 0.9.1 | FP64 / complex128 | NCCL collectives
Wavefunctions  : phdf5 reader
Dense linalg   : distributed layout
LORRAX_BANDS_GEMM_FFI      = NATIVE : right-GEMM contraction forming G(tau) (native XLA dot lowering)
LORRAX_FFT_FFI             = ON     : flat-k FFTs for ISDF, chi0 and Sigma (cuFFT flat-k FFI)
LORRAX_FFT_FFI_FUSED       = ON     : fused tau-domain convolution (cuFFT fused-convolution FFI)
LORRAX_CONV_KPAIR_FFI      = ON     : pair-density convolution forming V(q) (cuFFT pair-convolution FFI)

CRYSTAL SYMMETRY AND BRILLOUIN-ZONE SAMPLING
--------------------------------------------
Real-space action: r' = R^-1 r + tau
Spatial group   : 12 operations; 0 with fractional translations
QE schema      : FOUND data-file-schema.xml at /pscratch/sd/j/jackm/sandbox_v2_docs_consolidation_2026-08-14/runs/MoS2/42_bisp_scale_2026-09-06/00_qe_6x6/qe/nscf/MoS2.save/data-file-schema.xml
QE schema hash : SHA256 2f78cfdefa2f
Stored QE type : 12 unitary; 0 composed with time reversal
Active op rows : 12 unitary; 12 TR-composed
Inversion      : absent
DFT 2c TRS     : CONSISTENT (spatial-conditional; occupied-density residual=1.65314e-08; coverage=33.33%; raw-pair=0, spatial-pair=2, trim=2)
Global TRS     : enabled from the two-component reference check
  op   QE time-reversal status       R^-1 and fractional translation
  S01  QE-TR=no      active=unitary+TR R^-1=[ 1  0  0;  0  1  0;  0  0  1]  tau=( 0.000  0.000  0.000)
  S02  QE-TR=no      active=unitary+TR R^-1=[-1  1  0;  0  1  0;  0  0 -1]  tau=( 0.000  0.000  0.000)
  S03  QE-TR=no      active=unitary+TR R^-1=[-1  1  0; -1  0  0;  0  0  1]  tau=( 0.000  0.000  0.000)
  S04  QE-TR=no      active=unitary+TR R^-1=[ 0 -1  0;  1 -1  0;  0  0  1]  tau=( 0.000  0.000  0.000)
  S05  QE-TR=no      active=unitary+TR R^-1=[ 0 -1  0; -1  0  0;  0  0 -1]  tau=( 0.000  0.000  0.000)
  S06  QE-TR=no      active=unitary+TR R^-1=[ 1  0  0;  1 -1  0;  0  0 -1]  tau=( 0.000  0.000  0.000)
  S07  QE-TR=no      active=unitary+TR R^-1=[ 1  0  0;  0  1  0;  0  0 -1]  tau=( 0.000  0.000  0.000)
  S08  QE-TR=no      active=unitary+TR R^-1=[-1  1  0;  0  1  0;  0  0  1]  tau=( 0.000  0.000  0.000)
  S09  QE-TR=no      active=unitary+TR R^-1=[ 0 -1  0;  1 -1  0;  0  0 -1]  tau=( 0.000  0.000  0.000)
  S10  QE-TR=no      active=unitary+TR R^-1=[-1  1  0; -1  0  0;  0  0 -1]  tau=( 0.000  0.000  0.000)
  S11  QE-TR=no      active=unitary+TR R^-1=[ 1  0  0;  1 -1  0;  0  0  1]  tau=( 0.000  0.000  0.000)
  S12  QE-TR=no      active=unitary+TR R^-1=[ 0 -1  0; -1  0  0;  0  0  1]  tau=( 0.000  0.000  0.000)
Full BZ grid   : 36 k points | mesh 6 x 6 x 1 | shift (0.00000, 0.00000, 0.00000)
Stored IBZ     : 7 k points
  ik        kx        ky        kz     weight
    1   0.00000   0.00000   0.00000   0.02778
    2   0.00000   0.16667   0.00000   0.16667
    3   0.00000   0.33333   0.00000   0.16667
    4   0.00000  -0.50000   0.00000   0.08333
    5   0.16667   0.16667   0.00000   0.16667
    6   0.16667   0.33333   0.00000   0.33333
    7   0.33333   0.33333   0.00000   0.05556
Centroid orbit: CLOSED : 12/12 spatial operations preserve 597 sites (tol=1.00000e-05)
TRS pathways   : automatic from SymMaps.trs_allowed=true; no input override

BAND SPACES AND ENERGY COVERAGE
-------------------------------
Electrons      : 26.00000; occupied-band boundary = 26
Occupied bands : 1-26
QP valence     : 23-26
QP conduction  : 27-30
QP matrix      : 1-30
chi0/W sum     : 1-80
Sigma sum      : 1-80
Loaded ISDF psi: 1-80
zeta fit       : left 1-30; right 23-80
[stage 11:40:11] -> ISDF basis + wavefunctions
    ζ-fit physical window top 80 bands (logical band sums reach chi 80, sigma 80; the max is set by tied)
    ζ band-window closure: edge 22 min gap 81 meV, edge 30 min gap 39.9 meV, edge 80 min gap 15.4 meV
    cutoffs: zeta = 30.0 Ry, bare-Coulomb = 30.0 Ry  (ecutwfc=30.0, ecutrho=120.0)
[stage 11:40:12]   -> gw_jax.load_centroid_wfns
[load_centroids planner] existing=0.00, persistent=0.03, scan_budget=33.50 GiB/device, peak_copies=9, cs=16, stream=on, k_domain=ibz, retain_parents=no, k_tile=4, band_tile=16
[stage 11:40:12]     -> load_centroids.loader_load
  [SlabIO.phdf5_ffi] WFN.h5 mode=r bytes=36122756 file stripe layout=UNKNOWN (lfs unavailable or not Lustre); collective read aggregation cannot be predicted
[phdf5.hints /pscratch/sd/j/jackm/sandbox_v2_docs_consolidation_2026-08-14/tmp/worktrees/wt_bisp_prof_s_codex_20260906/runs/MoS2/42_bisp_scale_2026-09-06/prof_s/04_P_host_baseline/WFN.h5] 24 hints retained by ROMIO:
  romio_cb_pfr                             = disable
  romio_cb_fr_types                        = aar
  cb_align                                 = 2
  cb_buffer_size                           = 16777216
  romio_cb_fr_alignment                    = 1
  romio_cb_ds_threshold                    = 0
  romio_cb_alltoall                        = automatic
  romio_cb_read                            = automatic
  romio_cb_write                           = automatic
  romio_no_indep_rw                        = false
  romio_ds_write                           = automatic
  ind_wr_buffer_size                       = 524288
  romio_ds_read                            = disable
  ind_rd_buffer_size                       = 4194304
  direct_io                                = false
  striping_factor                          = 1
  striping_unit                            = 1048576
  overstriping_factor                      = 0
  romio_lustre_start_iodevice              = -1
  aggregator_placement_stride              = -1
  abort_on_rw_error                        = disable
  cb_config_list                           = *:*
  cb_nodes                                 = 1
  romio_filesystem_type                    = CRAY ADIO:
  [shard_map] using jax.shard_map (jax 0.9.1)
[phdf5 kchunk-union r0] n_k=4 bytes/rank=1005568  prev_h2d_wait=0.01  pin+zero=2.24  spaces=0.01  select=0.03  read=5.50  h2d_setup=0.07  total=7.87 (ms)  [selected_elts=125040]
  [wfn_loader] shard_map via jax.shard_map (jax 0.9.1)
[stage 11:40:12]     <- load_centroids.loader_load  0.4 s
[stage 11:40:12]     -> load_centroids.gflat_to_rmu
[stage 11:40:13]     <- load_centroids.gflat_to_rmu  0.3 s
[stage 11:40:13]     -> load_centroids.reshard_insert
[stage 11:40:13]     <- load_centroids.reshard_insert  0.7 s
[stage 11:40:13]     -> load_centroids.loader_load
[phdf5 kchunk-union r0] n_k=3 bytes/rank=754176  prev_h2d_wait=0.01  pin+zero=0.05  spaces=0.01  select=0.01  read=2.71  h2d_setup=0.05  total=2.85 (ms)  [selected_elts=92816]
[stage 11:40:14]     <- load_centroids.loader_load  0.4 s
[stage 11:40:14]     -> load_centroids.gflat_to_rmu
[stage 11:40:14]     <- load_centroids.gflat_to_rmu  0.0 s
[stage 11:40:14]     -> load_centroids.reshard_insert
[stage 11:40:14]     <- load_centroids.reshard_insert  0.0 s
[stage 11:40:14]     -> load_centroids.loader_load
[phdf5 kchunk-union r0] n_k=4 bytes/rank=1005568  prev_h2d_wait=0.01  pin+zero=0.06  spaces=0.01  select=0.01  read=2.30  h2d_setup=0.07  total=2.47 (ms)  [selected_elts=125040]
[stage 11:40:14]     <- load_centroids.loader_load  0.0 s
[stage 11:40:14]     -> load_centroids.gflat_to_rmu
[stage 11:40:14]     <- load_centroids.gflat_to_rmu  0.0 s
[stage 11:40:14]     -> load_centroids.reshard_insert
[stage 11:40:14]     <- load_centroids.reshard_insert  0.0 s
[stage 11:40:14]     -> load_centroids.loader_load
[phdf5 kchunk-union r0] n_k=3 bytes/rank=754176  prev_h2d_wait=0.00  pin+zero=0.02  spaces=0.00  select=0.01  read=1.82  h2d_setup=0.05  total=1.90 (ms)  [selected_elts=92816]
[stage 11:40:14]     <- load_centroids.loader_load  0.0 s
[stage 11:40:14]     -> load_centroids.gflat_to_rmu
[stage 11:40:14]     <- load_centroids.gflat_to_rmu  0.0 s
[stage 11:40:14]     -> load_centroids.reshard_insert
[stage 11:40:14]     <- load_centroids.reshard_insert  0.0 s
[stage 11:40:14]     -> load_centroids.loader_load
[phdf5 kchunk-union r0] n_k=4 bytes/rank=1005568  prev_h2d_wait=0.00  pin+zero=0.02  spaces=0.00  select=0.01  read=2.19  h2d_setup=0.06  total=2.29 (ms)  [selected_elts=125040]
[stage 11:40:14]     <- load_centroids.loader_load  0.0 s
[stage 11:40:14]     -> load_centroids.gflat_to_rmu
[stage 11:40:14]     <- load_centroids.gflat_to_rmu  0.0 s
[stage 11:40:14]     -> load_centroids.reshard_insert
[stage 11:40:14]     <- load_centroids.reshard_insert  0.0 s
[stage 11:40:14]     -> load_centroids.loader_load
[phdf5 kchunk-union r0] n_k=3 bytes/rank=754176  prev_h2d_wait=0.00  pin+zero=0.02  spaces=0.00  select=0.01  read=1.89  h2d_setup=0.05  total=1.97 (ms)  [selected_elts=92816]
[stage 11:40:14]     <- load_centroids.loader_load  0.0 s
[stage 11:40:14]     -> load_centroids.gflat_to_rmu
[stage 11:40:14]     <- load_centroids.gflat_to_rmu  0.0 s
[stage 11:40:14]     -> load_centroids.reshard_insert
[stage 11:40:14]     <- load_centroids.reshard_insert  0.0 s
[stage 11:40:14]     -> load_centroids.loader_load
[phdf5 kchunk-union r0] n_k=4 bytes/rank=1005568  prev_h2d_wait=0.00  pin+zero=0.02  spaces=0.00  select=0.01  read=2.15  h2d_setup=0.06  total=2.25 (ms)  [selected_elts=125040]
[stage 11:40:14]     <- load_centroids.loader_load  0.0 s
[stage 11:40:14]     -> load_centroids.gflat_to_rmu
[stage 11:40:14]     <- load_centroids.gflat_to_rmu  0.0 s
[stage 11:40:14]     -> load_centroids.reshard_insert
[stage 11:40:14]     <- load_centroids.reshard_insert  0.0 s
[stage 11:40:14]     -> load_centroids.loader_load
[phdf5 kchunk-union r0] n_k=3 bytes/rank=754176  prev_h2d_wait=0.00  pin+zero=0.02  spaces=0.00  select=0.01  read=1.77  h2d_setup=0.05  total=1.84 (ms)  [selected_elts=92816]
[stage 11:40:14]     <- load_centroids.loader_load  0.0 s
[stage 11:40:14]     -> load_centroids.gflat_to_rmu
[stage 11:40:14]     <- load_centroids.gflat_to_rmu  0.0 s
[stage 11:40:14]     -> load_centroids.reshard_insert
[stage 11:40:14]     <- load_centroids.reshard_insert  0.0 s
[stage 11:40:14]     -> load_centroids.loader_load
[phdf5 kchunk-union r0] n_k=4 bytes/rank=1005568  prev_h2d_wait=0.00  pin+zero=0.02  spaces=0.00  select=0.01  read=2.06  h2d_setup=0.06  total=2.16 (ms)  [selected_elts=125040]
[stage 11:40:14]     <- load_centroids.loader_load  0.0 s
[stage 11:40:14]     -> load_centroids.gflat_to_rmu
[stage 11:40:14]     <- load_centroids.gflat_to_rmu  0.0 s
[stage 11:40:14]     -> load_centroids.reshard_insert
[stage 11:40:14]     <- load_centroids.reshard_insert  0.0 s
[stage 11:40:14]     -> load_centroids.loader_load
[phdf5 kchunk-union r0] n_k=3 bytes/rank=754176  prev_h2d_wait=0.00  pin+zero=0.02  spaces=0.00  select=0.01  read=1.88  h2d_setup=0.05  total=1.96 (ms)  [selected_elts=92816]
[stage 11:40:14]     <- load_centroids.loader_load  0.0 s
[stage 11:40:14]     -> load_centroids.gflat_to_rmu
[stage 11:40:14]     <- load_centroids.gflat_to_rmu  0.0 s
[stage 11:40:14]     -> load_centroids.reshard_insert
[stage 11:40:14]     <- load_centroids.reshard_insert  0.0 s
[stage 11:40:14]   <- gw_jax.load_centroid_wfns  2.5 s
  ψ storage: parents only -- 7 raw WFN parents, 36 full k rows through typed transport.

  ====================================================================
  REUSING the existing ζ at /pscratch/sd/j/jackm/sandbox_v2_docs_consolidation_2026-08-14/tmp/worktrees/wt_bisp_prof_s_codex_20260906/runs/MoS2/42_bisp_scale_2026-09-06/prof_s/04_P_host_baseline/tmp/zeta_q.h5 — FIT SKIPPED.
  ...and the three transverse ζ at zeta_q_mu{1,2,3}.h5.
  isdf_header/zeta_is_done is True, the centroid table
  matches, and fit_provenance is identical to this run's
  inputs (band windows, cutoffs, solver knobs, source WFN).
  Set LORRAX_FORCE_REFIT=1 to refit unconditionally.
  ====================================================================

  [bispinor] re-sampling ψ at the 194 transverse centroids for σ^B (the ζ_T fit is skipped, but Σ^B still needs ψ(r_{μ_T})).
[stage 11:40:14]   -> gw_jax.load_centroid_wfns_current
[load_centroids planner] existing=0.01, persistent=0.01, scan_budget=33.50 GiB/device, peak_copies=9, cs=16, stream=on, k_domain=ibz, retain_parents=no, k_tile=4, band_tile=16
[stage 11:40:14]     -> load_centroids.loader_load
[phdf5 kchunk-union r0] n_k=4 bytes/rank=1005568  prev_h2d_wait=0.01  pin+zero=0.07  spaces=0.01  select=0.01  read=2.80  h2d_setup=0.07  total=2.97 (ms)  [selected_elts=125040]
[stage 11:40:14]     <- load_centroids.loader_load  0.0 s
[stage 11:40:14]     -> load_centroids.gflat_to_rmu
[stage 11:40:15]     <- load_centroids.gflat_to_rmu  0.3 s
[stage 11:40:15]     -> load_centroids.reshard_insert
[stage 11:40:15]     <- load_centroids.reshard_insert  0.1 s
[stage 11:40:15]     -> load_centroids.loader_load
[phdf5 kchunk-union r0] n_k=3 bytes/rank=754176  prev_h2d_wait=0.02  pin+zero=0.06  spaces=0.03  select=0.01  read=2.37  h2d_setup=0.06  total=2.54 (ms)  [selected_elts=92816]
[stage 11:40:15]     <- load_centroids.loader_load  0.0 s
[stage 11:40:15]     -> load_centroids.gflat_to_rmu
[stage 11:40:15]     <- load_centroids.gflat_to_rmu  0.0 s
[stage 11:40:15]     -> load_centroids.reshard_insert
[stage 11:40:15]     <- load_centroids.reshard_insert  0.0 s
[stage 11:40:15]     -> load_centroids.loader_load
[phdf5 kchunk-union r0] n_k=4 bytes/rank=1005568  prev_h2d_wait=0.01  pin+zero=0.03  spaces=0.00  select=0.01  read=2.03  h2d_setup=0.06  total=2.14 (ms)  [selected_elts=125040]
[stage 11:40:15]     <- load_centroids.loader_load  0.0 s
[stage 11:40:15]     -> load_centroids.gflat_to_rmu
[stage 11:40:15]     <- load_centroids.gflat_to_rmu  0.0 s
[stage 11:40:15]     -> load_centroids.reshard_insert
[stage 11:40:15]     <- load_centroids.reshard_insert  0.0 s
[stage 11:40:15]     -> load_centroids.loader_load
[phdf5 kchunk-union r0] n_k=3 bytes/rank=754176  prev_h2d_wait=0.01  pin+zero=0.02  spaces=0.00  select=0.01  read=1.83  h2d_setup=0.05  total=1.91 (ms)  [selected_elts=92816]
[stage 11:40:15]     <- load_centroids.loader_load  0.0 s
[stage 11:40:15]     -> load_centroids.gflat_to_rmu
[stage 11:40:15]     <- load_centroids.gflat_to_rmu  0.0 s
[stage 11:40:15]     -> load_centroids.reshard_insert
[stage 11:40:15]     <- load_centroids.reshard_insert  0.0 s
[stage 11:40:15]     -> load_centroids.loader_load
[phdf5 kchunk-union r0] n_k=4 bytes/rank=1005568  prev_h2d_wait=0.01  pin+zero=0.02  spaces=0.00  select=0.01  read=2.23  h2d_setup=0.06  total=2.33 (ms)  [selected_elts=125040]
[stage 11:40:15]     <- load_centroids.loader_load  0.0 s
[stage 11:40:15]     -> load_centroids.gflat_to_rmu
[stage 11:40:15]     <- load_centroids.gflat_to_rmu  0.0 s
[stage 11:40:15]     -> load_centroids.reshard_insert
[stage 11:40:15]     <- load_centroids.reshard_insert  0.0 s
[stage 11:40:15]     -> load_centroids.loader_load
[phdf5 kchunk-union r0] n_k=3 bytes/rank=754176  prev_h2d_wait=0.01  pin+zero=0.02  spaces=0.00  select=0.01  read=1.86  h2d_setup=0.05  total=1.94 (ms)  [selected_elts=92816]
[stage 11:40:15]     <- load_centroids.loader_load  0.0 s
[stage 11:40:15]     -> load_centroids.gflat_to_rmu
[stage 11:40:15]     <- load_centroids.gflat_to_rmu  0.0 s
[stage 11:40:15]     -> load_centroids.reshard_insert
[stage 11:40:15]     <- load_centroids.reshard_insert  0.0 s
[stage 11:40:15]     -> load_centroids.loader_load
[phdf5 kchunk-union r0] n_k=4 bytes/rank=1005568  prev_h2d_wait=0.01  pin+zero=0.02  spaces=0.00  select=0.01  read=2.24  h2d_setup=0.06  total=2.34 (ms)  [selected_elts=125040]
[stage 11:40:15]     <- load_centroids.loader_load  0.0 s
[stage 11:40:15]     -> load_centroids.gflat_to_rmu
[stage 11:40:15]     <- load_centroids.gflat_to_rmu  0.0 s
[stage 11:40:15]     -> load_centroids.reshard_insert
[stage 11:40:15]     <- load_centroids.reshard_insert  0.0 s
[stage 11:40:15]     -> load_centroids.loader_load
[phdf5 kchunk-union r0] n_k=3 bytes/rank=754176  prev_h2d_wait=0.00  pin+zero=0.02  spaces=0.00  select=0.01  read=1.90  h2d_setup=0.05  total=1.98 (ms)  [selected_elts=92816]
[stage 11:40:15]     <- load_centroids.loader_load  0.0 s
[stage 11:40:15]     -> load_centroids.gflat_to_rmu
[stage 11:40:15]     <- load_centroids.gflat_to_rmu  0.0 s
[stage 11:40:15]     -> load_centroids.reshard_insert
[stage 11:40:15]     <- load_centroids.reshard_insert  0.0 s
[stage 11:40:15]     -> load_centroids.loader_load
[phdf5 kchunk-union r0] n_k=4 bytes/rank=1005568  prev_h2d_wait=0.00  pin+zero=0.02  spaces=0.00  select=0.01  read=2.38  h2d_setup=0.06  total=2.47 (ms)  [selected_elts=125040]
[stage 11:40:15]     <- load_centroids.loader_load  0.0 s
[stage 11:40:15]     -> load_centroids.gflat_to_rmu
[stage 11:40:15]     <- load_centroids.gflat_to_rmu  0.0 s
[stage 11:40:15]     -> load_centroids.reshard_insert
[stage 11:40:15]     <- load_centroids.reshard_insert  0.0 s
[stage 11:40:15]     -> load_centroids.loader_load
[phdf5 kchunk-union r0] n_k=3 bytes/rank=754176  prev_h2d_wait=0.00  pin+zero=0.02  spaces=0.00  select=0.01  read=1.85  h2d_setup=0.05  total=1.92 (ms)  [selected_elts=92816]
[stage 11:40:15]     <- load_centroids.loader_load  0.0 s
[stage 11:40:15]     -> load_centroids.gflat_to_rmu
[stage 11:40:15]     <- load_centroids.gflat_to_rmu  0.0 s
[stage 11:40:15]     -> load_centroids.reshard_insert
[stage 11:40:15]     <- load_centroids.reshard_insert  0.0 s
[stage 11:40:15]   <- gw_jax.load_centroid_wfns_current  0.8 s
[stage 11:40:15]   -> gw_jax.wavefunction_setup
[stage 11:40:15]   <- gw_jax.wavefunction_setup  0.0 s
  Parent-k Sigma route ready: G contracted on 7 raw WFN parents and Σ_k projected on their bands, broadcast to 36 full k rows by the typed band-index unfold.
  Parent-k Green contraction ready: 7 raw WFN parents -> 36 full k rows.  Full-k FFTs and observables remain unchanged.
  Wavefunctions built: 80 bands on raw parents.
[stage 11:40:15]   -> gw_jax.wavefunction_setup
[stage 11:40:15]   <- gw_jax.wavefunction_setup  0.0 s
  [bispinor] σ^B-side Wfns built on n_rmu_T=194 transverse centroids (face layout; low_mem_bands=true)
[mem_probe pre_v_q] in_use=0.02 GB  peak=0.17 GB  live_count=44 live_total=0.06 GB  nvsmi=1.71 GB nvsmi_peak=1.71 GB
[mem_probe pre_v_q]   complex128 (7, 4, 600, 80) x 1 = 0.02 GB
[mem_probe pre_v_q]   complex128 (7, 80, 4, 600) x 1 = 0.02 GB
[mem_probe pre_v_q]   complex128 (7, 4, 196, 80) x 1 = 0.01 GB
[mem_probe pre_v_q]   complex128 (7, 80, 4, 196) x 1 = 0.01 GB
[mem_probe pre_v_q]   int32 (7, 24, 24, 80) x 1 = 0.00 GB
[mem_probe pre_v_q]   float64 (36, 80) x 6 = 0.00 GB
[mem_probe pre_v_q]   float64 (36, 320) x 1 = 0.00 GB
[mem_probe pre_v_q]   float64 (36, 120) x 1 = 0.00 GB
[mem_probe pre_v_q]   float64 (7, 80) x 4 = 0.00 GB
[mem_probe pre_v_q]   float64 (36, 30) x 1 = 0.00 GB
    V_q bare cutoff: 30.0 Ry
    V_q budget:    30.00 GB

  [bispinor] V_q^{μ_L,ν_L} → /pscratch/sd/j/jackm/sandbox_v2_docs_consolidation_2026-08-14/tmp/worktrees/wt_bisp_prof_s_codex_20260906/runs/MoS2/42_bisp_scale_2026-09-06/prof_s/04_P_host_baseline/tmp/v_q_bispinor.h5
[stage 11:40:16]   -> gw_jax.V_q_compute
  [SlabIO.phdf5_ffi] zeta_q.h5 mode=r bytes=135518153 file stripe_count=16 stripe_size=4194304 B cb_nodes=4/4 (the file's inode, not write policy).
[phdf5.hints /pscratch/sd/j/jackm/sandbox_v2_docs_consolidation_2026-08-14/tmp/worktrees/wt_bisp_prof_s_codex_20260906/runs/MoS2/42_bisp_scale_2026-09-06/prof_s/04_P_host_baseline/tmp/zeta_q.h5] 24 hints retained by ROMIO:
  romio_cb_pfr                             = disable
  romio_cb_fr_types                        = aar
  cb_align                                 = 2
  cb_buffer_size                           = 16777216
  romio_cb_fr_alignment                    = 1
  romio_cb_ds_threshold                    = 0
  romio_cb_alltoall                        = automatic
  romio_cb_read                            = automatic
  romio_cb_write                           = automatic
  romio_no_indep_rw                        = false
  romio_ds_write                           = automatic
  ind_wr_buffer_size                       = 524288
  romio_ds_read                            = disable
  ind_rd_buffer_size                       = 4194304
  direct_io                                = false
  striping_factor                          = 16
  striping_unit                            = 4194304
  overstriping_factor                      = 0
  romio_lustre_start_iodevice              = -1
  aggregator_placement_stride              = -1
  abort_on_rw_error                        = disable
  cb_config_list                           = *:*
  cb_nodes                                 = 4
  romio_filesystem_type                    = CRAY ADIO:
  [SlabIO.phdf5_ffi] zeta_q_mu1.h5 mode=r bytes=46870996 file stripe_count=16 stripe_size=4194304 B cb_nodes=4/4 (the file's inode, not write policy).
[phdf5.hints /pscratch/sd/j/jackm/sandbox_v2_docs_consolidation_2026-08-14/tmp/worktrees/wt_bisp_prof_s_codex_20260906/runs/MoS2/42_bisp_scale_2026-09-06/prof_s/04_P_host_baseline/tmp/zeta_q_mu1.h5] 24 hints retained by ROMIO:
  romio_cb_pfr                             = disable
  romio_cb_fr_types                        = aar
  cb_align                                 = 2
  cb_buffer_size                           = 16777216
  romio_cb_fr_alignment                    = 1
  romio_cb_ds_threshold                    = 0
  romio_cb_alltoall                        = automatic
  romio_cb_read                            = automatic
  romio_cb_write                           = automatic
  romio_no_indep_rw                        = false
  romio_ds_write                           = automatic
  ind_wr_buffer_size                       = 524288
  romio_ds_read                            = disable
  ind_rd_buffer_size                       = 4194304
  direct_io                                = false
  striping_factor                          = 16
  striping_unit                            = 4194304
  overstriping_factor                      = 0
  romio_lustre_start_iodevice              = -1
  aggregator_placement_stride              = -1
  abort_on_rw_error                        = disable
  cb_config_list                           = *:*
  cb_nodes                                 = 4
  romio_filesystem_type                    = CRAY ADIO:
  [SlabIO.phdf5_ffi] zeta_q_mu2.h5 mode=r bytes=46870996 file stripe_count=16 stripe_size=4194304 B cb_nodes=4/4 (the file's inode, not write policy).
[phdf5.hints /pscratch/sd/j/jackm/sandbox_v2_docs_consolidation_2026-08-14/tmp/worktrees/wt_bisp_prof_s_codex_20260906/runs/MoS2/42_bisp_scale_2026-09-06/prof_s/04_P_host_baseline/tmp/zeta_q_mu2.h5] 24 hints retained by ROMIO:
  romio_cb_pfr                             = disable
  romio_cb_fr_types                        = aar
  cb_align                                 = 2
  cb_buffer_size                           = 16777216
  romio_cb_fr_alignment                    = 1
  romio_cb_ds_threshold                    = 0
  romio_cb_alltoall                        = automatic
  romio_cb_read                            = automatic
  romio_cb_write                           = automatic
  romio_no_indep_rw                        = false
  romio_ds_write                           = automatic
  ind_wr_buffer_size                       = 524288
  romio_ds_read                            = disable
  ind_rd_buffer_size                       = 4194304
  direct_io                                = false
  striping_factor                          = 16
  striping_unit                            = 4194304
  overstriping_factor                      = 0
  romio_lustre_start_iodevice              = -1
  aggregator_placement_stride              = -1
  abort_on_rw_error                        = disable
  cb_config_list                           = *:*
  cb_nodes                                 = 4
  romio_filesystem_type                    = CRAY ADIO:
  [SlabIO.phdf5_ffi] zeta_q_mu3.h5 mode=r bytes=46870996 file stripe_count=16 stripe_size=4194304 B cb_nodes=4/4 (the file's inode, not write policy).
[phdf5.hints /pscratch/sd/j/jackm/sandbox_v2_docs_consolidation_2026-08-14/tmp/worktrees/wt_bisp_prof_s_codex_20260906/runs/MoS2/42_bisp_scale_2026-09-06/prof_s/04_P_host_baseline/tmp/zeta_q_mu3.h5] 24 hints retained by ROMIO:
  romio_cb_pfr                             = disable
  romio_cb_fr_types                        = aar
  cb_align                                 = 2
  cb_buffer_size                           = 16777216
  romio_cb_fr_alignment                    = 1
  romio_cb_ds_threshold                    = 0
  romio_cb_alltoall                        = automatic
  romio_cb_read                            = automatic
  romio_cb_write                           = automatic
  romio_no_indep_rw                        = false
  romio_ds_write                           = automatic
  ind_wr_buffer_size                       = 524288
  romio_ds_read                            = disable
  ind_rd_buffer_size                       = 4194304
  direct_io                                = false
  striping_factor                          = 16
  striping_unit                            = 4194304
  overstriping_factor                      = 0
  romio_lustre_start_iodevice              = -1
  aggregator_placement_stride              = -1
  abort_on_rw_error                        = disable
  cb_config_list                           = *:*
  cb_nodes                                 = 4
  romio_filesystem_type                    = CRAY ADIO:
  [SlabIO.phdf5_ffi] v_q_bispinor.h5 mode=w ranks=4 stripe_count=4 stripe_unit=1048576 B (policy; LORRAX_PHDF5_STRIPE_COUNT/_SIZE_FS override)
[phdf5.hints /pscratch/sd/j/jackm/sandbox_v2_docs_consolidation_2026-08-14/tmp/worktrees/wt_bisp_prof_s_codex_20260906/runs/MoS2/42_bisp_scale_2026-09-06/prof_s/04_P_host_baseline/tmp/v_q_bispinor.h5] 24 hints retained by ROMIO:
  romio_cb_pfr                             = disable
  romio_cb_fr_types                        = aar
  cb_align                                 = 2
  cb_buffer_size                           = 16777216
  romio_cb_fr_alignment                    = 1
  romio_cb_ds_threshold                    = 0
  romio_cb_alltoall                        = automatic
  romio_cb_read                            = automatic
  romio_cb_write                           = automatic
  romio_no_indep_rw                        = false
  romio_ds_write                           = automatic
  ind_wr_buffer_size                       = 524288
  romio_ds_read                            = disable
  ind_rd_buffer_size                       = 4194304
  direct_io                                = false
  striping_factor                          = 4
  striping_unit                            = 1048576
  overstriping_factor                      = 0
  romio_lustre_start_iodevice              = -1
  aggregator_placement_stride              = -1
  abort_on_rw_error                        = disable
  cb_config_list                           = *:*
  cb_nodes                                 = 4
  romio_filesystem_type                    = CRAY ADIO:
[ffi-debug proc=0] name=lorrax_io_committed shape=(4,) dtype=int32 spec=P(('x', 'y'),) offset=(0,) valid_shape=(1,) gshape=(1,) local_shapes=[(1,)]
[phdf5-write rank=0 ds=/lorrax_io_committed id=360287970189639681] extent=[1] offset=[0] count=[1] mem_dims=[1] base=[0] valid=[1] collective=1 oob=0 empty=0
[phdf5 write r0] ds=/lorrax_io_committed bytes/rank=4 coll=1 empty=0  d2h_wait=0.01  spaces=0.05  select=0.00  write=1.02  total=1.08 (ms)  0 MB/s
  [SlabIO.close] Python dispatch drained in 0.0 s (no queued data); joining writer thread
  [SlabIO.close] writer thread joined in 0.0 s; calling H5Fclose collectively
  [SlabIO.close] H5Fclose returned in 0.0 s
q-grid TRS policy [bispinor V / one-leg]: time reversal MEASURED to hold; 4 of 36 q rows use a TRS-composed partner so q and -q share one spatial realization, and 4 self-negative q rows carry the one-element TRS projector.
  [bispinor g-flat] tile 1/7 (μ_L=0, ν_L=0)  n_rmu_L=597 n_rmu_R=597  same_zeta=True  use_ibz=True
  V_q g-flat [V_qmunu_CC]: n_q_ibz=7, ngkmax=1964, g_chunk=1964 (1/q), n_rmu_L=597→600, n_rmu_R=597→600, storage=q-IBZ
    [V_qmunu_CC] pre-read all 7 IBZ ζ̃ slabs (1 batched call): 0.10s
    [V_qmunu_CC] q=0/7: kernel=0.11s
    [V_qmunu_CC] q=1/7: kernel=0.00s
    [V_qmunu_CC] q=2/7: kernel=0.00s
    [V_qmunu_CC] q=3/7: kernel=0.00s
    [V_qmunu_CC] q=4/7: kernel=0.00s
    [V_qmunu_CC] q=5/7: kernel=0.00s
    [V_qmunu_CC] q=6/7: kernel=0.00s
  sanity[V_q[CC] IBZ parents]: parent point-group covariance = 1.334e-07 (14/14 little-group ops over 2 parent(s)).  fixed-q TRS projector removed 4.512e-16 (relative).
[phdf5.hints /pscratch/sd/j/jackm/sandbox_v2_docs_consolidation_2026-08-14/tmp/worktrees/wt_bisp_prof_s_codex_20260906/runs/MoS2/42_bisp_scale_2026-09-06/prof_s/04_P_host_baseline/tmp/v_q_bispinor.h5] 24 hints retained by ROMIO:
  romio_cb_pfr                             = disable
  romio_cb_fr_types                        = aar
  cb_align                                 = 2
  cb_buffer_size                           = 16777216
  romio_cb_fr_alignment                    = 1
  romio_cb_ds_threshold                    = 0
  romio_cb_alltoall                        = automatic
  romio_cb_read                            = automatic
  romio_cb_write                           = automatic
  romio_no_indep_rw                        = false
  romio_ds_write                           = automatic
  ind_wr_buffer_size                       = 524288
  romio_ds_read                            = disable
  ind_rd_buffer_size                       = 4194304
  direct_io                                = false
  striping_factor                          = 4
  striping_unit                            = 1048576
  overstriping_factor                      = 0
  romio_lustre_start_iodevice              = -1
  aggregator_placement_stride              = -1
  abort_on_rw_error                        = disable
  cb_config_list                           = *:*
  cb_nodes                                 = 4
  romio_filesystem_type                    = CRAY ADIO:
[ffi-debug proc=0] name=lorrax_io_committed shape=(4,) dtype=int32 spec=P(('x', 'y'),) offset=(0,) valid_shape=(1,) gshape=(1,) local_shapes=[(1,)]
[phdf5-write rank=0 ds=/lorrax_io_committed id=360287970189639683] extent=[1] offset=[0] count=[1] mem_dims=[1] base=[0] valid=[1] collective=1 oob=0 empty=0
[phdf5 write r0] ds=/lorrax_io_committed bytes/rank=4 coll=1 empty=0  d2h_wait=0.01  spaces=0.04  select=0.00  write=0.35  total=0.40 (ms)  0 MB/s
[ffi-debug proc=0] name=V_qmunu_CC shape=(7, 600, 600) dtype=complex128 spec=P(None, 'x', 'y') offset=(0, 0, 0) valid_shape=(7, 597, 597) gshape=(7, 597, 597) local_shapes=[(7, 300, 300)]
  [SlabIO.close] draining 1 pending writes for v_q_bispinor.h5 …
[phdf5-write rank=0 ds=/V_qmunu_CC id=360287970189639684] extent=[7,597,597] offset=[0,0,0] count=[7,300,300] mem_dims=[7,300,300] base=[0,0,0] valid=[7,597,597] collective=1 oob=0 empty=0
[phdf5 write r0] ds=/V_qmunu_CC bytes/rank=10080000 coll=1 empty=0  d2h_wait=0.37  spaces=0.04  select=0.00  write=31.68  total=32.09 (ms)  318 MB/s
  [SlabIO.close] Python dispatch drained in 0.1 s (0.04 GB at 661 MB/s); joining writer thread
  [SlabIO.close] writer thread joined in 0.0 s; calling H5Fclose collectively
  [SlabIO.close] H5Fclose returned in 0.0 s
  [bispinor g-flat] tile 2/7 (μ_L=1, ν_L=1)  n_rmu_L=194 n_rmu_R=194  same_zeta=True  use_ibz=True
  V_q g-flat [V_qmunu_TT_11]: n_q_ibz=7, ngkmax=1964, g_chunk=1964 (1/q), n_rmu_L=194→196, n_rmu_R=194→196, storage=q-IBZ
    [V_qmunu_TT_11] pre-read all 7 IBZ ζ̃ slabs (1 batched call): 0.04s
    [V_qmunu_TT_11] q=0/7: kernel=0.10s
    [V_qmunu_TT_11] q=1/7: kernel=0.00s
    [V_qmunu_TT_11] q=2/7: kernel=0.00s
    [V_qmunu_TT_11] q=3/7: kernel=0.00s
    [V_qmunu_TT_11] q=4/7: kernel=0.00s
    [V_qmunu_TT_11] q=5/7: kernel=0.00s
    [V_qmunu_TT_11] q=6/7: kernel=0.00s
[phdf5.hints /pscratch/sd/j/jackm/sandbox_v2_docs_consolidation_2026-08-14/tmp/worktrees/wt_bisp_prof_s_codex_20260906/runs/MoS2/42_bisp_scale_2026-09-06/prof_s/04_P_host_baseline/tmp/v_q_bispinor.h5] 24 hints retained by ROMIO:
  romio_cb_pfr                             = disable
  romio_cb_fr_types                        = aar
  cb_align                                 = 2
  cb_buffer_size                           = 16777216
  romio_cb_fr_alignment                    = 1
  romio_cb_ds_threshold                    = 0
  romio_cb_alltoall                        = automatic
  romio_cb_read                            = automatic
  romio_cb_write                           = automatic
  romio_no_indep_rw                        = false
  romio_ds_write                           = automatic
  ind_wr_buffer_size                       = 524288
  romio_ds_read                            = disable
  ind_rd_buffer_size                       = 4194304
  direct_io                                = false
  striping_factor                          = 4
  striping_unit                            = 1048576
  overstriping_factor                      = 0
  romio_lustre_start_iodevice              = -1
  aggregator_placement_stride              = -1
  abort_on_rw_error                        = disable
  cb_config_list                           = *:*
  cb_nodes                                 = 4
  romio_filesystem_type                    = CRAY ADIO:
[ffi-debug proc=0] name=lorrax_io_committed shape=(4,) dtype=int32 spec=P(('x', 'y'),) offset=(0,) valid_shape=(1,) gshape=(1,) local_shapes=[(1,)]
[phdf5-write rank=0 ds=/lorrax_io_committed id=360287970189639686] extent=[1] offset=[0] count=[1] mem_dims=[1] base=[0] valid=[1] collective=1 oob=0 empty=0
[phdf5 write r0] ds=/lorrax_io_committed bytes/rank=4 coll=1 empty=0  d2h_wait=0.01  spaces=0.04  select=0.00  write=0.78  total=0.83 (ms)  0 MB/s
[ffi-debug proc=0] name=V_qmunu_TT_11 shape=(7, 196, 196) dtype=complex128 spec=P(None, 'x', 'y') offset=(0, 0, 0) valid_shape=(7, 194, 194) gshape=(7, 194, 194) local_shapes=[(7, 98, 98)]
  [SlabIO.close] draining 1 pending writes for v_q_bispinor.h5 …
[phdf5-write rank=0 ds=/V_qmunu_TT_11 id=360287970189639687] extent=[7,194,194] offset=[0,0,0] count=[7,98,98] mem_dims=[7,98,98] base=[0,0,0] valid=[7,194,194] collective=1 oob=0 empty=0
[phdf5 write r0] ds=/V_qmunu_TT_11 bytes/rank=1075648 coll=1 empty=0  d2h_wait=0.03  spaces=0.03  select=0.00  write=4.35  total=4.41 (ms)  247 MB/s
  [SlabIO.close] Python dispatch drained in 0.0 s (0.00 GB at 158 MB/s); joining writer thread
  [SlabIO.close] writer thread joined in 0.0 s; calling H5Fclose collectively
  [SlabIO.close] H5Fclose returned in 0.0 s
  [bispinor g-flat] tile 3/7 (μ_L=2, ν_L=2)  n_rmu_L=194 n_rmu_R=194  same_zeta=True  use_ibz=True
  V_q g-flat [V_qmunu_TT_22]: n_q_ibz=7, ngkmax=1964, g_chunk=1964 (1/q), n_rmu_L=194→196, n_rmu_R=194→196, storage=q-IBZ
    [V_qmunu_TT_22] pre-read all 7 IBZ ζ̃ slabs (1 batched call): 0.02s
    [V_qmunu_TT_22] q=0/7: kernel=0.00s
    [V_qmunu_TT_22] q=1/7: kernel=0.00s
    [V_qmunu_TT_22] q=2/7: kernel=0.00s
    [V_qmunu_TT_22] q=3/7: kernel=0.00s
    [V_qmunu_TT_22] q=4/7: kernel=0.00s
    [V_qmunu_TT_22] q=5/7: kernel=0.00s
    [V_qmunu_TT_22] q=6/7: kernel=0.00s
[phdf5.hints /pscratch/sd/j/jackm/sandbox_v2_docs_consolidation_2026-08-14/tmp/worktrees/wt_bisp_prof_s_codex_20260906/runs/MoS2/42_bisp_scale_2026-09-06/prof_s/04_P_host_baseline/tmp/v_q_bispinor.h5] 24 hints retained by ROMIO:
  romio_cb_pfr                             = disable
  romio_cb_fr_types                        = aar
  cb_align                                 = 2
  cb_buffer_size                           = 16777216
  romio_cb_fr_alignment                    = 1
  romio_cb_ds_threshold                    = 0
  romio_cb_alltoall                        = automatic
  romio_cb_read                            = automatic
  romio_cb_write                           = automatic
  romio_no_indep_rw                        = false
  romio_ds_write                           = automatic
  ind_wr_buffer_size                       = 524288
  romio_ds_read                            = disable
  ind_rd_buffer_size                       = 4194304
  direct_io                                = false
  striping_factor                          = 4
  striping_unit                            = 1048576
  overstriping_factor                      = 0
  romio_lustre_start_iodevice              = -1
  aggregator_placement_stride              = -1
  abort_on_rw_error                        = disable
  cb_config_list                           = *:*
  cb_nodes                                 = 4
  romio_filesystem_type                    = CRAY ADIO:
[ffi-debug proc=0] name=lorrax_io_committed shape=(4,) dtype=int32 spec=P(('x', 'y'),) offset=(0,) valid_shape=(1,) gshape=(1,) local_shapes=[(1,)]
[phdf5-write rank=0 ds=/lorrax_io_committed id=360287970189639689] extent=[1] offset=[0] count=[1] mem_dims=[1] base=[0] valid=[1] collective=1 oob=0 empty=0
[phdf5 write r0] ds=/lorrax_io_committed bytes/rank=4 coll=1 empty=0  d2h_wait=0.01  spaces=0.04  select=0.00  write=0.36  total=0.41 (ms)  0 MB/s
[ffi-debug proc=0] name=V_qmunu_TT_22 shape=(7, 196, 196) dtype=complex128 spec=P(None, 'x', 'y') offset=(0, 0, 0) valid_shape=(7, 194, 194) gshape=(7, 194, 194) local_shapes=[(7, 98, 98)]
  [SlabIO.close] draining 1 pending writes for v_q_bispinor.h5 …
[phdf5-write rank=0 ds=/V_qmunu_TT_22 id=360287970189639690] extent=[7,194,194] offset=[0,0,0] count=[7,98,98] mem_dims=[7,98,98] base=[0,0,0] valid=[7,194,194] collective=1 oob=0 empty=0
[phdf5 write r0] ds=/V_qmunu_TT_22 bytes/rank=1075648 coll=1 empty=0  d2h_wait=0.04  spaces=0.02  select=0.00  write=3.88  total=3.94 (ms)  277 MB/s
  [SlabIO.close] Python dispatch drained in 0.0 s (0.00 GB at 979 MB/s); joining writer thread
  [SlabIO.close] writer thread joined in 0.0 s; calling H5Fclose collectively
  [SlabIO.close] H5Fclose returned in 0.0 s
  [bispinor g-flat] tile 4/7 (μ_L=3, ν_L=3)  n_rmu_L=194 n_rmu_R=194  same_zeta=True  use_ibz=True
  V_q g-flat [V_qmunu_TT_33]: n_q_ibz=7, ngkmax=1964, g_chunk=1964 (1/q), n_rmu_L=194→196, n_rmu_R=194→196, storage=q-IBZ
    [V_qmunu_TT_33] pre-read all 7 IBZ ζ̃ slabs (1 batched call): 0.03s
    [V_qmunu_TT_33] q=0/7: kernel=0.00s
    [V_qmunu_TT_33] q=1/7: kernel=0.00s
    [V_qmunu_TT_33] q=2/7: kernel=0.00s
    [V_qmunu_TT_33] q=3/7: kernel=0.00s
    [V_qmunu_TT_33] q=4/7: kernel=0.00s
    [V_qmunu_TT_33] q=5/7: kernel=0.00s
    [V_qmunu_TT_33] q=6/7: kernel=0.00s
[phdf5.hints /pscratch/sd/j/jackm/sandbox_v2_docs_consolidation_2026-08-14/tmp/worktrees/wt_bisp_prof_s_codex_20260906/runs/MoS2/42_bisp_scale_2026-09-06/prof_s/04_P_host_baseline/tmp/v_q_bispinor.h5] 24 hints retained by ROMIO:
  romio_cb_pfr                             = disable
  romio_cb_fr_types                        = aar
  cb_align                                 = 2
  cb_buffer_size                           = 16777216
  romio_cb_fr_alignment                    = 1
  romio_cb_ds_threshold                    = 0
  romio_cb_alltoall                        = automatic
  romio_cb_read                            = automatic
  romio_cb_write                           = automatic
  romio_no_indep_rw                        = false
  romio_ds_write                           = automatic
  ind_wr_buffer_size                       = 524288
  romio_ds_read                            = disable
  ind_rd_buffer_size                       = 4194304
  direct_io                                = false
  striping_factor                          = 4
  striping_unit                            = 1048576
  overstriping_factor                      = 0
  romio_lustre_start_iodevice              = -1
  aggregator_placement_stride              = -1
  abort_on_rw_error                        = disable
  cb_config_list                           = *:*
  cb_nodes                                 = 4
  romio_filesystem_type                    = CRAY ADIO:
[ffi-debug proc=0] name=lorrax_io_committed shape=(4,) dtype=int32 spec=P(('x', 'y'),) offset=(0,) valid_shape=(1,) gshape=(1,) local_shapes=[(1,)]
[phdf5-write rank=0 ds=/lorrax_io_committed id=360287970189639692] extent=[1] offset=[0] count=[1] mem_dims=[1] base=[0] valid=[1] collective=1 oob=0 empty=0
[phdf5 write r0] ds=/lorrax_io_committed bytes/rank=4 coll=1 empty=0  d2h_wait=0.01  spaces=0.03  select=0.00  write=0.26  total=0.30 (ms)  0 MB/s
[ffi-debug proc=0] name=V_qmunu_TT_33 shape=(7, 196, 196) dtype=complex128 spec=P(None, 'x', 'y') offset=(0, 0, 0) valid_shape=(7, 194, 194) gshape=(7, 194, 194) local_shapes=[(7, 98, 98)]
  [SlabIO.close] draining 1 pending writes for v_q_bispinor.h5 …
[phdf5-write rank=0 ds=/V_qmunu_TT_33 id=360287970189639693] extent=[7,194,194] offset=[0,0,0] count=[7,98,98] mem_dims=[7,98,98] base=[0,0,0] valid=[7,194,194] collective=1 oob=0 empty=0
[phdf5 write r0] ds=/V_qmunu_TT_33 bytes/rank=1075648 coll=1 empty=0  d2h_wait=0.04  spaces=0.02  select=0.00  write=4.02  total=4.07 (ms)  268 MB/s
  [SlabIO.close] Python dispatch drained in 0.0 s (0.00 GB at 954 MB/s); joining writer thread
  [SlabIO.close] writer thread joined in 0.0 s; calling H5Fclose collectively
  [SlabIO.close] H5Fclose returned in 0.0 s
  [bispinor g-flat] tile 5/7 (μ_L=1, ν_L=2)  n_rmu_L=194 n_rmu_R=194  same_zeta=False  use_ibz=True
  V_q g-flat [V_qmunu_TT_12]: n_q_ibz=7, ngkmax=1964, g_chunk=1964 (1/q), n_rmu_L=194→196, n_rmu_R=194→196, storage=q-IBZ
    [V_qmunu_TT_12] pre-read all 7 IBZ ζ̃ slabs (1 batched call): 0.03s
    [V_qmunu_TT_12] q=0/7: kernel=0.10s
    [V_qmunu_TT_12] q=1/7: kernel=0.00s
    [V_qmunu_TT_12] q=2/7: kernel=0.00s
    [V_qmunu_TT_12] q=3/7: kernel=0.00s
    [V_qmunu_TT_12] q=4/7: kernel=0.00s
    [V_qmunu_TT_12] q=5/7: kernel=0.00s
    [V_qmunu_TT_12] q=6/7: kernel=0.00s
[phdf5.hints /pscratch/sd/j/jackm/sandbox_v2_docs_consolidation_2026-08-14/tmp/worktrees/wt_bisp_prof_s_codex_20260906/runs/MoS2/42_bisp_scale_2026-09-06/prof_s/04_P_host_baseline/tmp/v_q_bispinor.h5] 24 hints retained by ROMIO:
  romio_cb_pfr                             = disable
  romio_cb_fr_types                        = aar
  cb_align                                 = 2
  cb_buffer_size                           = 16777216
  romio_cb_fr_alignment                    = 1
  romio_cb_ds_threshold                    = 0
  romio_cb_alltoall                        = automatic
  romio_cb_read                            = automatic
  romio_cb_write                           = automatic
  romio_no_indep_rw                        = false
  romio_ds_write                           = automatic
  ind_wr_buffer_size                       = 524288
  romio_ds_read                            = disable
  ind_rd_buffer_size                       = 4194304
  direct_io                                = false
  striping_factor                          = 4
  striping_unit                            = 1048576
  overstriping_factor                      = 0
  romio_lustre_start_iodevice              = -1
  aggregator_placement_stride              = -1
  abort_on_rw_error                        = disable
  cb_config_list                           = *:*
  cb_nodes                                 = 4
  romio_filesystem_type                    = CRAY ADIO:
[ffi-debug proc=0] name=lorrax_io_committed shape=(4,) dtype=int32 spec=P(('x', 'y'),) offset=(0,) valid_shape=(1,) gshape=(1,) local_shapes=[(1,)]
[phdf5-write rank=0 ds=/lorrax_io_committed id=360287970189639694] extent=[1] offset=[0] count=[1] mem_dims=[1] base=[0] valid=[1] collective=1 oob=0 empty=0
[phdf5 write r0] ds=/lorrax_io_committed bytes/rank=4 coll=1 empty=0  d2h_wait=0.01  spaces=0.04  select=0.00  write=0.40  total=0.45 (ms)  0 MB/s
[ffi-debug proc=0] name=V_qmunu_TT_12 shape=(7, 196, 196) dtype=complex128 spec=P(None, 'x', 'y') offset=(0, 0, 0) valid_shape=(7, 194, 194) gshape=(7, 194, 194) local_shapes=[(7, 98, 98)]
  [SlabIO.close] draining 1 pending writes for v_q_bispinor.h5 …
[phdf5-write rank=0 ds=/V_qmunu_TT_12 id=360287970189639695] extent=[7,194,194] offset=[0,0,0] count=[7,98,98] mem_dims=[7,98,98] base=[0,0,0] valid=[7,194,194] collective=1 oob=0 empty=0
[phdf5 write r0] ds=/V_qmunu_TT_12 bytes/rank=1075648 coll=1 empty=0  d2h_wait=0.04  spaces=0.02  select=0.00  write=4.33  total=4.39 (ms)  248 MB/s
  [SlabIO.close] Python dispatch drained in 0.0 s (0.00 GB at 879 MB/s); joining writer thread
  [SlabIO.close] writer thread joined in 0.0 s; calling H5Fclose collectively
  [SlabIO.close] H5Fclose returned in 0.0 s
  [bispinor g-flat] tile 6/7 (μ_L=1, ν_L=3)  n_rmu_L=194 n_rmu_R=194  same_zeta=False  use_ibz=True
  V_q g-flat [V_qmunu_TT_13]: n_q_ibz=7, ngkmax=1964, g_chunk=1964 (1/q), n_rmu_L=194→196, n_rmu_R=194→196, storage=q-IBZ
    [V_qmunu_TT_13] pre-read all 7 IBZ ζ̃ slabs (1 batched call): 0.03s
    [V_qmunu_TT_13] q=0/7: kernel=0.00s
    [V_qmunu_TT_13] q=1/7: kernel=0.00s
    [V_qmunu_TT_13] q=2/7: kernel=0.00s
    [V_qmunu_TT_13] q=3/7: kernel=0.00s
    [V_qmunu_TT_13] q=4/7: kernel=0.00s
    [V_qmunu_TT_13] q=5/7: kernel=0.00s
    [V_qmunu_TT_13] q=6/7: kernel=0.00s
[phdf5.hints /pscratch/sd/j/jackm/sandbox_v2_docs_consolidation_2026-08-14/tmp/worktrees/wt_bisp_prof_s_codex_20260906/runs/MoS2/42_bisp_scale_2026-09-06/prof_s/04_P_host_baseline/tmp/v_q_bispinor.h5] 24 hints retained by ROMIO:
  romio_cb_pfr                             = disable
  romio_cb_fr_types                        = aar
  cb_align                                 = 2
  cb_buffer_size                           = 16777216
  romio_cb_fr_alignment                    = 1
  romio_cb_ds_threshold                    = 0
  romio_cb_alltoall                        = automatic
  romio_cb_read                            = automatic
  romio_cb_write                           = automatic
  romio_no_indep_rw                        = false
  romio_ds_write                           = automatic
  ind_wr_buffer_size                       = 524288
  romio_ds_read                            = disable
  ind_rd_buffer_size                       = 4194304
  direct_io                                = false
  striping_factor                          = 4
  striping_unit                            = 1048576
  overstriping_factor                      = 0
  romio_lustre_start_iodevice              = -1
  aggregator_placement_stride              = -1
  abort_on_rw_error                        = disable
  cb_config_list                           = *:*
  cb_nodes                                 = 4
  romio_filesystem_type                    = CRAY ADIO:
[ffi-debug proc=0] name=lorrax_io_committed shape=(4,) dtype=int32 spec=P(('x', 'y'),) offset=(0,) valid_shape=(1,) gshape=(1,) local_shapes=[(1,)]
[phdf5-write rank=0 ds=/lorrax_io_committed id=360287970189639696] extent=[1] offset=[0] count=[1] mem_dims=[1] base=[0] valid=[1] collective=1 oob=0 empty=0
[phdf5 write r0] ds=/lorrax_io_committed bytes/rank=4 coll=1 empty=0  d2h_wait=0.01  spaces=0.04  select=0.00  write=0.26  total=0.31 (ms)  0 MB/s
[ffi-debug proc=0] name=V_qmunu_TT_13 shape=(7, 196, 196) dtype=complex128 spec=P(None, 'x', 'y') offset=(0, 0, 0) valid_shape=(7, 194, 194) gshape=(7, 194, 194) local_shapes=[(7, 98, 98)]
  [SlabIO.close] draining 1 pending writes for v_q_bispinor.h5 …
[phdf5-write rank=0 ds=/V_qmunu_TT_13 id=360287970189639697] extent=[7,194,194] offset=[0,0,0] count=[7,98,98] mem_dims=[7,98,98] base=[0,0,0] valid=[7,194,194] collective=1 oob=0 empty=0
[phdf5 write r0] ds=/V_qmunu_TT_13 bytes/rank=1075648 coll=1 empty=0  d2h_wait=0.04  spaces=0.02  select=0.00  write=3.96  total=4.01 (ms)  271 MB/s
  [SlabIO.close] Python dispatch drained in 0.0 s (0.00 GB at 964 MB/s); joining writer thread
  [SlabIO.close] writer thread joined in 0.0 s; calling H5Fclose collectively
  [SlabIO.close] H5Fclose returned in 0.0 s
  [bispinor g-flat] tile 7/7 (μ_L=2, ν_L=3)  n_rmu_L=194 n_rmu_R=194  same_zeta=False  use_ibz=True
  V_q g-flat [V_qmunu_TT_23]: n_q_ibz=7, ngkmax=1964, g_chunk=1964 (1/q), n_rmu_L=194→196, n_rmu_R=194→196, storage=q-IBZ
    [V_qmunu_TT_23] pre-read all 7 IBZ ζ̃ slabs (1 batched call): 0.02s
    [V_qmunu_TT_23] q=0/7: kernel=0.00s
    [V_qmunu_TT_23] q=1/7: kernel=0.00s
    [V_qmunu_TT_23] q=2/7: kernel=0.00s
    [V_qmunu_TT_23] q=3/7: kernel=0.00s
    [V_qmunu_TT_23] q=4/7: kernel=0.00s
    [V_qmunu_TT_23] q=5/7: kernel=0.00s
    [V_qmunu_TT_23] q=6/7: kernel=0.00s
[phdf5.hints /pscratch/sd/j/jackm/sandbox_v2_docs_consolidation_2026-08-14/tmp/worktrees/wt_bisp_prof_s_codex_20260906/runs/MoS2/42_bisp_scale_2026-09-06/prof_s/04_P_host_baseline/tmp/v_q_bispinor.h5] 24 hints retained by ROMIO:
  romio_cb_pfr                             = disable
  romio_cb_fr_types                        = aar
  cb_align                                 = 2
  cb_buffer_size                           = 16777216
  romio_cb_fr_alignment                    = 1
  romio_cb_ds_threshold                    = 0
  romio_cb_alltoall                        = automatic
  romio_cb_read                            = automatic
  romio_cb_write                           = automatic
  romio_no_indep_rw                        = false
  romio_ds_write                           = automatic
  ind_wr_buffer_size                       = 524288
  romio_ds_read                            = disable
  ind_rd_buffer_size                       = 4194304
  direct_io                                = false
  striping_factor                          = 4
  striping_unit                            = 1048576
  overstriping_factor                      = 0
  romio_lustre_start_iodevice              = -1
  aggregator_placement_stride              = -1
  abort_on_rw_error                        = disable
  cb_config_list                           = *:*
  cb_nodes                                 = 4
  romio_filesystem_type                    = CRAY ADIO:
[ffi-debug proc=0] name=lorrax_io_committed shape=(4,) dtype=int32 spec=P(('x', 'y'),) offset=(0,) valid_shape=(1,) gshape=(1,) local_shapes=[(1,)]
[phdf5-write rank=0 ds=/lorrax_io_committed id=360287970189639698] extent=[1] offset=[0] count=[1] mem_dims=[1] base=[0] valid=[1] collective=1 oob=0 empty=0
[phdf5 write r0] ds=/lorrax_io_committed bytes/rank=4 coll=1 empty=0  d2h_wait=0.01  spaces=0.04  select=0.00  write=0.34  total=0.39 (ms)  0 MB/s
[ffi-debug proc=0] name=V_qmunu_TT_23 shape=(7, 196, 196) dtype=complex128 spec=P(None, 'x', 'y') offset=(0, 0, 0) valid_shape=(7, 194, 194) gshape=(7, 194, 194) local_shapes=[(7, 98, 98)]
  [SlabIO.close] draining 1 pending writes for v_q_bispinor.h5 …
[phdf5-write rank=0 ds=/V_qmunu_TT_23 id=360287970189639699] extent=[7,194,194] offset=[0,0,0] count=[7,98,98] mem_dims=[7,98,98] base=[0,0,0] valid=[7,194,194] collective=1 oob=0 empty=0
[phdf5 write r0] ds=/V_qmunu_TT_23 bytes/rank=1075648 coll=1 empty=0  d2h_wait=0.04  spaces=0.02  select=0.00  write=3.78  total=3.83 (ms)  285 MB/s
  [SlabIO.close] Python dispatch drained in 0.0 s (0.00 GB at 1005 MB/s); joining writer thread
  [SlabIO.close] writer thread joined in 0.0 s; calling H5Fclose collectively
  [SlabIO.close] H5Fclose returned in 0.0 s
[phdf5.hints /pscratch/sd/j/jackm/sandbox_v2_docs_consolidation_2026-08-14/tmp/worktrees/wt_bisp_prof_s_codex_20260906/runs/MoS2/42_bisp_scale_2026-09-06/prof_s/04_P_host_baseline/tmp/v_q_bispinor.h5] 24 hints retained by ROMIO:
  romio_cb_pfr                             = disable
  romio_cb_fr_types                        = aar
  cb_align                                 = 2
  cb_buffer_size                           = 16777216
  romio_cb_fr_alignment                    = 1
  romio_cb_ds_threshold                    = 0
  romio_cb_alltoall                        = automatic
  romio_cb_read                            = automatic
  romio_cb_write                           = automatic
  romio_no_indep_rw                        = false
  romio_ds_write                           = automatic
  ind_wr_buffer_size                       = 524288
  romio_ds_read                            = disable
  ind_rd_buffer_size                       = 4194304
  direct_io                                = false
  striping_factor                          = 4
  striping_unit                            = 1048576
  overstriping_factor                      = 0
  romio_lustre_start_iodevice              = -1
  aggregator_placement_stride              = -1
  abort_on_rw_error                        = disable
  cb_config_list                           = *:*
  cb_nodes                                 = 4
  romio_filesystem_type                    = CRAY ADIO:
[ffi-debug proc=0] name=lorrax_io_committed shape=(4,) dtype=int32 spec=P(('x', 'y'),) offset=(0,) valid_shape=(1,) gshape=(1,) local_shapes=[(1,)]
[phdf5-write rank=0 ds=/lorrax_io_committed id=360287970189639700] extent=[1] offset=[0] count=[1] mem_dims=[1] base=[0] valid=[1] collective=1 oob=0 empty=0
[phdf5 write r0] ds=/lorrax_io_committed bytes/rank=4 coll=1 empty=0  d2h_wait=0.01  spaces=0.03  select=0.00  write=0.34  total=0.38 (ms)  0 MB/s
[ffi-debug proc=0] name=photon_g0_vectors_0 shape=(1, 600) dtype=complex128 spec=P(None, 'x') offset=(0, 0) valid_shape=(1, 597) gshape=(1, 597) local_shapes=[(1, 300)]
[phdf5-write rank=0 ds=/photon_g0_vectors_0 id=360287970189639701] extent=[1,597] offset=[0,0] count=[1,300] mem_dims=[1,300] base=[0,0] valid=[1,597] collective=1 oob=0 empty=0
[phdf5 write r0] ds=/photon_g0_vectors_0 bytes/rank=4800 coll=1 empty=0  d2h_wait=0.01  spaces=0.04  select=0.00  write=0.91  total=0.96 (ms)  5 MB/s
  [SlabIO.flush] v_q_bispinor.h5: 0.00 GB written in 0.0 s (0 MB/s) before creating 'photon_g0_vectors_1'
[ffi-debug proc=0] name=photon_g0_vectors_1 shape=(1, 196) dtype=complex128 spec=P(None, 'x') offset=(0, 0) valid_shape=(1, 194) gshape=(1, 194) local_shapes=[(1, 98)]
[phdf5-write rank=0 ds=/photon_g0_vectors_1 id=360287970189639702] extent=[1,194] offset=[0,0] count=[1,98] mem_dims=[1,98] base=[0,0] valid=[1,194] collective=1 oob=0 empty=0
[phdf5 write r0] ds=/photon_g0_vectors_1 bytes/rank=1568 coll=1 empty=0  d2h_wait=0.01  spaces=0.04  select=0.00  write=1.09  total=1.13 (ms)  1 MB/s
  [SlabIO.flush] v_q_bispinor.h5: 0.00 GB written in 0.0 s (0 MB/s) before creating 'photon_g0_vectors_2'
[ffi-debug proc=0] name=photon_g0_vectors_2 shape=(1, 196) dtype=complex128 spec=P(None, 'x') offset=(0, 0) valid_shape=(1, 194) gshape=(1, 194) local_shapes=[(1, 98)]
[phdf5-write rank=0 ds=/photon_g0_vectors_2 id=360287970189639703] extent=[1,194] offset=[0,0] count=[1,98] mem_dims=[1,98] base=[0,0] valid=[1,194] collective=1 oob=0 empty=0
[phdf5 write r0] ds=/photon_g0_vectors_2 bytes/rank=1568 coll=1 empty=0  d2h_wait=0.01  spaces=0.02  select=0.00  write=0.34  total=0.37 (ms)  5 MB/s
  [SlabIO.flush] v_q_bispinor.h5: 0.00 GB written in 0.0 s (4 MB/s) before creating 'photon_g0_vectors_3'
[ffi-debug proc=0] name=photon_g0_vectors_3 shape=(1, 196) dtype=complex128 spec=P(None, 'x') offset=(0, 0) valid_shape=(1, 194) gshape=(1, 194) local_shapes=[(1, 98)]
  [SlabIO.close] draining 1 pending writes for v_q_bispinor.h5 …
[phdf5-write rank=0 ds=/photon_g0_vectors_3 id=360287970189639704] extent=[1,194] offset=[0,0] count=[1,98] mem_dims=[1,98] base=[0,0] valid=[1,194] collective=1 oob=0 empty=0
[phdf5 write r0] ds=/photon_g0_vectors_3 bytes/rank=1568 coll=1 empty=0  d2h_wait=0.01  spaces=0.02  select=0.00  write=0.18  total=0.21 (ms)  9 MB/s
  [SlabIO.close] Python dispatch drained in 0.0 s (0.00 GB at 5 MB/s); joining writer thread
  [SlabIO.close] writer thread joined in 0.0 s; calling H5Fclose collectively
  [SlabIO.close] H5Fclose returned in 0.0 s
  [SlabIO.close] Python dispatch drained in 0.0 s (no queued data); joining writer thread
  [SlabIO.close] writer thread joined in 0.0 s; calling H5Fclose collectively
  [SlabIO.close] H5Fclose returned in 0.0 s
  [SlabIO.close] Python dispatch drained in 0.0 s (no queued data); joining writer thread
  [SlabIO.close] writer thread joined in 0.0 s; calling H5Fclose collectively
  [SlabIO.close] H5Fclose returned in 0.0 s
  [SlabIO.close] Python dispatch drained in 0.0 s (no queued data); joining writer thread
  [SlabIO.close] writer thread joined in 0.0 s; calling H5Fclose collectively
  [SlabIO.close] H5Fclose returned in 0.0 s
  [SlabIO.close] Python dispatch drained in 0.0 s (no queued data); joining writer thread
  [SlabIO.close] writer thread joined in 0.0 s; calling H5Fclose collectively
  [SlabIO.close] H5Fclose returned in 0.0 s
[stage 11:40:20]   <- gw_jax.V_q_compute  4.3 s
  [SlabIO.phdf5_ffi] v_q_bispinor.h5 mode=r bytes=92464973 file stripe_count=4 stripe_size=1048576 B cb_nodes=4/4 (the file's inode, not write policy).
[phdf5.hints /pscratch/sd/j/jackm/sandbox_v2_docs_consolidation_2026-08-14/tmp/worktrees/wt_bisp_prof_s_codex_20260906/runs/MoS2/42_bisp_scale_2026-09-06/prof_s/04_P_host_baseline/tmp/v_q_bispinor.h5] 24 hints retained by ROMIO:
  romio_cb_pfr                             = disable
  romio_cb_fr_types                        = aar
  cb_align                                 = 2
  cb_buffer_size                           = 16777216
  romio_cb_fr_alignment                    = 1
  romio_cb_ds_threshold                    = 0
  romio_cb_alltoall                        = automatic
  romio_cb_read                            = automatic
  romio_cb_write                           = automatic
  romio_no_indep_rw                        = false
  romio_ds_write                           = automatic
  ind_wr_buffer_size                       = 524288
  romio_ds_read                            = disable
  ind_rd_buffer_size                       = 4194304
  direct_io                                = false
  striping_factor                          = 4
  striping_unit                            = 1048576
  overstriping_factor                      = 0
  romio_lustre_start_iodevice              = -1
  aggregator_placement_stride              = -1
  abort_on_rw_error                        = disable
  cb_config_list                           = *:*
  cb_nodes                                 = 4
  romio_filesystem_type                    = CRAY ADIO:
  [SlabIO.close] Python dispatch drained in 0.0 s (no queued data); joining writer thread
  [SlabIO.close] writer thread joined in 0.0 s; calling H5Fclose collectively
  [SlabIO.close] H5Fclose returned in 0.0 s
  [shard_map] using jax.shard_map (jax 0.9.1)

  V_q computed:
    Shape: (36, 600, 600)
    V_q=0 trace: 24447645.0499
[mem_probe post_v_q] in_use=0.09 GB  peak=0.28 GB  live_count=69 live_total=0.36 GB  nvsmi=1.84 GB nvsmi_peak=1.84 GB
[mem_probe post_v_q]   complex128 (36, 600, 600) x 1 = 0.21 GB
[mem_probe post_v_q]   complex128 (36, 300, 300) x 1 = 0.05 GB
[mem_probe post_v_q]   complex128 (7, 600, 600) x 1 = 0.04 GB
[mem_probe post_v_q]   complex128 (7, 4, 600, 80) x 1 = 0.02 GB
[mem_probe post_v_q]   complex128 (7, 80, 4, 600) x 1 = 0.02 GB
[mem_probe post_v_q]   complex128 (7, 4, 196, 80) x 1 = 0.01 GB
[mem_probe post_v_q]   complex128 (7, 80, 4, 196) x 1 = 0.01 GB
[mem_probe post_v_q]   int32 (7, 24, 24, 80) x 1 = 0.00 GB
[mem_probe post_v_q]   complex128 (36, 600) x 1 = 0.00 GB
[mem_probe post_v_q]   complex128 (36, 196) x 3 = 0.00 GB
  [restart_write] restart_q_storage=auto -> ibz (centroid set is orbit-closed (worst residual 1.665e-16 at tol 1.0e-05) and the q path reduced)
  [SlabIO.phdf5_ffi] isdf_tensors_597.h5 mode=w ranks=4 stripe_count=4 stripe_unit=1048576 B (policy; LORRAX_PHDF5_STRIPE_COUNT/_SIZE_FS override)
[phdf5.hints /pscratch/sd/j/jackm/sandbox_v2_docs_consolidation_2026-08-14/tmp/worktrees/wt_bisp_prof_s_codex_20260906/runs/MoS2/42_bisp_scale_2026-09-06/prof_s/04_P_host_baseline/tmp/isdf_tensors_597.h5] 24 hints retained by ROMIO:
  romio_cb_pfr                             = disable
  romio_cb_fr_types                        = aar
  cb_align                                 = 2
  cb_buffer_size                           = 16777216
  romio_cb_fr_alignment                    = 1
  romio_cb_ds_threshold                    = 0
  romio_cb_alltoall                        = automatic
  romio_cb_read                            = automatic
  romio_cb_write                           = automatic
  romio_no_indep_rw                        = false
  romio_ds_write                           = automatic
  ind_wr_buffer_size                       = 524288
  romio_ds_read                            = disable
  ind_rd_buffer_size                       = 4194304
  direct_io                                = false
  striping_factor                          = 4
  striping_unit                            = 1048576
  overstriping_factor                      = 0
  romio_lustre_start_iodevice              = -1
  aggregator_placement_stride              = -1
  abort_on_rw_error                        = disable
  cb_config_list                           = *:*
  cb_nodes                                 = 4
  romio_filesystem_type                    = CRAY ADIO:
[ffi-debug proc=0] name=lorrax_io_committed shape=(4,) dtype=int32 spec=P(('x', 'y'),) offset=(0,) valid_shape=(1,) gshape=(1,) local_shapes=[(1,)]
[phdf5-write rank=0 ds=/lorrax_io_committed id=360287970189639706] extent=[1] offset=[0] count=[1] mem_dims=[1] base=[0] valid=[1] collective=1 oob=0 empty=0
[phdf5 write r0] ds=/lorrax_io_committed bytes/rank=4 coll=1 empty=0  d2h_wait=0.01  spaces=0.03  select=0.00  write=1.04  total=1.08 (ms)  0 MB/s
[ffi-debug proc=0] name=V_qmunu shape=(7, 600, 600) dtype=complex128 spec=P(None, 'x', 'y') offset=(0, 0, 0) valid_shape=(7, 597, 597) gshape=(7, 597, 597) local_shapes=[(7, 300, 300)]
  [restart_write] V_qmunu (7, 597, 597) 0.04 GB QUEUED in 0.0 s (transfer time and rate: see the SlabIO.close drain line)
[phdf5-write rank=0 ds=/V_qmunu id=360287970189639707] extent=[7,597,597] offset=[0,0,0] count=[7,300,300] mem_dims=[7,300,300] base=[0,0,0] valid=[7,597,597] collective=1 oob=0 empty=0
[phdf5 write r0] ds=/V_qmunu bytes/rank=10080000 coll=1 empty=0  d2h_wait=0.40  spaces=0.02  select=0.00  write=31.87  total=32.29 (ms)  316 MB/s
  [SlabIO.flush] isdf_tensors_597.h5: 0.04 GB written in 0.0 s (1002 MB/s) before creating 'G0_mu_nu'
[ffi-debug proc=0] name=G0_mu_nu shape=(600,) dtype=complex128 spec=P(None,) offset=(0,) valid_shape=(597,) gshape=(597,) local_shapes=[(600,)]
  [restart_write] G0_mu_nu (597,) 0.00 GB QUEUED in 0.0 s (transfer time and rate: see the SlabIO.close drain line)
[phdf5-write rank=0 ds=/G0_mu_nu id=360287970189639708] extent=[597] offset=[0] count=[597] mem_dims=[600] base=[0] valid=[597] collective=1 oob=0 empty=0
[phdf5 write r0] ds=/G0_mu_nu bytes/rank=9600 coll=1 empty=0  d2h_wait=0.01  spaces=0.02  select=0.00  write=0.48  total=0.51 (ms)  20 MB/s
  [SlabIO.flush] isdf_tensors_597.h5: 0.00 GB written in 0.0 s (0 MB/s) before creating 'enk_full'
[ffi-debug proc=0] name=enk_full shape=(36, 80) dtype=float64 spec=P(None, None) offset=(0, 0) valid_shape=(36, 80) gshape=(36, 80) local_shapes=[(36, 80)]
  [restart_write] enk_full (36, 80) 0.00 GB QUEUED in 0.0 s (transfer time and rate: see the SlabIO.close drain line)
[phdf5-write rank=0 ds=/enk_full id=360287970189639709] extent=[36,80] offset=[0,0] count=[36,80] mem_dims=[36,80] base=[0,0] valid=[36,80] collective=1 oob=0 empty=0
[phdf5 write r0] ds=/enk_full bytes/rank=23040 coll=1 empty=0  d2h_wait=0.01  spaces=0.02  select=0.00  write=0.59  total=0.62 (ms)  39 MB/s
  [SlabIO.flush] isdf_tensors_597.h5: 0.00 GB written in 0.0 s (1 MB/s) before creating 'W0_qmunu'
  [restart_write] W0_qmunu placeholder ALLOCATED (7, 597, 597) 0.04 GB in 0.0 s (no data written)
  [SlabIO.close] Python dispatch drained in 0.0 s (no queued data); joining writer thread
  [SlabIO.close] writer thread joined in 0.0 s; calling H5Fclose collectively
  [SlabIO.close] H5Fclose returned in 0.0 s
[phdf5.hints /pscratch/sd/j/jackm/sandbox_v2_docs_consolidation_2026-08-14/tmp/worktrees/wt_bisp_prof_s_codex_20260906/runs/MoS2/42_bisp_scale_2026-09-06/prof_s/04_P_host_baseline/tmp/isdf_tensors_597.h5] 24 hints retained by ROMIO:
  romio_cb_pfr                             = disable
  romio_cb_fr_types                        = aar
  cb_align                                 = 2
  cb_buffer_size                           = 16777216
  romio_cb_fr_alignment                    = 1
  romio_cb_ds_threshold                    = 0
  romio_cb_alltoall                        = automatic
  romio_cb_read                            = automatic
  romio_cb_write                           = automatic
  romio_no_indep_rw                        = false
  romio_ds_write                           = automatic
  ind_wr_buffer_size                       = 524288
  romio_ds_read                            = disable
  ind_rd_buffer_size                       = 4194304
  direct_io                                = false
  striping_factor                          = 4
  striping_unit                            = 1048576
  overstriping_factor                      = 0
  romio_lustre_start_iodevice              = -1
  aggregator_placement_stride              = -1
  abort_on_rw_error                        = disable
  cb_config_list                           = *:*
  cb_nodes                                 = 4
  romio_filesystem_type                    = CRAY ADIO:
[ffi-debug proc=0] name=lorrax_io_committed shape=(4,) dtype=int32 spec=P(('x', 'y'),) offset=(0,) valid_shape=(1,) gshape=(1,) local_shapes=[(1,)]
[phdf5-write rank=0 ds=/lorrax_io_committed id=360287970189639711] extent=[1] offset=[0] count=[1] mem_dims=[1] base=[0] valid=[1] collective=1 oob=0 empty=0
[phdf5 write r0] ds=/lorrax_io_committed bytes/rank=4 coll=1 empty=0  d2h_wait=0.01  spaces=0.05  select=0.00  write=0.26  total=0.31 (ms)  0 MB/s
[ffi-debug proc=0] name=psi_parent_y shape=(7, 80, 4, 600) dtype=complex128 spec=P(None, 'x', None, 'y') offset=(0, 0, 0, 0) valid_shape=(7, 80, 4, 597) gshape=(7, 80, 4, 597) local_shapes=[(7, 40, 4, 300)]
  [restart_write] psi_parent_y (7, 80, 4, 597) 0.02 GB QUEUED in 0.0 s (transfer time and rate: see the SlabIO.close drain line)
[phdf5-write rank=0 ds=/psi_parent_y id=360287970189639712] extent=[7,80,4,597] offset=[0,0,0,0] count=[7,40,4,300] mem_dims=[7,40,4,300] base=[0,0,0,0] valid=[7,80,4,597] collective=1 oob=0 empty=0
[phdf5 write r0] ds=/psi_parent_y bytes/rank=5376000 coll=1 empty=0  d2h_wait=0.19  spaces=0.05  select=0.00  write=15.81  total=16.05 (ms)  340 MB/s
  [SlabIO.flush] isdf_tensors_597.h5: 0.02 GB written in 0.0 s (557 MB/s) before creating 'psi_parent_y_mun'
[ffi-debug proc=0] name=psi_parent_y_mun shape=(7, 4, 600, 80) dtype=complex128 spec=P(None, None, 'x', 'y') offset=(0, 0, 0, 0) valid_shape=(7, 4, 597, 80) gshape=(7, 4, 597, 80) local_shapes=[(7, 4, 300, 40)]
  [restart_write] psi_parent_y_mun (7, 4, 597, 80) 0.02 GB QUEUED in 0.0 s (transfer time and rate: see the SlabIO.close drain line)
[phdf5-write rank=0 ds=/psi_parent_y_mun id=360287970189639713] extent=[7,4,597,80] offset=[0,0,0,0] count=[7,4,300,40] mem_dims=[7,4,300,40] base=[0,0,0,0] valid=[7,4,597,80] collective=1 oob=0 empty=0
[phdf5 write r0] ds=/psi_parent_y_mun bytes/rank=5376000 coll=1 empty=0  d2h_wait=0.20  spaces=0.02  select=0.00  write=22.09  total=22.32 (ms)  243 MB/s
  [SlabIO.flush] isdf_tensors_597.h5: 0.02 GB written in 0.0 s (505 MB/s) before creating 'psi_parent_y_transverse'
[ffi-debug proc=0] name=psi_parent_y_transverse shape=(7, 80, 4, 196) dtype=complex128 spec=P(None, 'x', None, 'y') offset=(0, 0, 0, 0) valid_shape=(7, 80, 4, 194) gshape=(7, 80, 4, 194) local_shapes=[(7, 40, 4, 98)]
  [restart_write] psi_parent_y_transverse (7, 80, 4, 194) 0.01 GB QUEUED in 0.0 s (transfer time and rate: see the SlabIO.close drain line)
[phdf5-write rank=0 ds=/psi_parent_y_transverse id=360287970189639714] extent=[7,80,4,194] offset=[0,0,0,0] count=[7,40,4,98] mem_dims=[7,40,4,98] base=[0,0,0,0] valid=[7,80,4,194] collective=1 oob=0 empty=0
[phdf5 write r0] ds=/psi_parent_y_transverse bytes/rank=1756160 coll=1 empty=0  d2h_wait=0.06  spaces=0.03  select=0.00  write=5.98  total=6.07 (ms)  294 MB/s
  [SlabIO.flush] isdf_tensors_597.h5: 0.01 GB written in 0.0 s (269 MB/s) before creating 'psi_parent_y_transverse_mun'
[ffi-debug proc=0] name=psi_parent_y_transverse_mun shape=(7, 4, 196, 80) dtype=complex128 spec=P(None, None, 'x', 'y') offset=(0, 0, 0, 0) valid_shape=(7, 4, 194, 80) gshape=(7, 4, 194, 80) local_shapes=[(7, 4, 98, 40)]
  [restart_write] psi_parent_y_transverse_mun (7, 4, 194, 80) 0.01 GB QUEUED in 0.0 s (transfer time and rate: see the SlabIO.close drain line)
  [SlabIO.close] draining 1 pending writes for isdf_tensors_597.h5 …
[phdf5-write rank=0 ds=/psi_parent_y_transverse_mun id=360287970189639715] extent=[7,4,194,80] offset=[0,0,0,0] count=[7,4,98,40] mem_dims=[7,4,98,40] base=[0,0,0,0] valid=[7,4,194,80] collective=1 oob=0 empty=0
[phdf5 write r0] ds=/psi_parent_y_transverse_mun bytes/rank=1756160 coll=1 empty=0  d2h_wait=0.06  spaces=0.03  select=0.00  write=6.36  total=6.44 (ms)  276 MB/s
  [SlabIO.close] Python dispatch drained in 0.0 s (0.01 GB at 268 MB/s); joining writer thread
  [SlabIO.close] writer thread joined in 0.0 s; calling H5Fclose collectively
  [SlabIO.close] H5Fclose returned in 0.0 s
  Chunked ISDF path complete
[stage 11:40:23] <- ISDF basis + wavefunctions  11.8 s
[stage 11:40:23] -> minimax tau-axis
  Minimax static window: x=[1.271848e-01, 6.345106e+00] Ry, R=49.89, nodes=11, fit_err~3.038e-07  [shipped noncrossing/noncrossing_R_92p361895_eps_6p9em08.npz sha256:af400c601bd42568 gen unrecorded (catalog schema v1) backend unrecorded (catalog schema v1) UNCERTIFIED]/pscratch/sd/j/jackm/sandbox_v2_docs_consolidation_2026-08-14/tmp/worktrees/wt_bisp_prof_s_codex_20260906/services/minimax/src/minimax/door.py:449: RuntimeWarning: minimax: served noncrossing/inverse R=49.8889 target 1e-07 -> 11 nodes, max_err 3.86e-08, kappa0 unrecorded | shipped noncrossing/noncrossing_R_92p361895_eps_6p9em08.npz sha256:af400c601bd42568 gen unrecorded (catalog schema v1) backend unrecorded (catalog schema v1) UNCERTIFIED

  return lookup(family=family, target=target,
[stage 11:40:23] <- minimax tau-axis  0.1 s
[stage 11:40:23] -> screening (chi0 -> W)
  [photon head] Hall term: sigma_H = 0 (no static_gauge_hall_file named).  For a Chern-trivial insulator the static Hall coefficient is exactly zero; supply the artifact from get_dipole_mtxels --static-gauge-hall-only to include a measured value.
q-grid TRS policy [packed photon response]: time reversal MEASURED to hold; 4 of 36 q rows use a TRS-composed partner so q and -q share one spatial realization, and 4 self-negative q rows carry the one-element TRS projector.
q-grid TRS policy [photon V reader]: time reversal MEASURED to hold; 4 of 36 q rows use a TRS-composed partner so q and -q share one spatial realization, and 4 self-negative q rows carry the one-element TRS projector.
[phdf5.hints /pscratch/sd/j/jackm/sandbox_v2_docs_consolidation_2026-08-14/tmp/worktrees/wt_bisp_prof_s_codex_20260906/runs/MoS2/42_bisp_scale_2026-09-06/prof_s/04_P_host_baseline/tmp/v_q_bispinor.h5] 24 hints retained by ROMIO:
  romio_cb_pfr                             = disable
  romio_cb_fr_types                        = aar
  cb_align                                 = 2
  cb_buffer_size                           = 16777216
  romio_cb_fr_alignment                    = 1
  romio_cb_ds_threshold                    = 0
  romio_cb_alltoall                        = automatic
  romio_cb_read                            = automatic
  romio_cb_write                           = automatic
  romio_no_indep_rw                        = false
  romio_ds_write                           = automatic
  ind_wr_buffer_size                       = 524288
  romio_ds_read                            = disable
  ind_rd_buffer_size                       = 4194304
  direct_io                                = false
  striping_factor                          = 4
  striping_unit                            = 1048576
  overstriping_factor                      = 0
  romio_lustre_start_iodevice              = -1
  aggregator_placement_stride              = -1
  abort_on_rw_error                        = disable
  cb_config_list                           = *:*
  cb_nodes                                 = 4
  romio_filesystem_type                    = CRAY ADIO:
  [SlabIO.close] Python dispatch drained in 0.0 s (no queued data); joining writer thread
  [SlabIO.close] writer thread joined in 0.0 s; calling H5Fclose collectively
  [SlabIO.close] H5Fclose returned in 0.0 s
  [photon response] DECLARED no-pair model Psi=(Psi_L,(alpha_FS/2)*sigma.p*Psi_L), j=c*Psi^dagger*alpha*Psi; bubble-screened Breit; current_contact=ward_subtracted_no_pair; head_correction=full
  [photon response] packed body N_packed=1188 (n_C=600 + 3*n_T=196), nq=7: 0.0395 GB/rank resident for EACH of V and W
  [distrib_la] shard_map via jax.shard_map (jax 0.9.1)[lorrax cusolverMp] library 0.9.1, NCCL 2.29.3, comm path: NCCL, grid: 2x2 (row-major)

[lorrax cuBLASMp] library 1.0.0, comm path: NCCL
[cufft_flat_k] flat_k first call: nk=(6,6,1) T=1440000 fwd=1 scale=1.666667e-01 inplace=1
[cufft_flat_k] plan dims=(6,6,1) stride=1440000 batch=1440000 workspace=0.0 MB
[cufft_flat_k] workspace arena -> 0.0 MB
[cufft_flat_k] NVRTC kernels compiled for sm_80 (20200 B cubin, device 0)
[cufft_flat_k] plan dims=(6,6,1) stride=90000 batch=90000 workspace=0.0 MB
[cufft_flat_k] plan dims=(6,6,1) stride=470400 batch=470400 workspace=0.0 MB
[cufft_flat_k] plan dims=(6,6,1) stride=29400 batch=29400 workspace=0.0 MB
[cufft_flat_k] plan dims=(6,6,1) stride=153664 batch=153664 workspace=0.0 MB
[cufft_flat_k] plan dims=(6,6,1) stride=9604 batch=9604 workspace=0.0 MB
  [W solve] w_dyson_solver=distributed -> solve_lu: 'distributed' -> cusolvermp (ONE tile over the 2x2 mesh at P('x','y'), n=1188); batched 'auto' -> backend_batched
  [collective chunk] W Dyson A-build (GEMM): nq=7 q_block=7 (1 executions) max collective/exec = 79.0 MB (cap 134.2 MB, unchunked would be 0.079 GB)
  dipole.h5 provenance OK (WFN 8ed121bdab46…, window nval=4 ncond=4 nband=80, bispinor=True, vnl_velocity_sign=+1.0)
[mem_probe qsgw_head.build_dft_head_response.post_response] in_use=0.20 GB  peak=2.83 GB  live_count=77 live_total=0.68 GB  nvsmi=9.81 GB nvsmi_peak=9.81 GB
[mem_probe qsgw_head.build_dft_head_response.post_response]   complex128 (7, 1188, 1188) x 2 = 0.32 GB
[mem_probe qsgw_head.build_dft_head_response.post_response]   complex128 (36, 600, 600) x 1 = 0.21 GB
[mem_probe qsgw_head.build_dft_head_response.post_response]   complex128 (36, 300, 300) x 1 = 0.05 GB
[mem_probe qsgw_head.build_dft_head_response.post_response]   complex128 (7, 594, 594) x 1 = 0.04 GB
[mem_probe qsgw_head.build_dft_head_response.post_response]   complex128 (7, 4, 600, 80) x 1 = 0.02 GB
[mem_probe qsgw_head.build_dft_head_response.post_response]   complex128 (7, 80, 4, 600) x 1 = 0.02 GB
[mem_probe qsgw_head.build_dft_head_response.post_response]   complex128 (7, 4, 196, 80) x 1 = 0.01 GB
[mem_probe qsgw_head.build_dft_head_response.post_response]   complex128 (7, 80, 4, 196) x 1 = 0.01 GB
[mem_probe qsgw_head.build_dft_head_response.post_response]   int32 (7, 24, 24, 80) x 1 = 0.00 GB
[mem_probe qsgw_head.build_dft_head_response.post_response]   float64 (24, 600, 3) x 2 = 0.00 GB
  [photon head] Gamma-cell completion applied: bare <D> into V, charge S00/wing head into W; hall_source=none: sigma_H = 0 (no static_gauge_hall_file); ward=0.000e+00, hermiticity=1.910e-18, dyson_forward_bound=4.810e-15
  static photon route: full_static_cohsex (sixteen chi blocks, one packed Dyson solve)
  static photon response: approximation=gamma_completed_no_pair_static_photon_v1, current_model=positive_energy_kinetic_balance_dirac_current_v1, current_contact=ward_subtracted_no_pair, packed_extent=1188
Photon Sigma   : static packed route -- all sixteen Lorentz blocks contracted once; Sigma_xc = Sigma_SX + Sigma_COH and the per-state CC / CT+TC / TT split is written to sigma_diag.dat.
Photon head    : Gamma-cell completion applied (bare <D> into V, charge S00/wing head into W); hall_source=none: sigma_H = 0 (no static_gauge_hall_file); sigma_H=[0.0, 0.0, 0.0] bohr^-1; ward=0.000e+00; hermiticity=1.910e-18; dyson_forward_bound=4.810e-15; cubature_orders=(16, 24, 32)
Photon WS cert : orders=(16, 24, 32); nodes=(1536, 3456, 6144); final_error_ratio=1.296e-01; max_dyson_backward_residual=4.256e-17
[stage 11:40:50] <- screening (chi0 -> W)  26.5 s
  Parent-k Green carrier detached from the screening view (the Sigma view keeps it).
[stage 11:40:50] -> gw_jax.sigma
[boundary] {"label": "sigma_restore", "host_ms": 484.78342799353413, "compiles": 6, "compile_s": 0.32024392098537646, "key": [0, 0], "term": "V"}
[fft_ffi] flat-k 3-D FFTs -> cuFFT strided CUDA FFI handler (lorrax_mklfft_gw_conv): cufftPlanMany64 advanced layout (istride=T, idist=1 — the stride-descriptor analog) reading the dot-layout tile in place; jnp.fft norm scales applied by a fused device kernel.
[boundary] {"label": "sigma_factory", "host_ms": 1775.2545140101574, "compiles": 23, "compile_s": 1.4720202459720895, "options": {"with_head": false}}
[cufft_flat_k] gw_conv first call: nk=(6,6,1) G trail (a=4,mx=300,b=4,my=300) Tg=1440000 Tv=90000 scale_i=1.666667e-01 scale_f=-2.777778e-02 aliased=1 vr_arena=51.8 MB
[cufft_flat_k] V_R arena -> 51.8 MB
[boundary] {"label": "sigma_block", "host_ms": 630.6373569823336, "compiles": 1, "compile_s": 0.4086056899977848, "options": {"with_head": false}}
  packed photon Sigma term 0 block (0, 0) complete
[boundary] {"label": "sigma_restore", "host_ms": 606.3439300050959, "compiles": 6, "compile_s": 0.44928654696559533, "key": [0, 1], "term": "V"}
[boundary] {"label": "sigma_factory", "host_ms": 1734.6352959866636, "compiles": 21, "compile_s": 1.444517461990472, "options": {"with_head": false}}
[boundary] {"label": "sigma_block", "host_ms": 608.7004999862984, "compiles": 1, "compile_s": 0.4029205719998572, "options": {"with_head": false}}
  packed photon Sigma term 0 block (0, 1) complete
[boundary] {"label": "sigma_restore", "host_ms": 10.16243000049144, "compiles": 0, "compile_s": 0.0, "key": [0, 2], "term": "V"}
[boundary] {"label": "sigma_factory", "host_ms": 0.09994299034588039, "compiles": 0, "compile_s": 0.0, "options": {"with_head": false}}
[boundary] {"label": "sigma_block", "host_ms": 14.877741021336988, "compiles": 0, "compile_s": 0.0, "options": {"with_head": false}}
  packed photon Sigma term 0 block (0, 2) complete
[boundary] {"label": "sigma_restore", "host_ms": 9.377890994073823, "compiles": 0, "compile_s": 0.0, "key": [0, 3], "term": "V"}
[boundary] {"label": "sigma_factory", "host_ms": 0.07964399992488325, "compiles": 0, "compile_s": 0.0, "options": {"with_head": false}}
[boundary] {"label": "sigma_block", "host_ms": 14.7920050076209, "compiles": 0, "compile_s": 0.0, "options": {"with_head": false}}
  packed photon Sigma term 0 block (0, 3) complete
[boundary] {"label": "sigma_restore", "host_ms": 639.7567280218937, "compiles": 6, "compile_s": 0.49467670600279234, "key": [1, 0], "term": "V"}
[boundary] {"label": "sigma_factory", "host_ms": 1722.097460005898, "compiles": 21, "compile_s": 1.4465336059511174, "options": {"with_head": false}}
[boundary] {"label": "sigma_block", "host_ms": 616.6640650189947, "compiles": 1, "compile_s": 0.41202974400948733, "options": {"with_head": false}}
  packed photon Sigma term 0 block (1, 0) complete
[boundary] {"label": "sigma_restore", "host_ms": 476.00738098844886, "compiles": 6, "compile_s": 0.32084958397899754, "key": [1, 1], "term": "V"}
[boundary] {"label": "sigma_factory", "host_ms": 1699.356776982313, "compiles": 21, "compile_s": 1.4195217080414295, "options": {"with_head": false}}
[boundary] {"label": "sigma_block", "host_ms": 541.1437089787796, "compiles": 1, "compile_s": 0.366516287002014, "options": {"with_head": false}}
  packed photon Sigma term 0 block (1, 1) complete
[boundary] {"label": "sigma_restore", "host_ms": 25.182847020914778, "compiles": 0, "compile_s": 0.0, "key": [1, 2], "term": "V"}
[boundary] {"label": "sigma_factory", "host_ms": 0.0984799989964813, "compiles": 0, "compile_s": 0.0, "options": {"with_head": false}}
[boundary] {"label": "sigma_block", "host_ms": 7.956893008667976, "compiles": 0, "compile_s": 0.0, "options": {"with_head": false}}
  packed photon Sigma term 0 block (1, 2) complete
[boundary] {"label": "sigma_restore", "host_ms": 24.191468983190134, "compiles": 0, "compile_s": 0.0, "key": [1, 3], "term": "V"}
[boundary] {"label": "sigma_factory", "host_ms": 0.0863070017658174, "compiles": 0, "compile_s": 0.0, "options": {"with_head": false}}
[boundary] {"label": "sigma_block", "host_ms": 7.931814005132765, "compiles": 0, "compile_s": 0.0, "options": {"with_head": false}}
  packed photon Sigma term 0 block (1, 3) complete
[boundary] {"label": "sigma_restore", "host_ms": 9.508064016699791, "compiles": 0, "compile_s": 0.0, "key": [2, 0], "term": "V"}
[boundary] {"label": "sigma_factory", "host_ms": 0.09170701378025115, "compiles": 0, "compile_s": 0.0, "options": {"with_head": false}}
[boundary] {"label": "sigma_block", "host_ms": 14.678647014079615, "compiles": 0, "compile_s": 0.0, "options": {"with_head": false}}
  packed photon Sigma term 0 block (2, 0) complete
[boundary] {"label": "sigma_restore", "host_ms": 24.245484004495665, "compiles": 0, "compile_s": 0.0, "key": [2, 1], "term": "V"}
[boundary] {"label": "sigma_factory", "host_ms": 0.08306998643092811, "compiles": 0, "compile_s": 0.0, "options": {"with_head": false}}
[boundary] {"label": "sigma_block", "host_ms": 7.964787975652143, "compiles": 0, "compile_s": 0.0, "options": {"with_head": false}}
  packed photon Sigma term 0 block (2, 1) complete
[boundary] {"label": "sigma_restore", "host_ms": 23.889866017270833, "compiles": 0, "compile_s": 0.0, "key": [2, 2], "term": "V"}
[boundary] {"label": "sigma_factory", "host_ms": 0.08022499969229102, "compiles": 0, "compile_s": 0.0, "options": {"with_head": false}}
[boundary] {"label": "sigma_block", "host_ms": 7.928217004518956, "compiles": 0, "compile_s": 0.0, "options": {"with_head": false}}
  packed photon Sigma term 0 block (2, 2) complete
[boundary] {"label": "sigma_restore", "host_ms": 24.000960984267294, "compiles": 0, "compile_s": 0.0, "key": [2, 3], "term": "V"}
[boundary] {"label": "sigma_factory", "host_ms": 0.07884201477281749, "compiles": 0, "compile_s": 0.0, "options": {"with_head": false}}
[boundary] {"label": "sigma_block", "host_ms": 7.903568999608979, "compiles": 0, "compile_s": 0.0, "options": {"with_head": false}}
  packed photon Sigma term 0 block (2, 3) complete
[boundary] {"label": "sigma_restore", "host_ms": 9.113861015066504, "compiles": 0, "compile_s": 0.0, "key": [3, 0], "term": "V"}
[boundary] {"label": "sigma_factory", "host_ms": 0.08773899753578007, "compiles": 0, "compile_s": 0.0, "options": {"with_head": false}}
[boundary] {"label": "sigma_block", "host_ms": 14.458049990935251, "compiles": 0, "compile_s": 0.0, "options": {"with_head": false}}
  packed photon Sigma term 0 block (3, 0) complete
[boundary] {"label": "sigma_restore", "host_ms": 24.022341996897012, "compiles": 0, "compile_s": 0.0, "key": [3, 1], "term": "V"}
[boundary] {"label": "sigma_factory", "host_ms": 0.07677898975089192, "compiles": 0, "compile_s": 0.0, "options": {"with_head": false}}
[boundary] {"label": "sigma_block", "host_ms": 7.952252984978259, "compiles": 0, "compile_s": 0.0, "options": {"with_head": false}}
  packed photon Sigma term 0 block (3, 1) complete
[boundary] {"label": "sigma_restore", "host_ms": 23.924693028675392, "compiles": 0, "compile_s": 0.0, "key": [3, 2], "term": "V"}
[boundary] {"label": "sigma_factory", "host_ms": 0.07653798093087971, "compiles": 0, "compile_s": 0.0, "options": {"with_head": false}}
[boundary] {"label": "sigma_block", "host_ms": 7.957775000249967, "compiles": 0, "compile_s": 0.0, "options": {"with_head": false}}
  packed photon Sigma term 0 block (3, 2) complete
[boundary] {"label": "sigma_restore", "host_ms": 24.18783202301711, "compiles": 0, "compile_s": 0.0, "key": [3, 3], "term": "V"}
[boundary] {"label": "sigma_factory", "host_ms": 0.0800139969214797, "compiles": 0, "compile_s": 0.0, "options": {"with_head": false}}
[boundary] {"label": "sigma_block", "host_ms": 12.30793001013808, "compiles": 0, "compile_s": 0.0, "options": {"with_head": false}}
  packed photon Sigma term 0 block (3, 3) complete
[boundary] {"label": "sigma_restore", "host_ms": 3.612508997321129, "compiles": 0, "compile_s": 0.0, "key": [0, 0], "term": "W"}
[boundary] {"label": "sigma_factory", "host_ms": 0.07665800512768328, "compiles": 0, "compile_s": 0.0, "options": {"with_head": false}}
[boundary] {"label": "sigma_block", "host_ms": 30.322239006636664, "compiles": 0, "compile_s": 0.0, "options": {"with_head": false}}
  packed photon Sigma term 1 block (0, 0) complete
[boundary] {"label": "sigma_restore", "host_ms": 9.418991015991196, "compiles": 0, "compile_s": 0.0, "key": [0, 1], "term": "W"}
[boundary] {"label": "sigma_factory", "host_ms": 0.07880298653617501, "compiles": 0, "compile_s": 0.0, "options": {"with_head": false}}
[boundary] {"label": "sigma_block", "host_ms": 14.96132300235331, "compiles": 0, "compile_s": 0.0, "options": {"with_head": false}}
  packed photon Sigma term 1 block (0, 1) complete
[boundary] {"label": "sigma_restore", "host_ms": 9.192614001221955, "compiles": 0, "compile_s": 0.0, "key": [0, 2], "term": "W"}
[boundary] {"label": "sigma_factory", "host_ms": 0.07889297557994723, "compiles": 0, "compile_s": 0.0, "options": {"with_head": false}}
[boundary] {"label": "sigma_block", "host_ms": 14.827162987785414, "compiles": 0, "compile_s": 0.0, "options": {"with_head": false}}
  packed photon Sigma term 1 block (0, 2) complete
[boundary] {"label": "sigma_restore", "host_ms": 9.097328991629183, "compiles": 0, "compile_s": 0.0, "key": [0, 3], "term": "W"}
[boundary] {"label": "sigma_factory", "host_ms": 0.07801101310178638, "compiles": 0, "compile_s": 0.0, "options": {"with_head": false}}
[boundary] {"label": "sigma_block", "host_ms": 14.829538995400071, "compiles": 0, "compile_s": 0.0, "options": {"with_head": false}}
  packed photon Sigma term 1 block (0, 3) complete
[boundary] {"label": "sigma_restore", "host_ms": 9.712048020446673, "compiles": 0, "compile_s": 0.0, "key": [1, 0], "term": "W"}
[boundary] {"label": "sigma_factory", "host_ms": 0.07921300129964948, "compiles": 0, "compile_s": 0.0, "options": {"with_head": false}}
[boundary] {"label": "sigma_block", "host_ms": 14.449823996983469, "compiles": 0, "compile_s": 0.0, "options": {"with_head": false}}
  packed photon Sigma term 1 block (1, 0) complete
[boundary] {"label": "sigma_restore", "host_ms": 25.32921000965871, "compiles": 0, "compile_s": 0.0, "key": [1, 1], "term": "W"}
[boundary] {"label": "sigma_factory", "host_ms": 0.07885301602073014, "compiles": 0, "compile_s": 0.0, "options": {"with_head": false}}
[boundary] {"label": "sigma_block", "host_ms": 7.929608982522041, "compiles": 0, "compile_s": 0.0, "options": {"with_head": false}}
  packed photon Sigma term 1 block (1, 1) complete
[boundary] {"label": "sigma_restore", "host_ms": 25.181814999086782, "compiles": 0, "compile_s": 0.0, "key": [1, 2], "term": "W"}
[boundary] {"label": "sigma_factory", "host_ms": 0.07888200343586504, "compiles": 0, "compile_s": 0.0, "options": {"with_head": false}}
[boundary] {"label": "sigma_block", "host_ms": 7.9386470024473965, "compiles": 0, "compile_s": 0.0, "options": {"with_head": false}}
  packed photon Sigma term 1 block (1, 2) complete
[boundary] {"label": "sigma_restore", "host_ms": 25.368325994350016, "compiles": 0, "compile_s": 0.0, "key": [1, 3], "term": "W"}
[boundary] {"label": "sigma_factory", "host_ms": 0.07710899808444083, "compiles": 0, "compile_s": 0.0, "options": {"with_head": false}}
[boundary] {"label": "sigma_block", "host_ms": 7.941863994346932, "compiles": 0, "compile_s": 0.0, "options": {"with_head": false}}
  packed photon Sigma term 1 block (1, 3) complete
[boundary] {"label": "sigma_restore", "host_ms": 9.472083998844028, "compiles": 0, "compile_s": 0.0, "key": [2, 0], "term": "W"}
[boundary] {"label": "sigma_factory", "host_ms": 0.07748999632894993, "compiles": 0, "compile_s": 0.0, "options": {"with_head": false}}
[boundary] {"label": "sigma_block", "host_ms": 14.447088004089892, "compiles": 0, "compile_s": 0.0, "options": {"with_head": false}}
  packed photon Sigma term 1 block (2, 0) complete
[boundary] {"label": "sigma_restore", "host_ms": 25.76931199291721, "compiles": 0, "compile_s": 0.0, "key": [2, 1], "term": "W"}
[boundary] {"label": "sigma_factory", "host_ms": 0.07738999556750059, "compiles": 0, "compile_s": 0.0, "options": {"with_head": false}}
[boundary] {"label": "sigma_block", "host_ms": 7.937274989672005, "compiles": 0, "compile_s": 0.0, "options": {"with_head": false}}
  packed photon Sigma term 1 block (2, 1) complete
[boundary] {"label": "sigma_restore", "host_ms": 25.229908002074808, "compiles": 0, "compile_s": 0.0, "key": [2, 2], "term": "W"}
[boundary] {"label": "sigma_factory", "host_ms": 0.0749850005377084, "compiles": 0, "compile_s": 0.0, "options": {"with_head": false}}
[boundary] {"label": "sigma_block", "host_ms": 7.9353209875989705, "compiles": 0, "compile_s": 0.0, "options": {"with_head": false}}
  packed photon Sigma term 1 block (2, 2) complete
[boundary] {"label": "sigma_restore", "host_ms": 25.418603006983176, "compiles": 0, "compile_s": 0.0, "key": [2, 3], "term": "W"}
[boundary] {"label": "sigma_factory", "host_ms": 0.0961559999268502, "compiles": 0, "compile_s": 0.0, "options": {"with_head": false}}
[boundary] {"label": "sigma_block", "host_ms": 7.930010004201904, "compiles": 0, "compile_s": 0.0, "options": {"with_head": false}}
  packed photon Sigma term 1 block (2, 3) complete
[boundary] {"label": "sigma_restore", "host_ms": 9.46676399325952, "compiles": 0, "compile_s": 0.0, "key": [3, 0], "term": "W"}
[boundary] {"label": "sigma_factory", "host_ms": 0.07613698835484684, "compiles": 0, "compile_s": 0.0, "options": {"with_head": false}}
[boundary] {"label": "sigma_block", "host_ms": 14.480312005616724, "compiles": 0, "compile_s": 0.0, "options": {"with_head": false}}
  packed photon Sigma term 1 block (3, 0) complete
[boundary] {"label": "sigma_restore", "host_ms": 26.091795007232577, "compiles": 0, "compile_s": 0.0, "key": [3, 1], "term": "W"}
[boundary] {"label": "sigma_factory", "host_ms": 0.0755170185584575, "compiles": 0, "compile_s": 0.0, "options": {"with_head": false}}
[boundary] {"label": "sigma_block", "host_ms": 7.934519002446905, "compiles": 0, "compile_s": 0.0, "options": {"with_head": false}}
  packed photon Sigma term 1 block (3, 1) complete
[boundary] {"label": "sigma_restore", "host_ms": 25.453520996961743, "compiles": 0, "compile_s": 0.0, "key": [3, 2], "term": "W"}
[boundary] {"label": "sigma_factory", "host_ms": 0.08107698522508144, "compiles": 0, "compile_s": 0.0, "options": {"with_head": false}}
[boundary] {"label": "sigma_block", "host_ms": 7.946141995489597, "compiles": 0, "compile_s": 0.0, "options": {"with_head": false}}
  packed photon Sigma term 1 block (3, 2) complete
[boundary] {"label": "sigma_restore", "host_ms": 25.570697005605325, "compiles": 0, "compile_s": 0.0, "key": [3, 3], "term": "W"}
[boundary] {"label": "sigma_factory", "host_ms": 0.0793539802543819, "compiles": 0, "compile_s": 0.0, "options": {"with_head": false}}
[boundary] {"label": "sigma_block", "host_ms": 7.9244500084314495, "compiles": 0, "compile_s": 0.0, "options": {"with_head": false}}
  packed photon Sigma term 1 block (3, 3) complete
[boundary] {"label": "sigma_restore", "host_ms": 56.75798101583496, "compiles": 1, "compile_s": 0.038435614987974986, "key": [0, 0], "term": "W-V"}
[boundary] {"label": "sigma_factory", "host_ms": 0.10871098493225873, "compiles": 0, "compile_s": 0.0, "options": {"with_head": false}}
[boundary] {"label": "sigma_block", "host_ms": 30.288333975477144, "compiles": 0, "compile_s": 0.0, "options": {"with_head": false}}
  packed photon Sigma term 2 block (0, 0) complete
[boundary] {"label": "sigma_restore", "host_ms": 56.09827401349321, "compiles": 1, "compile_s": 0.0339183559990488, "key": [0, 1], "term": "W-V"}
[boundary] {"label": "sigma_factory", "host_ms": 0.09890101500786841, "compiles": 0, "compile_s": 0.0, "options": {"with_head": false}}
[boundary] {"label": "sigma_block", "host_ms": 14.866098994389176, "compiles": 0, "compile_s": 0.0, "options": {"with_head": false}}
  packed photon Sigma term 2 block (0, 1) complete
[boundary] {"label": "sigma_restore", "host_ms": 11.50224098819308, "compiles": 0, "compile_s": 0.0, "key": [0, 2], "term": "W-V"}
[boundary] {"label": "sigma_factory", "host_ms": 0.09099597809836268, "compiles": 0, "compile_s": 0.0, "options": {"with_head": false}}
[boundary] {"label": "sigma_block", "host_ms": 14.882370014674962, "compiles": 0, "compile_s": 0.0, "options": {"with_head": false}}
  packed photon Sigma term 2 block (0, 2) complete
[boundary] {"label": "sigma_restore", "host_ms": 11.842178995721042, "compiles": 0, "compile_s": 0.0, "key": [0, 3], "term": "W-V"}
[boundary] {"label": "sigma_factory", "host_ms": 0.08429301669821143, "compiles": 0, "compile_s": 0.0, "options": {"with_head": false}}
[boundary] {"label": "sigma_block", "host_ms": 14.813307003350928, "compiles": 0, "compile_s": 0.0, "options": {"with_head": false}}
  packed photon Sigma term 2 block (0, 3) complete
[boundary] {"label": "sigma_restore", "host_ms": 56.46719801006839, "compiles": 1, "compile_s": 0.033663894020719454, "key": [1, 0], "term": "W-V"}
[boundary] {"label": "sigma_factory", "host_ms": 0.10743801249191165, "compiles": 0, "compile_s": 0.0, "options": {"with_head": false}}
[boundary] {"label": "sigma_block", "host_ms": 14.584044023649767, "compiles": 0, "compile_s": 0.0, "options": {"with_head": false}}
  packed photon Sigma term 2 block (1, 0) complete
[boundary] {"label": "sigma_restore", "host_ms": 76.76058501238003, "compiles": 1, "compile_s": 0.03296378900995478, "key": [1, 1], "term": "W-V"}
[boundary] {"label": "sigma_factory", "host_ms": 0.09774899808689952, "compiles": 0, "compile_s": 0.0, "options": {"with_head": false}}
[boundary] {"label": "sigma_block", "host_ms": 7.989887002622709, "compiles": 0, "compile_s": 0.0, "options": {"with_head": false}}
  packed photon Sigma term 2 block (1, 1) complete
[boundary] {"label": "sigma_restore", "host_ms": 32.26254301262088, "compiles": 0, "compile_s": 0.0, "key": [1, 2], "term": "W-V"}
[boundary] {"label": "sigma_factory", "host_ms": 0.08897201041691005, "compiles": 0, "compile_s": 0.0, "options": {"with_head": false}}
[boundary] {"label": "sigma_block", "host_ms": 7.950260012876242, "compiles": 0, "compile_s": 0.0, "options": {"with_head": false}}
  packed photon Sigma term 2 block (1, 2) complete
[boundary] {"label": "sigma_restore", "host_ms": 32.15468500275165, "compiles": 0, "compile_s": 0.0, "key": [1, 3], "term": "W-V"}
[boundary] {"label": "sigma_factory", "host_ms": 0.08366198744624853, "compiles": 0, "compile_s": 0.0, "options": {"with_head": false}}
[boundary] {"label": "sigma_block", "host_ms": 7.976289984071627, "compiles": 0, "compile_s": 0.0, "options": {"with_head": false}}
  packed photon Sigma term 2 block (1, 3) complete
[boundary] {"label": "sigma_restore", "host_ms": 11.867669003549963, "compiles": 0, "compile_s": 0.0, "key": [2, 0], "term": "W-V"}
[boundary] {"label": "sigma_factory", "host_ms": 0.08343099034391344, "compiles": 0, "compile_s": 0.0, "options": {"with_head": false}}
[boundary] {"label": "sigma_block", "host_ms": 14.525148988468572, "compiles": 0, "compile_s": 0.0, "options": {"with_head": false}}
  packed photon Sigma term 2 block (2, 0) complete
[boundary] {"label": "sigma_restore", "host_ms": 32.08028001245111, "compiles": 0, "compile_s": 0.0, "key": [2, 1], "term": "W-V"}
[boundary] {"label": "sigma_factory", "host_ms": 0.07811197428964078, "compiles": 0, "compile_s": 0.0, "options": {"with_head": false}}
[boundary] {"label": "sigma_block", "host_ms": 7.931923988508061, "compiles": 0, "compile_s": 0.0, "options": {"with_head": false}}
  packed photon Sigma term 2 block (2, 1) complete
[boundary] {"label": "sigma_restore", "host_ms": 31.945048976922408, "compiles": 0, "compile_s": 0.0, "key": [2, 2], "term": "W-V"}
[boundary] {"label": "sigma_factory", "host_ms": 0.07944300887174904, "compiles": 0, "compile_s": 0.0, "options": {"with_head": false}}
[boundary] {"label": "sigma_block", "host_ms": 7.945911987917498, "compiles": 0, "compile_s": 0.0, "options": {"with_head": false}}
  packed photon Sigma term 2 block (2, 2) complete
[boundary] {"label": "sigma_restore", "host_ms": 32.06787598901428, "compiles": 0, "compile_s": 0.0, "key": [2, 3], "term": "W-V"}
[boundary] {"label": "sigma_factory", "host_ms": 0.079774996265769, "compiles": 0, "compile_s": 0.0, "options": {"with_head": false}}
[boundary] {"label": "sigma_block", "host_ms": 7.937435002531856, "compiles": 0, "compile_s": 0.0, "options": {"with_head": false}}
  packed photon Sigma term 2 block (2, 3) complete
[boundary] {"label": "sigma_restore", "host_ms": 11.727917997632176, "compiles": 0, "compile_s": 0.0, "key": [3, 0], "term": "W-V"}
[boundary] {"label": "sigma_factory", "host_ms": 0.08081601117737591, "compiles": 0, "compile_s": 0.0, "options": {"with_head": false}}
[boundary] {"label": "sigma_block", "host_ms": 14.510260982206091, "compiles": 0, "compile_s": 0.0, "options": {"with_head": false}}
  packed photon Sigma term 2 block (3, 0) complete
[boundary] {"label": "sigma_restore", "host_ms": 32.16486400924623, "compiles": 0, "compile_s": 0.0, "key": [3, 1], "term": "W-V"}
[boundary] {"label": "sigma_factory", "host_ms": 0.07849099347367883, "compiles": 0, "compile_s": 0.0, "options": {"with_head": false}}
[boundary] {"label": "sigma_block", "host_ms": 7.922927004983649, "compiles": 0, "compile_s": 0.0, "options": {"with_head": false}}
  packed photon Sigma term 2 block (3, 1) complete
[boundary] {"label": "sigma_restore", "host_ms": 31.906454009003937, "compiles": 0, "compile_s": 0.0, "key": [3, 2], "term": "W-V"}
[boundary] {"label": "sigma_factory", "host_ms": 0.07925400859676301, "compiles": 0, "compile_s": 0.0, "options": {"with_head": false}}
[boundary] {"label": "sigma_block", "host_ms": 7.925352023448795, "compiles": 0, "compile_s": 0.0, "options": {"with_head": false}}
  packed photon Sigma term 2 block (3, 2) complete
[boundary] {"label": "sigma_restore", "host_ms": 30.541093001374975, "compiles": 0, "compile_s": 0.0, "key": [3, 3], "term": "W-V"}
[boundary] {"label": "sigma_factory", "host_ms": 0.07838199962861836, "compiles": 0, "compile_s": 0.0, "options": {"with_head": false}}
[boundary] {"label": "sigma_block", "host_ms": 7.913428999017924, "compiles": 0, "compile_s": 0.0, "options": {"with_head": false}}
  packed photon Sigma term 2 block (3, 3) complete
[boundary] {"label": "sigma_static_stage", "host_ms": 14395.08894699975, "compiles": 138, "compile_s": 9.855656834813999}
  V_H: exact FFT-grid matrix built live in G-space (ρ: one psum; Poisson: replicated; matrix elements: two-axis band sharded; star broadcast stays on device).
[stage 11:41:05]   -> vh_collective_bootstrap
[stage 11:41:05]   <- vh_collective_bootstrap  0.0 s

Building valence density from 26 occupied bands (P=4, 36 k-points)...
[stage 11:41:05]   -> vh_rho
    rho + signed J/c sweep: 72 (k, band-chunk) items over P=4 ranks; this rank has 18
    rho: item 1/18 (k=1/36, bands [0,13))...
[stage 11:41:05]     -> vh_rho_psum
[stage 11:41:05]     <- vh_rho_psum  0.0 s
[stage 11:41:05]   <- vh_rho  0.7 s
    Dirac-current G=0 diagnostic (J=j/c; gauged V_NL current is absent): ||J0||=1.559016e-14, ||J||=3.181983e-12, ratio=4.899510e-03; periodic TT sets G=0 to zero
    Dirac-current symmetry projection: rows=24 (antiunitary=12), movement=1.000000e+00, residual=6.171558e-17 <= 2.729417e-11 (delta_R=2.695311e-11 + floating=3.410605e-13); alpha.A matrix remains on the authenticated star wedge
[stage 11:41:06]   -> vh_transverse_field
[stage 11:41:09]   <- vh_transverse_field  3.7 s
    rho symmetrisation: 12 space-group operations, max|Δρ|/max|ρ| = 1.305e-11
    rho normalisation: ∫ρ d³r = 26.000787 e (expected 26.000000, rel err 3.03e-05)
    Hartree Coulomb: 2D slab-truncated (Ismail-Beigi)
    Hartree energy (½∫ρV_H) = 436.717363 Ry
[phdf5 kchunk-union r0] n_k=7 bytes/rank=3519488  prev_h2d_wait=0.01  pin+zero=3.97  spaces=0.02  select=0.02  read=8.58  h2d_setup=0.18  total=12.78 (ms)  [selected_elts=435712]

⟨mk|V_H|nk⟩ + <m|sum_i alpha_i A_i|n>: one k-scan over 7 STAR-WEDGE k-points (broadcast to 36 full-BZ k), 32 bands sharded over P=4; charge nspinor=4...
[stage 11:41:11]   -> vh_matrix
[stage 11:41:11]     -> mtxel.sweep
[stage 11:41:11]     <- mtxel.sweep  0.5 s
[stage 11:41:12]   <- vh_matrix  0.7 s
[stage 11:41:12]   -> vh_transverse_matrix_boundary
[stage 11:41:12]   <- vh_transverse_matrix_boundary  0.0 s
[stage 11:41:12] <- gw_jax.sigma  21.5 s
  Bare Σ_X diagonal (eV), k=0: -39.0867  -39.0867  -33.2876  -33.2876  -32.6225  -32.6225  -32.6023  -32.6023
  kin_ion: pristine T+V_loc+V_NL; Hartree is built live in G-space.
  [SlabIO.phdf5_ffi] kin_ion.h5 mode=r bytes=725064 file stripe layout=UNKNOWN (lfs unavailable or not Lustre); collective read aggregation cannot be predicted
[phdf5.hints /pscratch/sd/j/jackm/sandbox_v2_docs_consolidation_2026-08-14/tmp/worktrees/wt_bisp_prof_s_codex_20260906/runs/MoS2/42_bisp_scale_2026-09-06/prof_s/04_P_host_baseline/kin_ion.h5] 24 hints retained by ROMIO:
  romio_cb_pfr                             = disable
  romio_cb_fr_types                        = aar
  cb_align                                 = 2
  cb_buffer_size                           = 16777216
  romio_cb_fr_alignment                    = 1
  romio_cb_ds_threshold                    = 0
  romio_cb_alltoall                        = automatic
  romio_cb_read                            = automatic
  romio_cb_write                           = automatic
  romio_no_indep_rw                        = false
  romio_ds_write                           = automatic
  ind_wr_buffer_size                       = 524288
  romio_ds_read                            = disable
  ind_rd_buffer_size                       = 4194304
  direct_io                                = false
  striping_factor                          = 1
  striping_unit                            = 1048576
  overstriping_factor                      = 0
  romio_lustre_start_iodevice              = -1
  aggregator_placement_stride              = -1
  abort_on_rw_error                        = disable
  cb_config_list                           = *:*
  cb_nodes                                 = 1
  romio_filesystem_type                    = CRAY ADIO:
  [SlabIO.close] Python dispatch drained in 0.0 s (no queued data); joining writer thread
  [SlabIO.close] writer thread joined in 0.0 s; calling H5Fclose collectively
  [SlabIO.close] H5Fclose returned in 0.0 s
[stage 11:41:12] -> gw_jax.solve_qp
[stage 11:41:12] <- gw_jax.solve_qp  0.0 s
[stage 11:41:12] -> gw_jax.qp_eigh
[stage 11:41:13] <- gw_jax.qp_eigh  0.3 s
  QP WFN (one-shot): skipped — Σ on 36 k-points but WFN carries 7 (IBZ); the one-shot dump only supports IBZ-Σ. Set debug.write_wfn_h5=false to silence.
  H0 check: implied Vxc = E_DFT - (kin_ion + V_H[exact, live G-space]) in [-25.529, -12.867] eV over 210 (k,n)
  qp_wfn_rotations: k_storage='auto' -> FULL BZ; the full-BZ rows are not the unfold of the wedge rows (E_qp_nk_hartree max|Δ| = 3.774758e-15, E_qp_nk_rydberg max|Δ| = 7.549517e-15, U_mnk max|Δ| = 7.293148e-06).

  Sigma diag:   /pscratch/sd/j/jackm/sandbox_v2_docs_consolidation_2026-08-14/tmp/worktrees/wt_bisp_prof_s_codex_20260906/runs/MoS2/42_bisp_scale_2026-09-06/prof_s/04_P_host_baseline/sigma_diag.dat
  BGW eqp0:     /pscratch/sd/j/jackm/sandbox_v2_docs_consolidation_2026-08-14/tmp/worktrees/wt_bisp_prof_s_codex_20260906/runs/MoS2/42_bisp_scale_2026-09-06/prof_s/04_P_host_baseline/eqp0.dat
  BGW eqp1:     /pscratch/sd/j/jackm/sandbox_v2_docs_consolidation_2026-08-14/tmp/worktrees/wt_bisp_prof_s_codex_20260906/runs/MoS2/42_bisp_scale_2026-09-06/prof_s/04_P_host_baseline/eqp1.dat
  Restart:      /pscratch/sd/j/jackm/sandbox_v2_docs_consolidation_2026-08-14/tmp/worktrees/wt_bisp_prof_s_codex_20260906/runs/MoS2/42_bisp_scale_2026-09-06/prof_s/04_P_host_baseline/tmp/isdf_tensors_597.h5

--- Timing ---
Total recorded: 66.936 s
Section                                            Count    Total[s]     Self[s]      %
gw_jax.startup                                         1       0.165       0.165    0.2
gw_jax.isdf                                            1      11.787       4.292   17.6
  gw_jax.load_centroid_wfns                            1       2.469       0.591    3.7
    load_centroids.loader_load                        10       0.791       0.791    1.2
    load_centroids.gflat_to_rmu                       10       0.356       0.356    0.5
    load_centroids.reshard_insert                     10       0.731       0.731    1.1
  gw_jax.load_centroid_wfns_current                    1       0.763       0.248    1.1
    load_centroids.loader_load                        10       0.054       0.054    0.1
    load_centroids.gflat_to_rmu                       10       0.338       0.338    0.5
    load_centroids.reshard_insert                     10       0.123       0.123    0.2
  gw_jax.wavefunction_setup                            2       0.002       0.002    0.0
  gw_jax.V_q_compute                                   1       4.261       4.261    6.4
gw_jax.minimax_quadrature                              1       0.150       0.150    0.2
gw_jax.screening                                       1      26.501      26.501   39.6
gw_jax.sigma                                           1      21.498      16.377   32.1
  vh_collective_bootstrap                              1       0.026       0.026    0.0
  vh_rho                                               1       0.684       0.683    1.0
    vh_rho_psum                                        1       0.001       0.001    0.0
  vh_transverse_field                                  1       3.696       3.696    5.5
  vh_matrix                                            1       0.713       0.243    1.1
    mtxel.sweep                                        1       0.470       0.470    0.7
  vh_transverse_matrix_boundary                        1       0.002       0.002    0.0
gw_jax.kin_ion_load                                    1       0.048       0.048    0.1
gw_jax.solve_qp                                        1       0.001       0.001    0.0
gw_jax.qp_eigh                                         1       0.281       0.281    0.4
gw_jax.output                                          1       0.095       0.095    0.1
gw_jax.runtime_stack.compile_cache                     1       0.000       0.000    0.0
gw_jax.runtime_stack.env_and_distributed               1       3.107       3.107    4.6
gw_jax.runtime_stack.jax_import                        1       0.739       0.739    1.1
gw_jax.runtime_stack.measurement                       1       0.112       0.112    0.2
gw_jax.runtime_stack.mesh_and_warmup                   1       1.413       1.413    2.1
gw_jax.imports                                         1       1.039       1.039    1.6
(untimed)                                                      1.033       1.033    1.5
TOTAL (wall)                                                  67.969              100.0
Sigma blocks   : CC max|diag|=2.813631e+01 eV, mean|diag|=1.757328e+01 eV; CT+TC max|diag|=3.392070e-15 eV, mean|diag|=8.700068e-16 eV; TT max|diag|=4.168803e-03 eV, mean|diag|=2.067360e-03 eV

FUNDAMENTAL GAP
---------------
DFT gap        : 1.73044 eV
Full-matrix effective-H gap: 3.23766 eV (insulating)
Gap correction : +1.50722 eV relative to DFT
State energies  : written to the EQP files listed below

MAJOR-STAGE TIMING
------------------
  stage                    wall (s)     fraction
  runtime bring-up             5.37       7.90%
  pre-main + imports           1.04       1.53%
  input + run setup            0.17       0.24%
  V(q)                         4.26       6.27%
  ISDF setup + I/O             7.53      11.07%
  minimax quadrature           0.15       0.22%
  screening support           26.50      38.99%
  Sigma other                 21.50      31.63%
  mean-field load              0.05       0.07%
  QP solve + diagonalize       0.28       0.41%
  result writes                0.10       0.14%
  other driver work            1.03       1.52%
  total run                   67.97     100.00%

OUTPUT FILES AND INPUTS
-----------------------
  role                     state       path
  input deck               read        /pscratch/sd/j/jackm/sandbox_v2_docs_consolidation_2026-08-14/tmp/worktrees/wt_bisp_prof_s_codex_20260906/runs/MoS2/42_bisp_scale_2026-09-06/prof_s/04_P_host_baseline/cohsex.in
  DFT wavefunctions        read        /pscratch/sd/j/jackm/sandbox_v2_docs_consolidation_2026-08-14/tmp/worktrees/wt_bisp_prof_s_codex_20260906/runs/MoS2/42_bisp_scale_2026-09-06/prof_s/04_P_host_baseline/WFN.h5
  ISDF centroids           read        /pscratch/sd/j/jackm/sandbox_v2_docs_consolidation_2026-08-14/tmp/worktrees/wt_bisp_prof_s_codex_20260906/runs/MoS2/42_bisp_scale_2026-09-06/prof_s/04_P_host_baseline/centroids_charge.txt
  current centroids        read        /pscratch/sd/j/jackm/sandbox_v2_docs_consolidation_2026-08-14/tmp/worktrees/wt_bisp_prof_s_codex_20260906/runs/MoS2/42_bisp_scale_2026-09-06/prof_s/04_P_host_baseline/centroids_current.txt
  mean-field Hamiltonian   read        /pscratch/sd/j/jackm/sandbox_v2_docs_consolidation_2026-08-14/tmp/worktrees/wt_bisp_prof_s_codex_20260906/runs/MoS2/42_bisp_scale_2026-09-06/prof_s/04_P_host_baseline/kin_ion.h5
  long-wave dipoles        read        /pscratch/sd/j/jackm/sandbox_v2_docs_consolidation_2026-08-14/tmp/worktrees/wt_bisp_prof_s_codex_20260906/runs/MoS2/42_bisp_scale_2026-09-06/prof_s/04_P_host_baseline/dipole.h5
  parallel transport       absent      /pscratch/sd/j/jackm/sandbox_v2_docs_consolidation_2026-08-14/tmp/worktrees/wt_bisp_prof_s_codex_20260906/runs/MoS2/42_bisp_scale_2026-09-06/prof_s/04_P_host_baseline/parallel_transport.h5
  ISDF restart tensors     present     /pscratch/sd/j/jackm/sandbox_v2_docs_consolidation_2026-08-14/tmp/worktrees/wt_bisp_prof_s_codex_20260906/runs/MoS2/42_bisp_scale_2026-09-06/prof_s/04_P_host_baseline/tmp/isdf_tensors_597.h5
  self-energy table        written     /pscratch/sd/j/jackm/sandbox_v2_docs_consolidation_2026-08-14/tmp/worktrees/wt_bisp_prof_s_codex_20260906/runs/MoS2/42_bisp_scale_2026-09-06/prof_s/04_P_host_baseline/sigma_diag.dat
  fixed-DFT-state diagonal zeroth-order energies written     /pscratch/sd/j/jackm/sandbox_v2_docs_consolidation_2026-08-14/tmp/worktrees/wt_bisp_prof_s_codex_20260906/runs/MoS2/42_bisp_scale_2026-09-06/prof_s/04_P_host_baseline/eqp0.dat
  fixed-DFT-state diagonal Z-linearized energies written     /pscratch/sd/j/jackm/sandbox_v2_docs_consolidation_2026-08-14/tmp/worktrees/wt_bisp_prof_s_codex_20260906/runs/MoS2/42_bisp_scale_2026-09-06/prof_s/04_P_host_baseline/eqp1.dat
  full-matrix effective-H rotations written     /pscratch/sd/j/jackm/sandbox_v2_docs_consolidation_2026-08-14/tmp/worktrees/wt_bisp_prof_s_codex_20260906/runs/MoS2/42_bisp_scale_2026-09-06/prof_s/04_P_host_baseline/qp_wfn_rotations.h5
  matched full-matrix QP wavefunctions absent      /pscratch/sd/j/jackm/sandbox_v2_docs_consolidation_2026-08-14/tmp/worktrees/wt_bisp_prof_s_codex_20260906/runs/MoS2/42_bisp_scale_2026-09-06/prof_s/04_P_host_baseline/WFN_qp.h5

LORRAX GW calculation completed.
Report written to /pscratch/sd/j/jackm/sandbox_v2_docs_consolidation_2026-08-14/tmp/worktrees/wt_bisp_prof_s_codex_20260906/runs/MoS2/42_bisp_scale_2026-09-06/prof_s/04_P_host_baseline/gwjax.out
  [SlabIO.close] Python dispatch drained in 0.0 s (no queued data); joining writer thread
  [SlabIO.close] writer thread joined in 0.0 s; calling H5Fclose collectively
  [SlabIO.close] H5Fclose returned in 0.0 s
  [compile-cache] rank 0/4 summary: xla_compiles=674 (38.51s)  compile_agreement=674 (0.382s fingerprint + 1.457s exchange; enabled)  cache_probes=0 hits=0 (0.00s) vetoed=0  cache_writes_local=unmeasured (cache off or capped-LRU path; JAX p0-only)  agreed=0/0 prefetch=0.00s  enabled=False
[runtime] filtered 9 exact known-benign JAX runtime notice line(s) on rank 0; all other stderr was forwarded unchanged.
[runtime] process finalized explicitly (effects barrier, distributed shutdown, atexit hooks) and ending with os._exit: the interpreter-teardown destruction of the XLA:CPU client is skipped deliberately — it deadlocks in pool shutdown after cold-compile storms (jobs 7884928/7884989).
