[lorrax source closure] {"mode":"source","root":"/pscratch/sd/j/jackm/sandbox_v2_docs_consolidation_2026-08-14/tmp/worktrees/wt_main_de8dcfbc_fixed","runtime":"src/runtime/__init__.py","services":{"distrib-la":"services/distrib_la/src/distrib_la/__init__.py","lxkit":"services/lxkit/src/lxkit/__init__.py","minimax":"services/minimax/src/minimax/__init__.py","symmetry-maps":"services/symmetry_maps/src/symmetry_maps/__init__.py","vcoul":"services/vcoul/src/vcoul/__init__.py","wfn-loader":"services/wfn_loader/src/wfn_loader/__init__.py","zeta-loader":"services/zeta_loader/src/zeta_loader/__init__.py"}}
  [compile-cache] cross-rank compile agreement enabled before backend compile with no deadline (rank 0 names a missing rank every 60 s).
[stage 14:00:29] -> collective_warmup
[stage 14:00:31] <- collective_warmup  1.8 s
[lorrax native] LEGACY-UNSEALED origin=/global/common/software/m4598/jackm/lorrax_cuda13_runtime/ffi_build_phdf5/liblorrax_ffi.so sha256=cad78d947a953949 pair/private-closure unattested; developer migration only
[fft_ffi] flat-k 3-D FFTs -> cuFFT strided CUDA FFI handler (lorrax_mklfft_flat_k): cufftPlanMany64 advanced layout (istride=T, idist=1 — the stride-descriptor analog) reading the dot-layout tile in place; jnp.fft norm scales applied by a fused device kernel.
[conv_kminor] auto -> ON: the fused k-minor conv kernel (lorrax_cufft_conv_kminor) serves this run's rung.  CUDA mesh, handler present.  Callers whose k-grid is too large for one resident k-row still take the XLA chain for that call, silently and correctly.
[LORRAX_CONV_KLEAD_FFI] =0: k-leading fused-convolution candidate disabled; no production Sigma caller yet.
[conv_kpair] auto -> ON: the ISDF post-pair CUDA accelerator (lorrax_cufft_conv_kpair) is available; the plan selected its measured-fast resident/device arm from mirrored byte arithmetic.
  [compile-cache] persistent compile cache OFF (ISDF_JAX_CACHE_DIR="" opt-out). JAX's in-process executable cache remains active. For reuse among sequential drivers or a deliberate restart campaign, set ISDF_JAX_CACHE_DIR to a rank-visible directory.
==============================================================================
  LORRAX runtime — resolved startup configuration
==============================================================================
  This is rank 0 of 4, and it addresses 1 of the 4 devices in the job.
  jax.distributed.initialize() took its explicit form with coordinator_address='nid001116:22064', num_processes=4 and local_device_ids=[0].
  The JAX platform resolved to 'gpu' on devices of kind 'NVIDIA A100-SXM4-40GB', from JAX_PLATFORMS='cuda,cpu', under jax 0.9.1 / jaxlib 0.9.1 with 64-bit values enabled.
  Default matmul precision is pinned to 'highest', so f32 and complex64 dots run at fp32 rather than TensorFloat32; f64/c128 is unaffected either way.
  XLA GPU autotuning resolved to level '0' from LORRAX default (runtime.set_default_env); the complete resolved XLA_FLAGS value is '--xla_dump_to=/pscratch/sd/j/jackm/sandbox_v2_docs_consolidation_2026-08-14/tmp/worktrees/wt_bisp_prof_s_codex_20260906/runs/MoS2/42_bisp_scale_2026-09-06/prof_s/37_F3_dynamic_receipts/xla_dump_rank0 --xla_gpu_autotune_level=0'.
  The run's device mesh is 2x2 over axes ('x', 'y'), and its communicator cliques were warmed before the first physics jit.
  Bringing this stack up took 4.1 s in total: 2.1 s for the environment, jax.distributed and backend init, 1.9 s to build the mesh and warm its communicators, 0.0 s to arm the compile cache and 0.1 s to measure everything in this block.
  Demotions listed above are this rank's; a demotion that happened only on another rank is announced in that rank's own output and does not appear here.
  Cross-process collectives run on NCCL because this is a GPU platform, so JAX_CPU_COLLECTIVES_IMPLEMENTATION does not apply.
  The XLA memory pool, read from jax.local_devices()[0].memory_stats() and not from os.environ, reports a limit of 36.04 GB with 0.00 GB in use and a peak of 0.00 GB so far.
  XLA_PYTHON_CLIENT_PREALLOCATE resolved to false (raw 'false') and XLA_PYTHON_CLIENT_ALLOCATOR resolved to 'bfc' (raw 'bfc') — NOT LORRAX's canonical pair, which is preallocate=false with the allocator left unset (BFC); a caller overrode it.
  The XLA client memory fraction is 0.85 from XLA_PYTHON_CLIENT_MEM_FRACTION.
  The CUDA FFI library loaded from /global/common/software/m4598/jackm/lorrax_cuda13_runtime/ffi_build_phdf5/liblorrax_ffi.so, selected by LORRAX_FFI_SO.
  FFI build provenance: /global/common/software/m4598/jackm/lorrax_cuda13_runtime/ffi_build_phdf5/liblorrax_ffi.so | LEGACY-UNSEALED | recorded-rev bb6422eaad04 | recorded-sha cad78d947a953949 | actual 6755720 bytes sha cad78d947a953949
  The LORRAX_BANDS_GEMM_FFI dial is unset and resolved to on, so the contract_bands right-GEMM contraction rides the platform's native lowering — the dial exists on cpu only and this run's backend is 'gpu', where startup enforcement skips it by the gate's declared platform policy (the native lowering IS the required path there).
  The LORRAX_FFT_FFI dial is unset and resolved to on, so the flat-k 3-D FFT helper path is routed through the FFI handler (the required layer).
  The LORRAX_FFT_FFI_FUSED dial is unset and resolved to on, so the fused IFFT-multiply-FFT tau kernel is routed through the FFI handler (the required layer).
  The LORRAX_CONV_KMINOR_FFI dial is unset and resolved to auto, so the fused k-MINOR ifft-multiply-fft conv (the BSE ladder-W rung; accelerator) is routed through the FFI handler WHERE AVAILABLE and through the caller's XLA ifft/multiply/fft chain otherwise (capability: the mesh is CUDA, the loaded device library exports CufftConvKMinorCudaFfi, and the k-grid's row fits a block's shared memory).
  The LORRAX_CONV_KLEAD_FFI dial is unset and resolved to off, so the direct fused k-LEADING IFFT(G)-IFFT(W)-FFT conv (Sigma; accelerator, default off) keeps the certified plan-based k-leading gw_conv handler — this dial is OPT-IN and off is its certified state.
  The LORRAX_CONV_KPAIR_FFI dial is unset and resolved to auto, so the fused post-pair convolution used to form the ISDF Coulomb operator is routed through the FFI handler WHERE AVAILABLE and through the ISDF XLA IFFT/conjugate/gamma/FFT reference chain otherwise (capability: the mesh is CUDA, the loaded device library exports CufftConvKPairCudaFfi, the runtime axes are in [1,24], and the shape is in the measured native-fast region).
  The distributed backends available for eigh on this mesh are cusolvermp, distributed, native; which one runs is the input-file key, not an environment variable.
  The distributed backends available for cholesky on this mesh are cusolvermp, native, native2d; which one runs is the input-file key, not an environment variable.
  The distributed backends available for solve_lu on this mesh are cusolvermp, distributed, native; which one runs is the input-file key, not an environment variable.
  This process is pinned to 32 schedulable CPUs, with OMP_NUM_THREADS=None, MKL_NUM_THREADS=None and OPENBLAS_NUM_THREADS='16 (auto: physical cores of the affinity mask; applied to libscipy_openblas64_-61654e39.so)'.
  Inside the FFI handlers the BLAS team size is LORRAX_MKLBLAS_THREADS=None for the batched GEMM, where unset means the ambient thread count, and LORRAX_SCALAPACK_MKL_THREADS=None for the ScaLAPACK handlers, where unset means a cap of 4 because pzheevd measured 11.28 s per q at 14 MKL threads against 0.463 s at 4.
  The JAX persistent compile cache is OFF, so every rank compiles every module in this run; set ISDF_JAX_CACHE_DIR to a rank-visible directory to turn it on, or leave it unset and let the resolution order pick one — LORRAX_RUN_DIR/.lorrax_jax_cache first, then $SCRATCH/lorrax_jax_cache, then the home cache (docs/dev/env_vars.md).
  The cache key includes every array shape, so a system size this machine has not run before misses every entry no matter how warm the cache looks.
  Cross-rank module-compile agreement is ON with no deadline (rank 0 names a missing rank every 60 s); each backend compile is fingerprinted before XLA execution.
  The fail-fast excepthook is installed, so an uncaught exception on any rank exits the step non-zero instead of leaving its peers blocked in a collective that rank will never join.
  glibc malloc tuning is in force with M_MMAP_THRESHOLD=1 MB and M_TRIM_THRESHOLD=128 MB, which is the mitigation for the per-r-chunk RSS ramp on long XLA:CPU runs.
==============================================================================
  [config provenance] this deck names 1 LEGACY self-energy-axis key(s); they are honored, and the canonical axes resolved to compute_mode = gn_ppm, qp_solver = one_shot_dft.
    do_screened -> write compute_mode = x_only | cohsex | gn_ppm | hl_ppm | mpa instead
==============================================================================
LORRAX GW CALCULATION
==============================================================================
Input          : /pscratch/sd/j/jackm/sandbox_v2_docs_consolidation_2026-08-14/tmp/worktrees/wt_bisp_prof_s_codex_20260906/runs/MoS2/42_bisp_scale_2026-09-06/prof_s/37_F3_dynamic_receipts/cohsex.in
Method         : gn_ppm / one_shot_dft
  Head policy: head_correction=full; screening_diagrams=w_rpa; direct diagnostic source=s_tensor. macroscopic W, local fields exactly once
  Bispinor GW policy: bispinor_gw=full_static_cohsex (packed no-pair 4x4 static response with the Gamma-cell completion: bare <D> into V, charge S00/wing head into W, Hall CT/TC from static_gauge_hall_file when present)
Photon route   : packed screened static photon operator (sixteen response and Sigma blocks; coupled 4x4 Dyson solve; Gamma-cell completion carries charge, mixed, and transverse heads)
  [hdf5-probe startup] libhdf5 2 core mapped: libhdf5-9e18f0c6.so.320.0.0, libhdf5_parallel_gnu.so.310.3.0 (+1 companion: libhdf5_hl-69da89c9.so.320.0.0); HDF5_USE_FILE_LOCKING=FALSE; policy=measure
  [hdf5-probe startup] no path opened through both stacks so far
  [WfnLoader] read backend = phdf5 (auto, 4 processes) — collective MPI-IO read through the phdf5 FFI .so
[2c-TRS] WFN.h5: CONSISTENT (spatial-conditional, residual=1.65e-08, coverage=33%, raw-pair=0, spatial-pair=2, trim=2) | 0.09s (io 0.01 + overlap 0.07)
  [config provenance] mpa_sampling_alpha = 1 (default for nonmetal)
  Material class: insulator (inferred from WFN occupations)
  ISDF basis: 597 centroids
  FFT grid: 24×24×80   Cell volume: 702.20 a.u.³

[config provenance] linalg = distributed (deck)
linalg = distributed: dense N_mu x N_mu matrices are 2D distributed across the process mesh (N_mu = 597)
[config provenance] low_mem_bands = true (deck)
low_mem_bands = true is a capacity escape hatch: saves memory (band chunks of 16) but takes longer; set false whenever the full-band carrier fits, especially for multi-node dynamic Sigma sweeps

CONFIGURATION PROVENANCE
------------------------
[config provenance] this deck names 1 LEGACY self-energy-axis key(s); they are honored, and the canonical axes resolved to compute_mode = gn_ppm, qp_solver = one_shot_dft.

PROCESSOR ARCHITECTURE
----------------------
MPI ranks      : 4
Accelerators   : 4 GPU devices (NVIDIA A100-SXM4-40GB, 1 per rank)
Processor mesh : 2 x 2  (centroid axes X x Y)
CPU allocation : 32 cores per rank
Host threads   : OPENBLAS_NUM_THREADS=16 (auto: physical cores of the affinity mask; applied to libscipy_openblas64_-61654e39.so)

METHOD AND PHYSICAL PATHWAYS
----------------------------
Self-energy    : Godby-Needs plasmon-pole GW; one-shot full-matrix effective Hamiltonian; Sigma evaluated at E_DFT with QSGW Hermitian symmetrization (distinct from fixed-DFT-state diagonal G0W0)
QP consistency  : one_shot_dft | other options: fixed_point (diagonal on-shell), self_consistent (rebuild G/W/Sigma)
EQP2 treatment  : off (set write_eqp2=true for fixed-Sigma eigenvalue self-consistency)
Screening      : RPA Dyson series; minimax imaginary-axis quadrature
Long wavelength: head=full; source=s_tensor
Coulomb system : 2D slab; Hartree=live G-space
Spin channels  : charge + transverse current (bispinor)
Degenerate sets: averaged at 1.36057e-05 eV
ISDF state     : fresh fit requested
  band counts: chi = sigma = 80; ISDF zeta fit sized for 80 bands (the two counts are TIED, so the band sums are the same window)
    chi0/W band sum edge 80 clean: min gap 15.4 meV.
    Sigma band sum edge 80 clean: min gap 15.4 meV.
  Sigma omega layout: sharded; Σ_c(ω,k,m,n) stays (m_X, n_Y)-tiled on the 2x2 mesh at logical/carrier=30/30 (consumers read tiles; no full-cube replication).

NUMERICAL ENVIRONMENT
---------------------
JAX/JAXLIB     : 0.9.1 / 0.9.1 | FP64 / complex128 | NCCL collectives
Wavefunctions  : phdf5 reader
Dense linalg   : distributed layout
LORRAX_BANDS_GEMM_FFI      = NATIVE : right-GEMM contraction forming G(tau) (native XLA dot lowering)
LORRAX_FFT_FFI             = ON     : flat-k FFTs for ISDF, chi0 and Sigma (cuFFT flat-k FFI)
LORRAX_FFT_FFI_FUSED       = ON     : fused tau-domain convolution (cuFFT fused-convolution FFI)
LORRAX_CONV_KPAIR_FFI      = ON     : pair-density convolution forming V(q) (cuFFT pair-convolution FFI)

CRYSTAL SYMMETRY AND BRILLOUIN-ZONE SAMPLING
--------------------------------------------
Real-space action: r' = R^-1 r + tau
Spatial group   : 12 operations; 0 with fractional translations
QE schema      : FOUND data-file-schema.xml at /pscratch/sd/j/jackm/sandbox_v2_docs_consolidation_2026-08-14/runs/MoS2/42_bisp_scale_2026-09-06/00_qe_6x6/qe/nscf/MoS2.save/data-file-schema.xml
QE schema hash : SHA256 2f78cfdefa2f
Stored QE type : 12 unitary; 0 composed with time reversal
Active op rows : 12 unitary; 12 TR-composed
Inversion      : absent
DFT 2c TRS     : CONSISTENT (spatial-conditional; occupied-density residual=1.65314e-08; coverage=33.33%; raw-pair=0, spatial-pair=2, trim=2)
Global TRS     : enabled from the two-component reference check
  op   QE time-reversal status       R^-1 and fractional translation
  S01  QE-TR=no      active=unitary+TR R^-1=[ 1  0  0;  0  1  0;  0  0  1]  tau=( 0.000  0.000  0.000)
  S02  QE-TR=no      active=unitary+TR R^-1=[-1  1  0;  0  1  0;  0  0 -1]  tau=( 0.000  0.000  0.000)
  S03  QE-TR=no      active=unitary+TR R^-1=[-1  1  0; -1  0  0;  0  0  1]  tau=( 0.000  0.000  0.000)
  S04  QE-TR=no      active=unitary+TR R^-1=[ 0 -1  0;  1 -1  0;  0  0  1]  tau=( 0.000  0.000  0.000)
  S05  QE-TR=no      active=unitary+TR R^-1=[ 0 -1  0; -1  0  0;  0  0 -1]  tau=( 0.000  0.000  0.000)
  S06  QE-TR=no      active=unitary+TR R^-1=[ 1  0  0;  1 -1  0;  0  0 -1]  tau=( 0.000  0.000  0.000)
  S07  QE-TR=no      active=unitary+TR R^-1=[ 1  0  0;  0  1  0;  0  0 -1]  tau=( 0.000  0.000  0.000)
  S08  QE-TR=no      active=unitary+TR R^-1=[-1  1  0;  0  1  0;  0  0  1]  tau=( 0.000  0.000  0.000)
  S09  QE-TR=no      active=unitary+TR R^-1=[ 0 -1  0;  1 -1  0;  0  0 -1]  tau=( 0.000  0.000  0.000)
  S10  QE-TR=no      active=unitary+TR R^-1=[-1  1  0; -1  0  0;  0  0 -1]  tau=( 0.000  0.000  0.000)
  S11  QE-TR=no      active=unitary+TR R^-1=[ 1  0  0;  1 -1  0;  0  0  1]  tau=( 0.000  0.000  0.000)
  S12  QE-TR=no      active=unitary+TR R^-1=[ 0 -1  0; -1  0  0;  0  0  1]  tau=( 0.000  0.000  0.000)
Full BZ grid   : 36 k points | mesh 6 x 6 x 1 | shift (0.00000, 0.00000, 0.00000)
Stored IBZ     : 7 k points
  ik        kx        ky        kz     weight
    1   0.00000   0.00000   0.00000   0.02778
    2   0.00000   0.16667   0.00000   0.16667
    3   0.00000   0.33333   0.00000   0.16667
    4   0.00000  -0.50000   0.00000   0.08333
    5   0.16667   0.16667   0.00000   0.16667
    6   0.16667   0.33333   0.00000   0.33333
    7   0.33333   0.33333   0.00000   0.05556
Centroid orbit: CLOSED : 12/12 spatial operations preserve 597 sites (tol=1.00000e-05)
TRS pathways   : automatic from SymMaps.trs_allowed=true; no input override
GN probe route  : incumbent symmetric completion; ppm_probe_chi_reuse=off

BAND SPACES AND ENERGY COVERAGE
-------------------------------
Electrons      : 26.00000; occupied-band boundary = 26
Occupied bands : 1-26
QP valence     : 23-26
QP conduction  : 27-30
QP matrix      : 1-30
chi0/W sum     : 1-80
Sigma sum      : 1-80
Loaded ISDF psi: 1-80
zeta fit       : left 1-30; right 23-80
[stage 14:00:32] -> ISDF basis + wavefunctions
    ζ-fit physical window top 80 bands (logical band sums reach chi 80, sigma 80; the max is set by tied)
    ζ band-window closure: edge 22 min gap 81 meV, edge 30 min gap 39.9 meV, edge 80 min gap 15.4 meV
    cutoffs: zeta = 30.0 Ry, bare-Coulomb = 30.0 Ry  (ecutwfc=30.0, ecutrho=120.0)
  [GATE parent_k_green_bispinor_vector_unfold_unimplemented] got bispinor = true on a deck otherwise eligible for psi_nk_irr-only parent-k storage and local unfold; using the full-k wavefunction-storage fallback.  The implemented unfold transports scalar charge operators under the point group, but current vertices are Cartesian vectors under the same rotations and the transverse channel additionally needs both k and k-q current endpoints.  A transverse implementation must use the symmetry service's q_stencil_orbit_table and apply_band_matrix_symmetry vector action.  Keep bispinor = true for this automatic full-k fallback; set bispinor = false only for charge-only physics to enable the psi_nk_irr-only path.
[stage 14:00:32]   -> gw_jax.load_centroid_wfns
[load_centroids planner] existing=0.00, persistent=0.11, scan_budget=33.42 GiB/device, peak_copies=9, cs=16, stream=on, k_domain=full_bz, retain_parents=no, k_tile=4, band_tile=16
[stage 14:00:32]     -> load_centroids.loader_load
  [SlabIO.phdf5_ffi] WFN.h5 mode=r bytes=36122756 file stripe layout=UNKNOWN (lfs unavailable or not Lustre); collective read aggregation cannot be predicted
[phdf5.hints /pscratch/sd/j/jackm/sandbox_v2_docs_consolidation_2026-08-14/tmp/worktrees/wt_bisp_prof_s_codex_20260906/runs/MoS2/42_bisp_scale_2026-09-06/prof_s/37_F3_dynamic_receipts/WFN.h5] 24 hints retained by ROMIO:
  romio_cb_pfr                             = disable
  romio_cb_fr_types                        = aar
  cb_align                                 = 2
  cb_buffer_size                           = 16777216
  romio_cb_fr_alignment                    = 1
  romio_cb_ds_threshold                    = 0
  romio_cb_alltoall                        = automatic
  romio_cb_read                            = automatic
  romio_cb_write                           = automatic
  romio_no_indep_rw                        = false
  romio_ds_write                           = automatic
  ind_wr_buffer_size                       = 524288
  romio_ds_read                            = disable
  ind_rd_buffer_size                       = 4194304
  direct_io                                = false
  striping_factor                          = 1
  striping_unit                            = 1048576
  overstriping_factor                      = 0
  romio_lustre_start_iodevice              = -1
  aggregator_placement_stride              = -1
  abort_on_rw_error                        = disable
  cb_config_list                           = *:*
  cb_nodes                                 = 1
  romio_filesystem_type                    = CRAY ADIO:
  [shard_map] using jax.shard_map (jax 0.9.1)
[phdf5 kchunk-union r0] n_k=4 bytes/rank=1005568  prev_h2d_wait=0.02  pin+zero=1.66  spaces=0.01  select=0.03  read=4.55  h2d_setup=0.07  total=6.35 (ms)  [selected_elts=125040]
  [wfn_loader] shard_map via jax.shard_map (jax 0.9.1)
[stage 14:00:33]     <- load_centroids.loader_load  0.9 s
[stage 14:00:33]     -> load_centroids.gflat_to_rmu
[stage 14:00:34]     <- load_centroids.gflat_to_rmu  0.4 s
[stage 14:00:34]     -> load_centroids.reshard_insert
[stage 14:00:35]     <- load_centroids.reshard_insert  1.3 s
[stage 14:00:35]     -> load_centroids.loader_load
[phdf5 kchunk-union r0] n_k=3 bytes/rank=754176  prev_h2d_wait=0.02  pin+zero=0.11  spaces=0.01  select=0.03  read=3.89  h2d_setup=0.07  total=4.12 (ms)  [selected_elts=93456]
[stage 14:00:35]     <- load_centroids.loader_load  0.2 s
[stage 14:00:35]     -> load_centroids.gflat_to_rmu
[stage 14:00:35]     <- load_centroids.gflat_to_rmu  0.0 s
[stage 14:00:35]     -> load_centroids.reshard_insert
[stage 14:00:35]     <- load_centroids.reshard_insert  0.0 s
[stage 14:00:35]     -> load_centroids.loader_load
[phdf5 kchunk-union r0] n_k=3 bytes/rank=754176  prev_h2d_wait=0.01  pin+zero=0.05  spaces=0.01  select=0.01  read=2.27  h2d_setup=0.05  total=2.41 (ms)  [selected_elts=93200]
[stage 14:00:35]     <- load_centroids.loader_load  0.0 s
[stage 14:00:35]     -> load_centroids.gflat_to_rmu
[stage 14:00:35]     <- load_centroids.gflat_to_rmu  0.0 s
[stage 14:00:35]     -> load_centroids.reshard_insert
[stage 14:00:35]     <- load_centroids.reshard_insert  0.0 s
[stage 14:00:35]     -> load_centroids.loader_load
[phdf5 kchunk-union r0] n_k=3 bytes/rank=754176  prev_h2d_wait=0.00  pin+zero=0.03  spaces=0.01  select=0.01  read=1.85  h2d_setup=0.05  total=1.94 (ms)  [selected_elts=93232]
[stage 14:00:35]     <- load_centroids.loader_load  0.0 s
[stage 14:00:35]     -> load_centroids.gflat_to_rmu
[stage 14:00:35]     <- load_centroids.gflat_to_rmu  0.0 s
[stage 14:00:35]     -> load_centroids.reshard_insert
[stage 14:00:35]     <- load_centroids.reshard_insert  0.0 s
[stage 14:00:35]     -> load_centroids.loader_load
[phdf5 kchunk-union r0] n_k=4 bytes/rank=1005568  prev_h2d_wait=0.00  pin+zero=0.04  spaces=0.01  select=0.01  read=2.28  h2d_setup=0.06  total=2.40 (ms)  [selected_elts=124976]
[stage 14:00:35]     <- load_centroids.loader_load  0.0 s
[stage 14:00:35]     -> load_centroids.gflat_to_rmu
[stage 14:00:35]     <- load_centroids.gflat_to_rmu  0.0 s
[stage 14:00:35]     -> load_centroids.reshard_insert
[stage 14:00:35]     <- load_centroids.reshard_insert  0.0 s
[stage 14:00:35]     -> load_centroids.loader_load
[phdf5 kchunk-union r0] n_k=2 bytes/rank=502784  prev_h2d_wait=0.01  pin+zero=0.03  spaces=0.01  select=0.01  read=13.36  h2d_setup=0.04  total=13.47 (ms)  [selected_elts=62576]
[stage 14:00:36]     <- load_centroids.loader_load  0.2 s
[stage 14:00:36]     -> load_centroids.gflat_to_rmu
[stage 14:00:36]     <- load_centroids.gflat_to_rmu  0.0 s
[stage 14:00:36]     -> load_centroids.reshard_insert
[stage 14:00:36]     <- load_centroids.reshard_insert  0.0 s
[stage 14:00:36]     -> load_centroids.loader_load
[phdf5 kchunk-union r0] n_k=3 bytes/rank=754176  prev_h2d_wait=0.01  pin+zero=0.05  spaces=0.01  select=0.01  read=2.16  h2d_setup=0.06  total=2.29 (ms)  [selected_elts=93552]
[stage 14:00:36]     <- load_centroids.loader_load  0.0 s
[stage 14:00:36]     -> load_centroids.gflat_to_rmu
[stage 14:00:36]     <- load_centroids.gflat_to_rmu  0.0 s
[stage 14:00:36]     -> load_centroids.reshard_insert
[stage 14:00:36]     <- load_centroids.reshard_insert  0.0 s
[stage 14:00:36]     -> load_centroids.loader_load
[phdf5 kchunk-union r0] n_k=3 bytes/rank=754176  prev_h2d_wait=0.00  pin+zero=0.03  spaces=0.01  select=0.01  read=1.95  h2d_setup=0.05  total=2.05 (ms)  [selected_elts=92880]
[stage 14:00:36]     <- load_centroids.loader_load  0.0 s
[stage 14:00:36]     -> load_centroids.gflat_to_rmu
[stage 14:00:36]     <- load_centroids.gflat_to_rmu  0.0 s
[stage 14:00:36]     -> load_centroids.reshard_insert
[stage 14:00:36]     <- load_centroids.reshard_insert  0.0 s
[stage 14:00:36]     -> load_centroids.loader_load
[phdf5 kchunk-union r0] n_k=2 bytes/rank=502784  prev_h2d_wait=0.00  pin+zero=0.02  spaces=0.01  select=0.01  read=1.72  h2d_setup=0.04  total=1.79 (ms)  [selected_elts=62144]
[stage 14:00:36]     <- load_centroids.loader_load  0.0 s
[stage 14:00:36]     -> load_centroids.gflat_to_rmu
[stage 14:00:36]     <- load_centroids.gflat_to_rmu  0.0 s
[stage 14:00:36]     -> load_centroids.reshard_insert
[stage 14:00:36]     <- load_centroids.reshard_insert  0.0 s
[stage 14:00:36]     -> load_centroids.loader_load
[phdf5 kchunk-union r0] n_k=4 bytes/rank=1005568  prev_h2d_wait=0.00  pin+zero=0.04  spaces=0.00  select=0.01  read=2.09  h2d_setup=0.06  total=2.20 (ms)  [selected_elts=125040]
[stage 14:00:36]     <- load_centroids.loader_load  0.0 s
[stage 14:00:36]     -> load_centroids.gflat_to_rmu
[stage 14:00:36]     <- load_centroids.gflat_to_rmu  0.0 s
[stage 14:00:36]     -> load_centroids.reshard_insert
[stage 14:00:36]     <- load_centroids.reshard_insert  0.0 s
[stage 14:00:36]     -> load_centroids.loader_load
[phdf5 kchunk-union r0] n_k=3 bytes/rank=754176  prev_h2d_wait=0.00  pin+zero=0.03  spaces=0.00  select=0.01  read=1.74  h2d_setup=0.05  total=1.83 (ms)  [selected_elts=93456]
[stage 14:00:36]     <- load_centroids.loader_load  0.0 s
[stage 14:00:36]     -> load_centroids.gflat_to_rmu
[stage 14:00:36]     <- load_centroids.gflat_to_rmu  0.0 s
[stage 14:00:36]     -> load_centroids.reshard_insert
[stage 14:00:36]     <- load_centroids.reshard_insert  0.0 s
[stage 14:00:36]     -> load_centroids.loader_load
[phdf5 kchunk-union r0] n_k=3 bytes/rank=754176  prev_h2d_wait=0.00  pin+zero=0.02  spaces=0.00  select=0.01  read=1.73  h2d_setup=0.05  total=1.81 (ms)  [selected_elts=93200]
[stage 14:00:36]     <- load_centroids.loader_load  0.0 s
[stage 14:00:36]     -> load_centroids.gflat_to_rmu
[stage 14:00:36]     <- load_centroids.gflat_to_rmu  0.0 s
[stage 14:00:36]     -> load_centroids.reshard_insert
[stage 14:00:36]     <- load_centroids.reshard_insert  0.0 s
[stage 14:00:36]     -> load_centroids.loader_load
[phdf5 kchunk-union r0] n_k=3 bytes/rank=754176  prev_h2d_wait=0.00  pin+zero=0.02  spaces=0.00  select=0.01  read=1.72  h2d_setup=0.05  total=1.80 (ms)  [selected_elts=93232]
[stage 14:00:36]     <- load_centroids.loader_load  0.0 s
[stage 14:00:36]     -> load_centroids.gflat_to_rmu
[stage 14:00:36]     <- load_centroids.gflat_to_rmu  0.0 s
[stage 14:00:36]     -> load_centroids.reshard_insert
[stage 14:00:36]     <- load_centroids.reshard_insert  0.0 s
[stage 14:00:36]     -> load_centroids.loader_load
[phdf5 kchunk-union r0] n_k=4 bytes/rank=1005568  prev_h2d_wait=0.00  pin+zero=0.02  spaces=0.00  select=0.01  read=2.03  h2d_setup=0.06  total=2.12 (ms)  [selected_elts=124976]
[stage 14:00:36]     <- load_centroids.loader_load  0.0 s
[stage 14:00:36]     -> load_centroids.gflat_to_rmu
[stage 14:00:36]     <- load_centroids.gflat_to_rmu  0.0 s
[stage 14:00:36]     -> load_centroids.reshard_insert
[stage 14:00:36]     <- load_centroids.reshard_insert  0.0 s
[stage 14:00:36]     -> load_centroids.loader_load
[phdf5 kchunk-union r0] n_k=2 bytes/rank=502784  prev_h2d_wait=0.00  pin+zero=0.01  spaces=0.00  select=0.00  read=1.62  h2d_setup=0.04  total=1.68 (ms)  [selected_elts=62576]
[stage 14:00:36]     <- load_centroids.loader_load  0.0 s
[stage 14:00:36]     -> load_centroids.gflat_to_rmu
[stage 14:00:36]     <- load_centroids.gflat_to_rmu  0.0 s
[stage 14:00:36]     -> load_centroids.reshard_insert
[stage 14:00:36]     <- load_centroids.reshard_insert  0.0 s
[stage 14:00:36]     -> load_centroids.loader_load
[phdf5 kchunk-union r0] n_k=3 bytes/rank=754176  prev_h2d_wait=0.00  pin+zero=0.02  spaces=0.00  select=0.01  read=1.80  h2d_setup=0.05  total=1.87 (ms)  [selected_elts=93552]
[stage 14:00:36]     <- load_centroids.loader_load  0.0 s
[stage 14:00:36]     -> load_centroids.gflat_to_rmu
[stage 14:00:36]     <- load_centroids.gflat_to_rmu  0.0 s
[stage 14:00:36]     -> load_centroids.reshard_insert
[stage 14:00:36]     <- load_centroids.reshard_insert  0.0 s
[stage 14:00:36]     -> load_centroids.loader_load
[phdf5 kchunk-union r0] n_k=3 bytes/rank=754176  prev_h2d_wait=0.00  pin+zero=0.02  spaces=0.00  select=0.00  read=1.78  h2d_setup=0.05  total=1.85 (ms)  [selected_elts=92880]
[stage 14:00:36]     <- load_centroids.loader_load  0.0 s
[stage 14:00:36]     -> load_centroids.gflat_to_rmu
[stage 14:00:36]     <- load_centroids.gflat_to_rmu  0.0 s
[stage 14:00:36]     -> load_centroids.reshard_insert
[stage 14:00:36]     <- load_centroids.reshard_insert  0.0 s
[stage 14:00:36]     -> load_centroids.loader_load
[phdf5 kchunk-union r0] n_k=2 bytes/rank=502784  prev_h2d_wait=0.00  pin+zero=0.01  spaces=0.00  select=0.00  read=1.38  h2d_setup=0.04  total=1.44 (ms)  [selected_elts=62144]
[stage 14:00:36]     <- load_centroids.loader_load  0.0 s
[stage 14:00:36]     -> load_centroids.gflat_to_rmu
[stage 14:00:36]     <- load_centroids.gflat_to_rmu  0.0 s
[stage 14:00:36]     -> load_centroids.reshard_insert
[stage 14:00:36]     <- load_centroids.reshard_insert  0.0 s
[stage 14:00:36]     -> load_centroids.loader_load
[phdf5 kchunk-union r0] n_k=4 bytes/rank=1005568  prev_h2d_wait=0.00  pin+zero=0.02  spaces=0.00  select=0.01  read=2.15  h2d_setup=0.06  total=2.24 (ms)  [selected_elts=125040]
[stage 14:00:36]     <- load_centroids.loader_load  0.0 s
[stage 14:00:36]     -> load_centroids.gflat_to_rmu
[stage 14:00:36]     <- load_centroids.gflat_to_rmu  0.0 s
[stage 14:00:36]     -> load_centroids.reshard_insert
[stage 14:00:36]     <- load_centroids.reshard_insert  0.0 s
[stage 14:00:36]     -> load_centroids.loader_load
[phdf5 kchunk-union r0] n_k=3 bytes/rank=754176  prev_h2d_wait=0.00  pin+zero=0.02  spaces=0.00  select=0.01  read=1.88  h2d_setup=0.05  total=1.96 (ms)  [selected_elts=93456]
[stage 14:00:36]     <- load_centroids.loader_load  0.0 s
[stage 14:00:36]     -> load_centroids.gflat_to_rmu
[stage 14:00:36]     <- load_centroids.gflat_to_rmu  0.0 s
[stage 14:00:36]     -> load_centroids.reshard_insert
[stage 14:00:36]     <- load_centroids.reshard_insert  0.0 s
[stage 14:00:36]     -> load_centroids.loader_load
[phdf5 kchunk-union r0] n_k=3 bytes/rank=754176  prev_h2d_wait=0.00  pin+zero=0.02  spaces=0.00  select=0.01  read=1.88  h2d_setup=0.05  total=1.96 (ms)  [selected_elts=93200]
[stage 14:00:36]     <- load_centroids.loader_load  0.0 s
[stage 14:00:36]     -> load_centroids.gflat_to_rmu
[stage 14:00:36]     <- load_centroids.gflat_to_rmu  0.0 s
[stage 14:00:36]     -> load_centroids.reshard_insert
[stage 14:00:36]     <- load_centroids.reshard_insert  0.0 s
[stage 14:00:36]     -> load_centroids.loader_load
[phdf5 kchunk-union r0] n_k=3 bytes/rank=754176  prev_h2d_wait=0.00  pin+zero=0.02  spaces=0.00  select=0.01  read=1.80  h2d_setup=0.05  total=1.88 (ms)  [selected_elts=93232]
[stage 14:00:36]     <- load_centroids.loader_load  0.0 s
[stage 14:00:36]     -> load_centroids.gflat_to_rmu
[stage 14:00:36]     <- load_centroids.gflat_to_rmu  0.0 s
[stage 14:00:36]     -> load_centroids.reshard_insert
[stage 14:00:36]     <- load_centroids.reshard_insert  0.0 s
[stage 14:00:36]     -> load_centroids.loader_load
[phdf5 kchunk-union r0] n_k=4 bytes/rank=1005568  prev_h2d_wait=0.00  pin+zero=0.02  spaces=0.00  select=0.01  read=2.02  h2d_setup=0.06  total=2.11 (ms)  [selected_elts=124976]
[stage 14:00:36]     <- load_centroids.loader_load  0.0 s
[stage 14:00:36]     -> load_centroids.gflat_to_rmu
[stage 14:00:36]     <- load_centroids.gflat_to_rmu  0.0 s
[stage 14:00:36]     -> load_centroids.reshard_insert
[stage 14:00:36]     <- load_centroids.reshard_insert  0.0 s
[stage 14:00:36]     -> load_centroids.loader_load
[phdf5 kchunk-union r0] n_k=2 bytes/rank=502784  prev_h2d_wait=0.00  pin+zero=0.01  spaces=0.00  select=0.00  read=2.00  h2d_setup=0.04  total=2.06 (ms)  [selected_elts=62576]
[stage 14:00:36]     <- load_centroids.loader_load  0.0 s
[stage 14:00:36]     -> load_centroids.gflat_to_rmu
[stage 14:00:36]     <- load_centroids.gflat_to_rmu  0.0 s
[stage 14:00:36]     -> load_centroids.reshard_insert
[stage 14:00:36]     <- load_centroids.reshard_insert  0.0 s
[stage 14:00:36]     -> load_centroids.loader_load
[phdf5 kchunk-union r0] n_k=3 bytes/rank=754176  prev_h2d_wait=0.00  pin+zero=0.02  spaces=0.00  select=0.01  read=1.84  h2d_setup=0.05  total=1.92 (ms)  [selected_elts=93552]
[stage 14:00:36]     <- load_centroids.loader_load  0.0 s
[stage 14:00:36]     -> load_centroids.gflat_to_rmu
[stage 14:00:36]     <- load_centroids.gflat_to_rmu  0.0 s
[stage 14:00:36]     -> load_centroids.reshard_insert
[stage 14:00:36]     <- load_centroids.reshard_insert  0.0 s
[stage 14:00:36]     -> load_centroids.loader_load
[phdf5 kchunk-union r0] n_k=3 bytes/rank=754176  prev_h2d_wait=0.00  pin+zero=0.02  spaces=0.00  select=0.01  read=1.83  h2d_setup=0.05  total=1.91 (ms)  [selected_elts=92880]
[stage 14:00:36]     <- load_centroids.loader_load  0.0 s
[stage 14:00:36]     -> load_centroids.gflat_to_rmu
[stage 14:00:36]     <- load_centroids.gflat_to_rmu  0.0 s
[stage 14:00:36]     -> load_centroids.reshard_insert
[stage 14:00:36]     <- load_centroids.reshard_insert  0.0 s
[stage 14:00:36]     -> load_centroids.loader_load
[phdf5 kchunk-union r0] n_k=2 bytes/rank=502784  prev_h2d_wait=0.00  pin+zero=0.01  spaces=0.00  select=0.00  read=1.55  h2d_setup=0.04  total=1.61 (ms)  [selected_elts=62144]
[stage 14:00:36]     <- load_centroids.loader_load  0.0 s
[stage 14:00:36]     -> load_centroids.gflat_to_rmu
[stage 14:00:36]     <- load_centroids.gflat_to_rmu  0.0 s
[stage 14:00:36]     -> load_centroids.reshard_insert
[stage 14:00:36]     <- load_centroids.reshard_insert  0.0 s
[stage 14:00:36]     -> load_centroids.loader_load
[phdf5 kchunk-union r0] n_k=4 bytes/rank=1005568  prev_h2d_wait=0.00  pin+zero=0.02  spaces=0.00  select=0.01  read=2.24  h2d_setup=0.06  total=2.33 (ms)  [selected_elts=125040]
[stage 14:00:36]     <- load_centroids.loader_load  0.0 s
[stage 14:00:36]     -> load_centroids.gflat_to_rmu
[stage 14:00:36]     <- load_centroids.gflat_to_rmu  0.0 s
[stage 14:00:36]     -> load_centroids.reshard_insert
[stage 14:00:36]     <- load_centroids.reshard_insert  0.0 s
[stage 14:00:36]     -> load_centroids.loader_load
[phdf5 kchunk-union r0] n_k=3 bytes/rank=754176  prev_h2d_wait=0.00  pin+zero=0.02  spaces=0.00  select=0.00  read=1.95  h2d_setup=0.05  total=2.03 (ms)  [selected_elts=93456]
[stage 14:00:36]     <- load_centroids.loader_load  0.0 s
[stage 14:00:36]     -> load_centroids.gflat_to_rmu
[stage 14:00:36]     <- load_centroids.gflat_to_rmu  0.0 s
[stage 14:00:36]     -> load_centroids.reshard_insert
[stage 14:00:36]     <- load_centroids.reshard_insert  0.0 s
[stage 14:00:36]     -> load_centroids.loader_load
[phdf5 kchunk-union r0] n_k=3 bytes/rank=754176  prev_h2d_wait=0.00  pin+zero=0.02  spaces=0.00  select=0.01  read=5.36  h2d_setup=0.05  total=5.44 (ms)  [selected_elts=93200]
[stage 14:00:36]     <- load_centroids.loader_load  0.0 s
[stage 14:00:36]     -> load_centroids.gflat_to_rmu
[stage 14:00:36]     <- load_centroids.gflat_to_rmu  0.0 s
[stage 14:00:36]     -> load_centroids.reshard_insert
[stage 14:00:36]     <- load_centroids.reshard_insert  0.0 s
[stage 14:00:36]     -> load_centroids.loader_load
[phdf5 kchunk-union r0] n_k=3 bytes/rank=754176  prev_h2d_wait=0.00  pin+zero=0.02  spaces=0.00  select=0.01  read=5.43  h2d_setup=0.05  total=5.52 (ms)  [selected_elts=93232]
[stage 14:00:36]     <- load_centroids.loader_load  0.0 s
[stage 14:00:36]     -> load_centroids.gflat_to_rmu
[stage 14:00:36]     <- load_centroids.gflat_to_rmu  0.0 s
[stage 14:00:36]     -> load_centroids.reshard_insert
[stage 14:00:36]     <- load_centroids.reshard_insert  0.0 s
[stage 14:00:36]     -> load_centroids.loader_load
[phdf5 kchunk-union r0] n_k=4 bytes/rank=1005568  prev_h2d_wait=0.00  pin+zero=0.02  spaces=0.00  select=0.01  read=5.42  h2d_setup=0.06  total=5.51 (ms)  [selected_elts=124976]
[stage 14:00:36]     <- load_centroids.loader_load  0.0 s
[stage 14:00:36]     -> load_centroids.gflat_to_rmu
[stage 14:00:36]     <- load_centroids.gflat_to_rmu  0.0 s
[stage 14:00:36]     -> load_centroids.reshard_insert
[stage 14:00:36]     <- load_centroids.reshard_insert  0.0 s
[stage 14:00:36]     -> load_centroids.loader_load
[phdf5 kchunk-union r0] n_k=2 bytes/rank=502784  prev_h2d_wait=0.00  pin+zero=0.01  spaces=0.00  select=0.00  read=5.32  h2d_setup=0.04  total=5.38 (ms)  [selected_elts=62576]
[stage 14:00:36]     <- load_centroids.loader_load  0.0 s
[stage 14:00:36]     -> load_centroids.gflat_to_rmu
[stage 14:00:36]     <- load_centroids.gflat_to_rmu  0.0 s
[stage 14:00:36]     -> load_centroids.reshard_insert
[stage 14:00:36]     <- load_centroids.reshard_insert  0.0 s
[stage 14:00:36]     -> load_centroids.loader_load
[phdf5 kchunk-union r0] n_k=3 bytes/rank=754176  prev_h2d_wait=0.01  pin+zero=0.02  spaces=0.00  select=0.01  read=5.19  h2d_setup=0.05  total=5.27 (ms)  [selected_elts=93552]
[stage 14:00:36]     <- load_centroids.loader_load  0.0 s
[stage 14:00:36]     -> load_centroids.gflat_to_rmu
[stage 14:00:36]     <- load_centroids.gflat_to_rmu  0.0 s
[stage 14:00:36]     -> load_centroids.reshard_insert
[stage 14:00:36]     <- load_centroids.reshard_insert  0.0 s
[stage 14:00:36]     -> load_centroids.loader_load
[phdf5 kchunk-union r0] n_k=3 bytes/rank=754176  prev_h2d_wait=0.00  pin+zero=0.02  spaces=0.00  select=0.01  read=5.47  h2d_setup=0.05  total=5.54 (ms)  [selected_elts=92880]
[stage 14:00:36]     <- load_centroids.loader_load  0.0 s
[stage 14:00:36]     -> load_centroids.gflat_to_rmu
[stage 14:00:36]     <- load_centroids.gflat_to_rmu  0.0 s
[stage 14:00:36]     -> load_centroids.reshard_insert
[stage 14:00:36]     <- load_centroids.reshard_insert  0.0 s
[stage 14:00:36]     -> load_centroids.loader_load
[phdf5 kchunk-union r0] n_k=2 bytes/rank=502784  prev_h2d_wait=0.00  pin+zero=0.01  spaces=0.00  select=0.01  read=1.54  h2d_setup=0.04  total=1.61 (ms)  [selected_elts=62144]
[stage 14:00:36]     <- load_centroids.loader_load  0.0 s
[stage 14:00:36]     -> load_centroids.gflat_to_rmu
[stage 14:00:36]     <- load_centroids.gflat_to_rmu  0.0 s
[stage 14:00:36]     -> load_centroids.reshard_insert
[stage 14:00:36]     <- load_centroids.reshard_insert  0.0 s
[stage 14:00:36]     -> load_centroids.loader_load
[phdf5 kchunk-union r0] n_k=4 bytes/rank=1005568  prev_h2d_wait=0.00  pin+zero=0.03  spaces=0.00  select=0.01  read=2.17  h2d_setup=0.06  total=2.26 (ms)  [selected_elts=125040]
[stage 14:00:36]     <- load_centroids.loader_load  0.0 s
[stage 14:00:36]     -> load_centroids.gflat_to_rmu
[stage 14:00:36]     <- load_centroids.gflat_to_rmu  0.0 s
[stage 14:00:36]     -> load_centroids.reshard_insert
[stage 14:00:36]     <- load_centroids.reshard_insert  0.0 s
[stage 14:00:36]     -> load_centroids.loader_load
[phdf5 kchunk-union r0] n_k=3 bytes/rank=754176  prev_h2d_wait=0.00  pin+zero=0.02  spaces=0.00  select=0.01  read=1.76  h2d_setup=0.05  total=1.83 (ms)  [selected_elts=93456]
[stage 14:00:36]     <- load_centroids.loader_load  0.0 s
[stage 14:00:36]     -> load_centroids.gflat_to_rmu
[stage 14:00:36]     <- load_centroids.gflat_to_rmu  0.0 s
[stage 14:00:36]     -> load_centroids.reshard_insert
[stage 14:00:36]     <- load_centroids.reshard_insert  0.0 s
[stage 14:00:36]     -> load_centroids.loader_load
[phdf5 kchunk-union r0] n_k=3 bytes/rank=754176  prev_h2d_wait=0.00  pin+zero=0.02  spaces=0.00  select=0.01  read=1.70  h2d_setup=0.05  total=1.78 (ms)  [selected_elts=93200]
[stage 14:00:36]     <- load_centroids.loader_load  0.0 s
[stage 14:00:36]     -> load_centroids.gflat_to_rmu
[stage 14:00:36]     <- load_centroids.gflat_to_rmu  0.0 s
[stage 14:00:36]     -> load_centroids.reshard_insert
[stage 14:00:36]     <- load_centroids.reshard_insert  0.0 s
[stage 14:00:36]     -> load_centroids.loader_load
[phdf5 kchunk-union r0] n_k=3 bytes/rank=754176  prev_h2d_wait=0.00  pin+zero=0.02  spaces=0.00  select=0.00  read=1.73  h2d_setup=0.05  total=1.81 (ms)  [selected_elts=93232]
[stage 14:00:36]     <- load_centroids.loader_load  0.0 s
[stage 14:00:36]     -> load_centroids.gflat_to_rmu
[stage 14:00:36]     <- load_centroids.gflat_to_rmu  0.0 s
[stage 14:00:36]     -> load_centroids.reshard_insert
[stage 14:00:36]     <- load_centroids.reshard_insert  0.0 s
[stage 14:00:36]     -> load_centroids.loader_load
[phdf5 kchunk-union r0] n_k=4 bytes/rank=1005568  prev_h2d_wait=0.00  pin+zero=0.02  spaces=0.00  select=0.01  read=1.87  h2d_setup=0.06  total=1.96 (ms)  [selected_elts=124976]
[stage 14:00:36]     <- load_centroids.loader_load  0.0 s
[stage 14:00:36]     -> load_centroids.gflat_to_rmu
[stage 14:00:36]     <- load_centroids.gflat_to_rmu  0.0 s
[stage 14:00:36]     -> load_centroids.reshard_insert
[stage 14:00:36]     <- load_centroids.reshard_insert  0.0 s
[stage 14:00:36]     -> load_centroids.loader_load
[phdf5 kchunk-union r0] n_k=2 bytes/rank=502784  prev_h2d_wait=0.00  pin+zero=0.01  spaces=0.00  select=0.00  read=1.48  h2d_setup=0.04  total=1.54 (ms)  [selected_elts=62576]
[stage 14:00:36]     <- load_centroids.loader_load  0.0 s
[stage 14:00:36]     -> load_centroids.gflat_to_rmu
[stage 14:00:36]     <- load_centroids.gflat_to_rmu  0.0 s
[stage 14:00:36]     -> load_centroids.reshard_insert
[stage 14:00:36]     <- load_centroids.reshard_insert  0.0 s
[stage 14:00:36]     -> load_centroids.loader_load
[phdf5 kchunk-union r0] n_k=3 bytes/rank=754176  prev_h2d_wait=0.00  pin+zero=0.02  spaces=0.00  select=0.01  read=1.69  h2d_setup=0.05  total=1.77 (ms)  [selected_elts=93552]
[stage 14:00:36]     <- load_centroids.loader_load  0.0 s
[stage 14:00:36]     -> load_centroids.gflat_to_rmu
[stage 14:00:36]     <- load_centroids.gflat_to_rmu  0.0 s
[stage 14:00:36]     -> load_centroids.reshard_insert
[stage 14:00:36]     <- load_centroids.reshard_insert  0.0 s
[stage 14:00:36]     -> load_centroids.loader_load
[phdf5 kchunk-union r0] n_k=3 bytes/rank=754176  prev_h2d_wait=0.00  pin+zero=0.02  spaces=0.00  select=0.01  read=1.68  h2d_setup=0.05  total=1.75 (ms)  [selected_elts=92880]
[stage 14:00:36]     <- load_centroids.loader_load  0.0 s
[stage 14:00:36]     -> load_centroids.gflat_to_rmu
[stage 14:00:36]     <- load_centroids.gflat_to_rmu  0.0 s
[stage 14:00:36]     -> load_centroids.reshard_insert
[stage 14:00:36]     <- load_centroids.reshard_insert  0.0 s
[stage 14:00:36]     -> load_centroids.loader_load
[phdf5 kchunk-union r0] n_k=2 bytes/rank=502784  prev_h2d_wait=0.00  pin+zero=0.01  spaces=0.00  select=0.00  read=1.38  h2d_setup=0.04  total=1.44 (ms)  [selected_elts=62144]
[stage 14:00:36]     <- load_centroids.loader_load  0.0 s
[stage 14:00:36]     -> load_centroids.gflat_to_rmu
[stage 14:00:36]     <- load_centroids.gflat_to_rmu  0.0 s
[stage 14:00:36]     -> load_centroids.reshard_insert
[stage 14:00:36]     <- load_centroids.reshard_insert  0.0 s
[stage 14:00:36]   <- gw_jax.load_centroid_wfns  4.2 s
  ψ face conversion (low_mem_bands): psi_nmu/psi_mun built from the fresh load; BOTH single-axis copies (psi_rmu_Y, psi_rmuT_X) dropped before the ζ fit -- the r-chunk loop now reads psi_mun_fresh directly, one band-chunk at a time (isdf.core._z_q_face).

  ====================================================================
  REUSING the existing ζ at /pscratch/sd/j/jackm/sandbox_v2_docs_consolidation_2026-08-14/tmp/worktrees/wt_bisp_prof_s_codex_20260906/runs/MoS2/42_bisp_scale_2026-09-06/prof_s/37_F3_dynamic_receipts/tmp/zeta_q.h5 — FIT SKIPPED.
  ...and the three transverse ζ at zeta_q_mu{1,2,3}.h5.
  isdf_header/zeta_is_done is True, the centroid table
  matches, and fit_provenance is identical to this run's
  inputs (band windows, cutoffs, solver knobs, source WFN).
  Set LORRAX_FORCE_REFIT=1 to refit unconditionally.
  ====================================================================

  [bispinor] re-sampling ψ at the 200 transverse centroids for σ^B (the ζ_T fit is skipped, but Σ^B still needs ψ(r_{μ_T})).
[stage 14:00:36]   -> gw_jax.load_centroid_wfns_current
[load_centroids planner] existing=0.07, persistent=0.04, scan_budget=33.42 GiB/device, peak_copies=9, cs=16, stream=on, k_domain=full_bz, retain_parents=no, k_tile=4, band_tile=16
[stage 14:00:37]     -> load_centroids.loader_load
[phdf5 kchunk-union r0] n_k=4 bytes/rank=1005568  prev_h2d_wait=0.01  pin+zero=0.06  spaces=0.01  select=0.01  read=10.41  h2d_setup=0.06  total=10.57 (ms)  [selected_elts=125040]
[stage 14:00:37]     <- load_centroids.loader_load  0.0 s
[stage 14:00:37]     -> load_centroids.gflat_to_rmu
[stage 14:00:37]     <- load_centroids.gflat_to_rmu  0.4 s
[stage 14:00:37]     -> load_centroids.reshard_insert
[stage 14:00:37]     <- load_centroids.reshard_insert  0.2 s
[stage 14:00:37]     -> load_centroids.loader_load
[phdf5 kchunk-union r0] n_k=3 bytes/rank=754176  prev_h2d_wait=0.01  pin+zero=0.05  spaces=0.03  select=0.01  read=3.98  h2d_setup=0.05  total=4.14 (ms)  [selected_elts=93456]
[stage 14:00:37]     <- load_centroids.loader_load  0.0 s
[stage 14:00:37]     -> load_centroids.gflat_to_rmu
[stage 14:00:37]     <- load_centroids.gflat_to_rmu  0.0 s
[stage 14:00:37]     -> load_centroids.reshard_insert
[stage 14:00:37]     <- load_centroids.reshard_insert  0.0 s
[stage 14:00:37]     -> load_centroids.loader_load
[phdf5 kchunk-union r0] n_k=3 bytes/rank=754176  prev_h2d_wait=0.00  pin+zero=0.02  spaces=0.00  select=0.01  read=1.79  h2d_setup=0.05  total=1.87 (ms)  [selected_elts=93200]
[stage 14:00:37]     <- load_centroids.loader_load  0.0 s
[stage 14:00:37]     -> load_centroids.gflat_to_rmu
[stage 14:00:37]     <- load_centroids.gflat_to_rmu  0.0 s
[stage 14:00:37]     -> load_centroids.reshard_insert
[stage 14:00:37]     <- load_centroids.reshard_insert  0.0 s
[stage 14:00:37]     -> load_centroids.loader_load
[phdf5 kchunk-union r0] n_k=3 bytes/rank=754176  prev_h2d_wait=0.00  pin+zero=0.02  spaces=0.00  select=0.01  read=1.82  h2d_setup=0.05  total=1.90 (ms)  [selected_elts=93232]
[stage 14:00:37]     <- load_centroids.loader_load  0.0 s
[stage 14:00:37]     -> load_centroids.gflat_to_rmu
[stage 14:00:37]     <- load_centroids.gflat_to_rmu  0.0 s
[stage 14:00:37]     -> load_centroids.reshard_insert
[stage 14:00:37]     <- load_centroids.reshard_insert  0.0 s
[stage 14:00:37]     -> load_centroids.loader_load
[phdf5 kchunk-union r0] n_k=4 bytes/rank=1005568  prev_h2d_wait=0.00  pin+zero=0.03  spaces=0.00  select=0.01  read=1.80  h2d_setup=0.06  total=1.90 (ms)  [selected_elts=124976]
[stage 14:00:37]     <- load_centroids.loader_load  0.0 s
[stage 14:00:37]     -> load_centroids.gflat_to_rmu
[stage 14:00:37]     <- load_centroids.gflat_to_rmu  0.0 s
[stage 14:00:37]     -> load_centroids.reshard_insert
[stage 14:00:37]     <- load_centroids.reshard_insert  0.0 s
[stage 14:00:37]     -> load_centroids.loader_load
[phdf5 kchunk-union r0] n_k=2 bytes/rank=502784  prev_h2d_wait=0.00  pin+zero=0.01  spaces=0.00  select=0.00  read=2.31  h2d_setup=0.04  total=2.37 (ms)  [selected_elts=62576]
[stage 14:00:37]     <- load_centroids.loader_load  0.0 s
[stage 14:00:37]     -> load_centroids.gflat_to_rmu
[stage 14:00:37]     <- load_centroids.gflat_to_rmu  0.0 s
[stage 14:00:37]     -> load_centroids.reshard_insert
[stage 14:00:37]     <- load_centroids.reshard_insert  0.0 s
[stage 14:00:37]     -> load_centroids.loader_load
[phdf5 kchunk-union r0] n_k=3 bytes/rank=754176  prev_h2d_wait=0.00  pin+zero=0.02  spaces=0.00  select=0.00  read=1.62  h2d_setup=0.05  total=1.70 (ms)  [selected_elts=93552]
[stage 14:00:37]     <- load_centroids.loader_load  0.0 s
[stage 14:00:37]     -> load_centroids.gflat_to_rmu
[stage 14:00:37]     <- load_centroids.gflat_to_rmu  0.0 s
[stage 14:00:37]     -> load_centroids.reshard_insert
[stage 14:00:37]     <- load_centroids.reshard_insert  0.0 s
[stage 14:00:37]     -> load_centroids.loader_load
[phdf5 kchunk-union r0] n_k=3 bytes/rank=754176  prev_h2d_wait=0.00  pin+zero=0.02  spaces=0.00  select=0.00  read=1.64  h2d_setup=0.05  total=1.72 (ms)  [selected_elts=92880]
[stage 14:00:37]     <- load_centroids.loader_load  0.0 s
[stage 14:00:37]     -> load_centroids.gflat_to_rmu
[stage 14:00:37]     <- load_centroids.gflat_to_rmu  0.0 s
[stage 14:00:37]     -> load_centroids.reshard_insert
[stage 14:00:37]     <- load_centroids.reshard_insert  0.0 s
[stage 14:00:37]     -> load_centroids.loader_load
[phdf5 kchunk-union r0] n_k=2 bytes/rank=502784  prev_h2d_wait=0.00  pin+zero=0.01  spaces=0.00  select=0.00  read=1.41  h2d_setup=0.04  total=1.46 (ms)  [selected_elts=62144]
[stage 14:00:37]     <- load_centroids.loader_load  0.0 s
[stage 14:00:37]     -> load_centroids.gflat_to_rmu
[stage 14:00:37]     <- load_centroids.gflat_to_rmu  0.0 s
[stage 14:00:37]     -> load_centroids.reshard_insert
[stage 14:00:37]     <- load_centroids.reshard_insert  0.0 s
[stage 14:00:37]     -> load_centroids.loader_load
[phdf5 kchunk-union r0] n_k=4 bytes/rank=1005568  prev_h2d_wait=0.00  pin+zero=0.02  spaces=0.00  select=0.01  read=1.98  h2d_setup=0.06  total=2.07 (ms)  [selected_elts=125040]
[stage 14:00:37]     <- load_centroids.loader_load  0.0 s
[stage 14:00:37]     -> load_centroids.gflat_to_rmu
[stage 14:00:37]     <- load_centroids.gflat_to_rmu  0.0 s
[stage 14:00:37]     -> load_centroids.reshard_insert
[stage 14:00:37]     <- load_centroids.reshard_insert  0.0 s
[stage 14:00:37]     -> load_centroids.loader_load
[phdf5 kchunk-union r0] n_k=3 bytes/rank=754176  prev_h2d_wait=0.00  pin+zero=0.02  spaces=0.00  select=0.01  read=1.69  h2d_setup=0.07  total=1.79 (ms)  [selected_elts=93456]
[stage 14:00:37]     <- load_centroids.loader_load  0.0 s
[stage 14:00:37]     -> load_centroids.gflat_to_rmu
[stage 14:00:37]     <- load_centroids.gflat_to_rmu  0.0 s
[stage 14:00:37]     -> load_centroids.reshard_insert
[stage 14:00:37]     <- load_centroids.reshard_insert  0.0 s
[stage 14:00:37]     -> load_centroids.loader_load
[phdf5 kchunk-union r0] n_k=3 bytes/rank=754176  prev_h2d_wait=0.00  pin+zero=0.02  spaces=0.00  select=0.00  read=1.64  h2d_setup=0.05  total=1.71 (ms)  [selected_elts=93200]
[stage 14:00:37]     <- load_centroids.loader_load  0.0 s
[stage 14:00:37]     -> load_centroids.gflat_to_rmu
[stage 14:00:37]     <- load_centroids.gflat_to_rmu  0.0 s
[stage 14:00:37]     -> load_centroids.reshard_insert
[stage 14:00:37]     <- load_centroids.reshard_insert  0.0 s
[stage 14:00:37]     -> load_centroids.loader_load
[phdf5 kchunk-union r0] n_k=3 bytes/rank=754176  prev_h2d_wait=0.00  pin+zero=0.02  spaces=0.00  select=0.00  read=1.66  h2d_setup=0.05  total=1.73 (ms)  [selected_elts=93232]
[stage 14:00:37]     <- load_centroids.loader_load  0.0 s
[stage 14:00:37]     -> load_centroids.gflat_to_rmu
[stage 14:00:37]     <- load_centroids.gflat_to_rmu  0.0 s
[stage 14:00:37]     -> load_centroids.reshard_insert
[stage 14:00:37]     <- load_centroids.reshard_insert  0.0 s
[stage 14:00:37]     -> load_centroids.loader_load
[phdf5 kchunk-union r0] n_k=4 bytes/rank=1005568  prev_h2d_wait=0.00  pin+zero=0.02  spaces=0.00  select=0.01  read=1.82  h2d_setup=0.06  total=1.91 (ms)  [selected_elts=124976]
[stage 14:00:37]     <- load_centroids.loader_load  0.0 s
[stage 14:00:37]     -> load_centroids.gflat_to_rmu
[stage 14:00:37]     <- load_centroids.gflat_to_rmu  0.0 s
[stage 14:00:37]     -> load_centroids.reshard_insert
[stage 14:00:37]     <- load_centroids.reshard_insert  0.0 s
[stage 14:00:37]     -> load_centroids.loader_load
[phdf5 kchunk-union r0] n_k=2 bytes/rank=502784  prev_h2d_wait=0.00  pin+zero=0.01  spaces=0.00  select=0.00  read=1.46  h2d_setup=0.04  total=1.52 (ms)  [selected_elts=62576]
[stage 14:00:37]     <- load_centroids.loader_load  0.0 s
[stage 14:00:37]     -> load_centroids.gflat_to_rmu
[stage 14:00:37]     <- load_centroids.gflat_to_rmu  0.0 s
[stage 14:00:37]     -> load_centroids.reshard_insert
[stage 14:00:37]     <- load_centroids.reshard_insert  0.0 s
[stage 14:00:37]     -> load_centroids.loader_load
[phdf5 kchunk-union r0] n_k=3 bytes/rank=754176  prev_h2d_wait=0.00  pin+zero=0.02  spaces=0.00  select=0.00  read=1.67  h2d_setup=0.05  total=1.74 (ms)  [selected_elts=93552]
[stage 14:00:37]     <- load_centroids.loader_load  0.0 s
[stage 14:00:37]     -> load_centroids.gflat_to_rmu
[stage 14:00:37]     <- load_centroids.gflat_to_rmu  0.0 s
[stage 14:00:37]     -> load_centroids.reshard_insert
[stage 14:00:37]     <- load_centroids.reshard_insert  0.0 s
[stage 14:00:37]     -> load_centroids.loader_load
[phdf5 kchunk-union r0] n_k=3 bytes/rank=754176  prev_h2d_wait=0.00  pin+zero=0.02  spaces=0.00  select=0.01  read=1.75  h2d_setup=0.05  total=1.83 (ms)  [selected_elts=92880]
[stage 14:00:37]     <- load_centroids.loader_load  0.0 s
[stage 14:00:37]     -> load_centroids.gflat_to_rmu
[stage 14:00:37]     <- load_centroids.gflat_to_rmu  0.0 s
[stage 14:00:37]     -> load_centroids.reshard_insert
[stage 14:00:37]     <- load_centroids.reshard_insert  0.0 s
[stage 14:00:37]     -> load_centroids.loader_load
[phdf5 kchunk-union r0] n_k=2 bytes/rank=502784  prev_h2d_wait=0.00  pin+zero=0.01  spaces=0.00  select=0.00  read=1.48  h2d_setup=0.04  total=1.54 (ms)  [selected_elts=62144]
[stage 14:00:37]     <- load_centroids.loader_load  0.0 s
[stage 14:00:37]     -> load_centroids.gflat_to_rmu
[stage 14:00:37]     <- load_centroids.gflat_to_rmu  0.0 s
[stage 14:00:37]     -> load_centroids.reshard_insert
[stage 14:00:37]     <- load_centroids.reshard_insert  0.0 s
[stage 14:00:37]     -> load_centroids.loader_load
[phdf5 kchunk-union r0] n_k=4 bytes/rank=1005568  prev_h2d_wait=0.00  pin+zero=0.03  spaces=0.00  select=0.01  read=2.16  h2d_setup=0.06  total=2.26 (ms)  [selected_elts=125040]
[stage 14:00:37]     <- load_centroids.loader_load  0.0 s
[stage 14:00:37]     -> load_centroids.gflat_to_rmu
[stage 14:00:37]     <- load_centroids.gflat_to_rmu  0.0 s
[stage 14:00:37]     -> load_centroids.reshard_insert
[stage 14:00:37]     <- load_centroids.reshard_insert  0.0 s
[stage 14:00:37]     -> load_centroids.loader_load
[phdf5 kchunk-union r0] n_k=3 bytes/rank=754176  prev_h2d_wait=0.00  pin+zero=0.02  spaces=0.00  select=0.01  read=1.82  h2d_setup=0.05  total=1.90 (ms)  [selected_elts=93456]
[stage 14:00:37]     <- load_centroids.loader_load  0.0 s
[stage 14:00:37]     -> load_centroids.gflat_to_rmu
[stage 14:00:37]     <- load_centroids.gflat_to_rmu  0.0 s
[stage 14:00:37]     -> load_centroids.reshard_insert
[stage 14:00:37]     <- load_centroids.reshard_insert  0.0 s
[stage 14:00:37]     -> load_centroids.loader_load
[phdf5 kchunk-union r0] n_k=3 bytes/rank=754176  prev_h2d_wait=0.01  pin+zero=0.02  spaces=0.00  select=0.01  read=1.82  h2d_setup=0.05  total=1.90 (ms)  [selected_elts=93200]
[stage 14:00:37]     <- load_centroids.loader_load  0.0 s
[stage 14:00:37]     -> load_centroids.gflat_to_rmu
[stage 14:00:37]     <- load_centroids.gflat_to_rmu  0.0 s
[stage 14:00:37]     -> load_centroids.reshard_insert
[stage 14:00:37]     <- load_centroids.reshard_insert  0.0 s
[stage 14:00:37]     -> load_centroids.loader_load
[phdf5 kchunk-union r0] n_k=3 bytes/rank=754176  prev_h2d_wait=0.00  pin+zero=0.02  spaces=0.00  select=0.01  read=1.83  h2d_setup=0.05  total=1.91 (ms)  [selected_elts=93232]
[stage 14:00:37]     <- load_centroids.loader_load  0.0 s
[stage 14:00:37]     -> load_centroids.gflat_to_rmu
[stage 14:00:37]     <- load_centroids.gflat_to_rmu  0.0 s
[stage 14:00:37]     -> load_centroids.reshard_insert
[stage 14:00:37]     <- load_centroids.reshard_insert  0.0 s
[stage 14:00:37]     -> load_centroids.loader_load
[phdf5 kchunk-union r0] n_k=4 bytes/rank=1005568  prev_h2d_wait=0.00  pin+zero=0.02  spaces=0.00  select=0.01  read=2.02  h2d_setup=0.06  total=2.11 (ms)  [selected_elts=124976]
[stage 14:00:37]     <- load_centroids.loader_load  0.0 s
[stage 14:00:37]     -> load_centroids.gflat_to_rmu
[stage 14:00:37]     <- load_centroids.gflat_to_rmu  0.0 s
[stage 14:00:37]     -> load_centroids.reshard_insert
[stage 14:00:37]     <- load_centroids.reshard_insert  0.0 s
[stage 14:00:37]     -> load_centroids.loader_load
[phdf5 kchunk-union r0] n_k=2 bytes/rank=502784  prev_h2d_wait=0.00  pin+zero=0.01  spaces=0.00  select=0.00  read=1.95  h2d_setup=0.04  total=2.01 (ms)  [selected_elts=62576]
[stage 14:00:37]     <- load_centroids.loader_load  0.0 s
[stage 14:00:37]     -> load_centroids.gflat_to_rmu
[stage 14:00:37]     <- load_centroids.gflat_to_rmu  0.0 s
[stage 14:00:37]     -> load_centroids.reshard_insert
[stage 14:00:37]     <- load_centroids.reshard_insert  0.0 s
[stage 14:00:37]     -> load_centroids.loader_load
[phdf5 kchunk-union r0] n_k=3 bytes/rank=754176  prev_h2d_wait=0.00  pin+zero=0.02  spaces=0.00  select=0.00  read=1.69  h2d_setup=0.05  total=1.76 (ms)  [selected_elts=93552]
[stage 14:00:37]     <- load_centroids.loader_load  0.0 s
[stage 14:00:37]     -> load_centroids.gflat_to_rmu
[stage 14:00:37]     <- load_centroids.gflat_to_rmu  0.0 s
[stage 14:00:37]     -> load_centroids.reshard_insert
[stage 14:00:37]     <- load_centroids.reshard_insert  0.0 s
[stage 14:00:37]     -> load_centroids.loader_load
[phdf5 kchunk-union r0] n_k=3 bytes/rank=754176  prev_h2d_wait=0.00  pin+zero=0.02  spaces=0.00  select=0.00  read=1.70  h2d_setup=0.05  total=1.77 (ms)  [selected_elts=92880]
[stage 14:00:37]     <- load_centroids.loader_load  0.0 s
[stage 14:00:37]     -> load_centroids.gflat_to_rmu
[stage 14:00:37]     <- load_centroids.gflat_to_rmu  0.0 s
[stage 14:00:37]     -> load_centroids.reshard_insert
[stage 14:00:37]     <- load_centroids.reshard_insert  0.0 s
[stage 14:00:37]     -> load_centroids.loader_load
[phdf5 kchunk-union r0] n_k=2 bytes/rank=502784  prev_h2d_wait=0.00  pin+zero=0.01  spaces=0.00  select=0.00  read=1.49  h2d_setup=0.04  total=1.55 (ms)  [selected_elts=62144]
[stage 14:00:37]     <- load_centroids.loader_load  0.0 s
[stage 14:00:37]     -> load_centroids.gflat_to_rmu
[stage 14:00:37]     <- load_centroids.gflat_to_rmu  0.0 s
[stage 14:00:37]     -> load_centroids.reshard_insert
[stage 14:00:37]     <- load_centroids.reshard_insert  0.0 s
[stage 14:00:37]     -> load_centroids.loader_load
[phdf5 kchunk-union r0] n_k=4 bytes/rank=1005568  prev_h2d_wait=0.00  pin+zero=0.03  spaces=0.00  select=0.01  read=2.09  h2d_setup=0.06  total=2.19 (ms)  [selected_elts=125040]
[stage 14:00:37]     <- load_centroids.loader_load  0.0 s
[stage 14:00:37]     -> load_centroids.gflat_to_rmu
[stage 14:00:37]     <- load_centroids.gflat_to_rmu  0.0 s
[stage 14:00:37]     -> load_centroids.reshard_insert
[stage 14:00:37]     <- load_centroids.reshard_insert  0.0 s
[stage 14:00:37]     -> load_centroids.loader_load
[phdf5 kchunk-union r0] n_k=3 bytes/rank=754176  prev_h2d_wait=0.00  pin+zero=0.02  spaces=0.00  select=0.01  read=1.83  h2d_setup=0.06  total=1.92 (ms)  [selected_elts=93456]
[stage 14:00:37]     <- load_centroids.loader_load  0.0 s
[stage 14:00:37]     -> load_centroids.gflat_to_rmu
[stage 14:00:37]     <- load_centroids.gflat_to_rmu  0.0 s
[stage 14:00:37]     -> load_centroids.reshard_insert
[stage 14:00:37]     <- load_centroids.reshard_insert  0.0 s
[stage 14:00:37]     -> load_centroids.loader_load
[phdf5 kchunk-union r0] n_k=3 bytes/rank=754176  prev_h2d_wait=0.00  pin+zero=0.02  spaces=0.00  select=0.00  read=1.75  h2d_setup=0.05  total=1.82 (ms)  [selected_elts=93200]
[stage 14:00:37]     <- load_centroids.loader_load  0.0 s
[stage 14:00:37]     -> load_centroids.gflat_to_rmu
[stage 14:00:37]     <- load_centroids.gflat_to_rmu  0.0 s
[stage 14:00:37]     -> load_centroids.reshard_insert
[stage 14:00:37]     <- load_centroids.reshard_insert  0.0 s
[stage 14:00:37]     -> load_centroids.loader_load
[phdf5 kchunk-union r0] n_k=3 bytes/rank=754176  prev_h2d_wait=0.00  pin+zero=0.02  spaces=0.00  select=0.00  read=1.70  h2d_setup=0.05  total=1.78 (ms)  [selected_elts=93232]
[stage 14:00:37]     <- load_centroids.loader_load  0.0 s
[stage 14:00:37]     -> load_centroids.gflat_to_rmu
[stage 14:00:37]     <- load_centroids.gflat_to_rmu  0.0 s
[stage 14:00:37]     -> load_centroids.reshard_insert
[stage 14:00:37]     <- load_centroids.reshard_insert  0.0 s
[stage 14:00:37]     -> load_centroids.loader_load
[phdf5 kchunk-union r0] n_k=4 bytes/rank=1005568  prev_h2d_wait=0.00  pin+zero=0.02  spaces=0.00  select=0.01  read=1.88  h2d_setup=0.06  total=1.97 (ms)  [selected_elts=124976]
[stage 14:00:37]     <- load_centroids.loader_load  0.0 s
[stage 14:00:37]     -> load_centroids.gflat_to_rmu
[stage 14:00:37]     <- load_centroids.gflat_to_rmu  0.0 s
[stage 14:00:37]     -> load_centroids.reshard_insert
[stage 14:00:37]     <- load_centroids.reshard_insert  0.0 s
[stage 14:00:37]     -> load_centroids.loader_load
[phdf5 kchunk-union r0] n_k=2 bytes/rank=502784  prev_h2d_wait=0.00  pin+zero=0.01  spaces=0.00  select=0.00  read=1.71  h2d_setup=0.04  total=1.77 (ms)  [selected_elts=62576]
[stage 14:00:37]     <- load_centroids.loader_load  0.0 s
[stage 14:00:37]     -> load_centroids.gflat_to_rmu
[stage 14:00:37]     <- load_centroids.gflat_to_rmu  0.0 s
[stage 14:00:37]     -> load_centroids.reshard_insert
[stage 14:00:37]     <- load_centroids.reshard_insert  0.0 s
[stage 14:00:37]     -> load_centroids.loader_load
[phdf5 kchunk-union r0] n_k=3 bytes/rank=754176  prev_h2d_wait=0.00  pin+zero=0.02  spaces=0.00  select=0.00  read=1.70  h2d_setup=0.05  total=1.77 (ms)  [selected_elts=93552]
[stage 14:00:37]     <- load_centroids.loader_load  0.0 s
[stage 14:00:37]     -> load_centroids.gflat_to_rmu
[stage 14:00:37]     <- load_centroids.gflat_to_rmu  0.0 s
[stage 14:00:37]     -> load_centroids.reshard_insert
[stage 14:00:37]     <- load_centroids.reshard_insert  0.0 s
[stage 14:00:37]     -> load_centroids.loader_load
[phdf5 kchunk-union r0] n_k=3 bytes/rank=754176  prev_h2d_wait=0.00  pin+zero=0.02  spaces=0.00  select=0.00  read=1.69  h2d_setup=0.05  total=1.76 (ms)  [selected_elts=92880]
[stage 14:00:37]     <- load_centroids.loader_load  0.0 s
[stage 14:00:37]     -> load_centroids.gflat_to_rmu
[stage 14:00:37]     <- load_centroids.gflat_to_rmu  0.0 s
[stage 14:00:37]     -> load_centroids.reshard_insert
[stage 14:00:37]     <- load_centroids.reshard_insert  0.0 s
[stage 14:00:37]     -> load_centroids.loader_load
[phdf5 kchunk-union r0] n_k=2 bytes/rank=502784  prev_h2d_wait=0.00  pin+zero=0.01  spaces=0.00  select=0.00  read=1.45  h2d_setup=0.04  total=1.51 (ms)  [selected_elts=62144]
[stage 14:00:37]     <- load_centroids.loader_load  0.0 s
[stage 14:00:37]     -> load_centroids.gflat_to_rmu
[stage 14:00:37]     <- load_centroids.gflat_to_rmu  0.0 s
[stage 14:00:37]     -> load_centroids.reshard_insert
[stage 14:00:37]     <- load_centroids.reshard_insert  0.0 s
[stage 14:00:37]     -> load_centroids.loader_load
[phdf5 kchunk-union r0] n_k=4 bytes/rank=1005568  prev_h2d_wait=0.00  pin+zero=0.02  spaces=0.00  select=0.01  read=2.03  h2d_setup=0.06  total=2.12 (ms)  [selected_elts=125040]
[stage 14:00:37]     <- load_centroids.loader_load  0.0 s
[stage 14:00:37]     -> load_centroids.gflat_to_rmu
[stage 14:00:37]     <- load_centroids.gflat_to_rmu  0.0 s
[stage 14:00:37]     -> load_centroids.reshard_insert
[stage 14:00:37]     <- load_centroids.reshard_insert  0.0 s
[stage 14:00:37]     -> load_centroids.loader_load
[phdf5 kchunk-union r0] n_k=3 bytes/rank=754176  prev_h2d_wait=0.00  pin+zero=0.02  spaces=0.00  select=0.00  read=1.76  h2d_setup=0.05  total=1.83 (ms)  [selected_elts=93456]
[stage 14:00:37]     <- load_centroids.loader_load  0.0 s
[stage 14:00:37]     -> load_centroids.gflat_to_rmu
[stage 14:00:37]     <- load_centroids.gflat_to_rmu  0.0 s
[stage 14:00:37]     -> load_centroids.reshard_insert
[stage 14:00:37]     <- load_centroids.reshard_insert  0.0 s
[stage 14:00:37]     -> load_centroids.loader_load
[phdf5 kchunk-union r0] n_k=3 bytes/rank=754176  prev_h2d_wait=0.00  pin+zero=0.02  spaces=0.00  select=0.00  read=1.71  h2d_setup=0.05  total=1.78 (ms)  [selected_elts=93200]
[stage 14:00:37]     <- load_centroids.loader_load  0.0 s
[stage 14:00:37]     -> load_centroids.gflat_to_rmu
[stage 14:00:37]     <- load_centroids.gflat_to_rmu  0.0 s
[stage 14:00:37]     -> load_centroids.reshard_insert
[stage 14:00:37]     <- load_centroids.reshard_insert  0.0 s
[stage 14:00:37]     -> load_centroids.loader_load
[phdf5 kchunk-union r0] n_k=3 bytes/rank=754176  prev_h2d_wait=0.00  pin+zero=0.02  spaces=0.00  select=0.00  read=1.72  h2d_setup=0.05  total=1.80 (ms)  [selected_elts=93232]
[stage 14:00:37]     <- load_centroids.loader_load  0.0 s
[stage 14:00:37]     -> load_centroids.gflat_to_rmu
[stage 14:00:37]     <- load_centroids.gflat_to_rmu  0.0 s
[stage 14:00:37]     -> load_centroids.reshard_insert
[stage 14:00:37]     <- load_centroids.reshard_insert  0.0 s
[stage 14:00:37]     -> load_centroids.loader_load
[phdf5 kchunk-union r0] n_k=4 bytes/rank=1005568  prev_h2d_wait=0.00  pin+zero=0.02  spaces=0.00  select=0.01  read=1.91  h2d_setup=0.06  total=2.00 (ms)  [selected_elts=124976]
[stage 14:00:37]     <- load_centroids.loader_load  0.0 s
[stage 14:00:37]     -> load_centroids.gflat_to_rmu
[stage 14:00:37]     <- load_centroids.gflat_to_rmu  0.0 s
[stage 14:00:37]     -> load_centroids.reshard_insert
[stage 14:00:37]     <- load_centroids.reshard_insert  0.0 s
[stage 14:00:37]     -> load_centroids.loader_load
[phdf5 kchunk-union r0] n_k=2 bytes/rank=502784  prev_h2d_wait=0.00  pin+zero=0.01  spaces=0.00  select=0.00  read=1.50  h2d_setup=0.04  total=1.56 (ms)  [selected_elts=62576]
[stage 14:00:38]     <- load_centroids.loader_load  0.0 s
[stage 14:00:38]     -> load_centroids.gflat_to_rmu
[stage 14:00:38]     <- load_centroids.gflat_to_rmu  0.0 s
[stage 14:00:38]     -> load_centroids.reshard_insert
[stage 14:00:38]     <- load_centroids.reshard_insert  0.0 s
[stage 14:00:38]     -> load_centroids.loader_load
[phdf5 kchunk-union r0] n_k=3 bytes/rank=754176  prev_h2d_wait=0.00  pin+zero=0.02  spaces=0.00  select=0.00  read=1.69  h2d_setup=0.05  total=1.76 (ms)  [selected_elts=93552]
[stage 14:00:38]     <- load_centroids.loader_load  0.0 s
[stage 14:00:38]     -> load_centroids.gflat_to_rmu
[stage 14:00:38]     <- load_centroids.gflat_to_rmu  0.0 s
[stage 14:00:38]     -> load_centroids.reshard_insert
[stage 14:00:38]     <- load_centroids.reshard_insert  0.0 s
[stage 14:00:38]     -> load_centroids.loader_load
[phdf5 kchunk-union r0] n_k=3 bytes/rank=754176  prev_h2d_wait=0.00  pin+zero=0.02  spaces=0.00  select=0.00  read=1.69  h2d_setup=0.05  total=1.77 (ms)  [selected_elts=92880]
[stage 14:00:38]     <- load_centroids.loader_load  0.0 s
[stage 14:00:38]     -> load_centroids.gflat_to_rmu
[stage 14:00:38]     <- load_centroids.gflat_to_rmu  0.0 s
[stage 14:00:38]     -> load_centroids.reshard_insert
[stage 14:00:38]     <- load_centroids.reshard_insert  0.0 s
[stage 14:00:38]     -> load_centroids.loader_load
[phdf5 kchunk-union r0] n_k=2 bytes/rank=502784  prev_h2d_wait=0.00  pin+zero=0.01  spaces=0.00  select=0.00  read=1.41  h2d_setup=0.04  total=1.47 (ms)  [selected_elts=62144]
[stage 14:00:38]     <- load_centroids.loader_load  0.0 s
[stage 14:00:38]     -> load_centroids.gflat_to_rmu
[stage 14:00:38]     <- load_centroids.gflat_to_rmu  0.0 s
[stage 14:00:38]     -> load_centroids.reshard_insert
[stage 14:00:38]     <- load_centroids.reshard_insert  0.0 s
[stage 14:00:38]   <- gw_jax.load_centroid_wfns_current  1.2 s
[stage 14:00:38]   -> gw_jax.wavefunction_setup
[stage 14:00:38]   <- gw_jax.wavefunction_setup  0.1 s
  Wavefunctions built (b0:b4=80 bands, face layout: psi_nmu/psi_mun; low_mem_bands=true) — V_q's baseline is the face floor alone, no fit-input carryover
[stage 14:00:38]   -> gw_jax.wavefunction_setup
[stage 14:00:38]   <- gw_jax.wavefunction_setup  0.0 s
  [bispinor] σ^B-side Wfns built on n_rmu_T=200 transverse centroids (face layout; low_mem_bands=true)
[mem_probe pre_v_q] in_use=0.09 GB  peak=0.29 GB  live_count=41 live_total=0.30 GB  nvsmi=12.38 GB nvsmi_peak=12.38 GB
[mem_probe pre_v_q]   complex128 (36, 4, 600, 80) x 1 = 0.11 GB
[mem_probe pre_v_q]   complex128 (36, 80, 4, 600) x 1 = 0.11 GB
[mem_probe pre_v_q]   complex128 (36, 4, 200, 80) x 1 = 0.04 GB
[mem_probe pre_v_q]   complex128 (36, 80, 4, 200) x 1 = 0.04 GB
[mem_probe pre_v_q]   int32 (36, 24, 24, 80) x 1 = 0.01 GB
[mem_probe pre_v_q]   float64 (36, 80) x 6 = 0.00 GB
[mem_probe pre_v_q]   float64 (36, 320) x 1 = 0.00 GB
[mem_probe pre_v_q]   float64 (36, 120) x 1 = 0.00 GB
[mem_probe pre_v_q]   float64 (36, 30) x 1 = 0.00 GB
[mem_probe pre_v_q]   complex128 (36, 2, 2) x 1 = 0.00 GB
    V_q bare cutoff: 30.0 Ry
    V_q budget:    30.00 GB

  [bispinor] V_q^{μ_L,ν_L} → /pscratch/sd/j/jackm/sandbox_v2_docs_consolidation_2026-08-14/tmp/worktrees/wt_bisp_prof_s_codex_20260906/runs/MoS2/42_bisp_scale_2026-09-06/prof_s/37_F3_dynamic_receipts/tmp/v_q_bispinor.h5
[stage 14:00:38]   -> gw_jax.V_q_compute
  [SlabIO.phdf5_ffi] zeta_q.h5 mode=r bytes=135518153 file stripe_count=16 stripe_size=4194304 B cb_nodes=4/4 (the file's inode, not write policy).
[phdf5.hints /pscratch/sd/j/jackm/sandbox_v2_docs_consolidation_2026-08-14/tmp/worktrees/wt_bisp_prof_s_codex_20260906/runs/MoS2/42_bisp_scale_2026-09-06/prof_s/37_F3_dynamic_receipts/tmp/zeta_q.h5] 24 hints retained by ROMIO:
  romio_cb_pfr                             = disable
  romio_cb_fr_types                        = aar
  cb_align                                 = 2
  cb_buffer_size                           = 16777216
  romio_cb_fr_alignment                    = 1
  romio_cb_ds_threshold                    = 0
  romio_cb_alltoall                        = automatic
  romio_cb_read                            = automatic
  romio_cb_write                           = automatic
  romio_no_indep_rw                        = false
  romio_ds_write                           = automatic
  ind_wr_buffer_size                       = 524288
  romio_ds_read                            = disable
  ind_rd_buffer_size                       = 4194304
  direct_io                                = false
  striping_factor                          = 16
  striping_unit                            = 4194304
  overstriping_factor                      = 0
  romio_lustre_start_iodevice              = -1
  aggregator_placement_stride              = -1
  abort_on_rw_error                        = disable
  cb_config_list                           = *:*
  cb_nodes                                 = 4
  romio_filesystem_type                    = CRAY ADIO:
  [SlabIO.phdf5_ffi] zeta_q_mu1.h5 mode=r bytes=48190804 file stripe_count=16 stripe_size=4194304 B cb_nodes=4/4 (the file's inode, not write policy).
[phdf5.hints /pscratch/sd/j/jackm/sandbox_v2_docs_consolidation_2026-08-14/tmp/worktrees/wt_bisp_prof_s_codex_20260906/runs/MoS2/42_bisp_scale_2026-09-06/prof_s/37_F3_dynamic_receipts/tmp/zeta_q_mu1.h5] 24 hints retained by ROMIO:
  romio_cb_pfr                             = disable
  romio_cb_fr_types                        = aar
  cb_align                                 = 2
  cb_buffer_size                           = 16777216
  romio_cb_fr_alignment                    = 1
  romio_cb_ds_threshold                    = 0
  romio_cb_alltoall                        = automatic
  romio_cb_read                            = automatic
  romio_cb_write                           = automatic
  romio_no_indep_rw                        = false
  romio_ds_write                           = automatic
  ind_wr_buffer_size                       = 524288
  romio_ds_read                            = disable
  ind_rd_buffer_size                       = 4194304
  direct_io                                = false
  striping_factor                          = 16
  striping_unit                            = 4194304
  overstriping_factor                      = 0
  romio_lustre_start_iodevice              = -1
  aggregator_placement_stride              = -1
  abort_on_rw_error                        = disable
  cb_config_list                           = *:*
  cb_nodes                                 = 4
  romio_filesystem_type                    = CRAY ADIO:
  [SlabIO.phdf5_ffi] zeta_q_mu2.h5 mode=r bytes=48190804 file stripe_count=16 stripe_size=4194304 B cb_nodes=4/4 (the file's inode, not write policy).
[phdf5.hints /pscratch/sd/j/jackm/sandbox_v2_docs_consolidation_2026-08-14/tmp/worktrees/wt_bisp_prof_s_codex_20260906/runs/MoS2/42_bisp_scale_2026-09-06/prof_s/37_F3_dynamic_receipts/tmp/zeta_q_mu2.h5] 24 hints retained by ROMIO:
  romio_cb_pfr                             = disable
  romio_cb_fr_types                        = aar
  cb_align                                 = 2
  cb_buffer_size                           = 16777216
  romio_cb_fr_alignment                    = 1
  romio_cb_ds_threshold                    = 0
  romio_cb_alltoall                        = automatic
  romio_cb_read                            = automatic
  romio_cb_write                           = automatic
  romio_no_indep_rw                        = false
  romio_ds_write                           = automatic
  ind_wr_buffer_size                       = 524288
  romio_ds_read                            = disable
  ind_rd_buffer_size                       = 4194304
  direct_io                                = false
  striping_factor                          = 16
  striping_unit                            = 4194304
  overstriping_factor                      = 0
  romio_lustre_start_iodevice              = -1
  aggregator_placement_stride              = -1
  abort_on_rw_error                        = disable
  cb_config_list                           = *:*
  cb_nodes                                 = 4
  romio_filesystem_type                    = CRAY ADIO:
  [SlabIO.phdf5_ffi] zeta_q_mu3.h5 mode=r bytes=48190804 file stripe_count=16 stripe_size=4194304 B cb_nodes=4/4 (the file's inode, not write policy).
[phdf5.hints /pscratch/sd/j/jackm/sandbox_v2_docs_consolidation_2026-08-14/tmp/worktrees/wt_bisp_prof_s_codex_20260906/runs/MoS2/42_bisp_scale_2026-09-06/prof_s/37_F3_dynamic_receipts/tmp/zeta_q_mu3.h5] 24 hints retained by ROMIO:
  romio_cb_pfr                             = disable
  romio_cb_fr_types                        = aar
  cb_align                                 = 2
  cb_buffer_size                           = 16777216
  romio_cb_fr_alignment                    = 1
  romio_cb_ds_threshold                    = 0
  romio_cb_alltoall                        = automatic
  romio_cb_read                            = automatic
  romio_cb_write                           = automatic
  romio_no_indep_rw                        = false
  romio_ds_write                           = automatic
  ind_wr_buffer_size                       = 524288
  romio_ds_read                            = disable
  ind_rd_buffer_size                       = 4194304
  direct_io                                = false
  striping_factor                          = 16
  striping_unit                            = 4194304
  overstriping_factor                      = 0
  romio_lustre_start_iodevice              = -1
  aggregator_placement_stride              = -1
  abort_on_rw_error                        = disable
  cb_config_list                           = *:*
  cb_nodes                                 = 4
  romio_filesystem_type                    = CRAY ADIO:
  [SlabIO.phdf5_ffi] v_q_bispinor.h5 mode=w ranks=4 stripe_count=4 stripe_unit=1048576 B (policy; LORRAX_PHDF5_STRIPE_COUNT/_SIZE_FS override)
[phdf5.hints /pscratch/sd/j/jackm/sandbox_v2_docs_consolidation_2026-08-14/tmp/worktrees/wt_bisp_prof_s_codex_20260906/runs/MoS2/42_bisp_scale_2026-09-06/prof_s/37_F3_dynamic_receipts/tmp/v_q_bispinor.h5] 24 hints retained by ROMIO:
  romio_cb_pfr                             = disable
  romio_cb_fr_types                        = aar
  cb_align                                 = 2
  cb_buffer_size                           = 16777216
  romio_cb_fr_alignment                    = 1
  romio_cb_ds_threshold                    = 0
  romio_cb_alltoall                        = automatic
  romio_cb_read                            = automatic
  romio_cb_write                           = automatic
  romio_no_indep_rw                        = false
  romio_ds_write                           = automatic
  ind_wr_buffer_size                       = 524288
  romio_ds_read                            = disable
  ind_rd_buffer_size                       = 4194304
  direct_io                                = false
  striping_factor                          = 4
  striping_unit                            = 1048576
  overstriping_factor                      = 0
  romio_lustre_start_iodevice              = -1
  aggregator_placement_stride              = -1
  abort_on_rw_error                        = disable
  cb_config_list                           = *:*
  cb_nodes                                 = 4
  romio_filesystem_type                    = CRAY ADIO:
[ffi-debug proc=0] name=lorrax_io_committed shape=(4,) dtype=int32 spec=P(('x', 'y'),) offset=(0,) valid_shape=(1,) gshape=(1,) local_shapes=[(1,)]
[phdf5-write rank=0 ds=/lorrax_io_committed id=360287970189639681] extent=[1] offset=[0] count=[1] mem_dims=[1] base=[0] valid=[1] collective=1 oob=0 empty=0
[phdf5 write r0] ds=/lorrax_io_committed bytes/rank=4 coll=1 empty=0  d2h_wait=0.01  spaces=0.04  select=0.00  write=1.39  total=1.45 (ms)  0 MB/s
  [SlabIO.close] Python dispatch drained in 0.0 s (no queued data); joining writer thread
  [SlabIO.close] writer thread joined in 0.0 s; calling H5Fclose collectively
  [SlabIO.close] H5Fclose returned in 0.0 s
q-grid TRS policy [bispinor V / one-leg]: time reversal MEASURED to hold; 4 of 36 q rows use a TRS-composed partner so q and -q share one spatial realization, and 4 self-negative q rows carry the one-element TRS projector.
  [bispinor g-flat] tile 1/7 (μ_L=0, ν_L=0)  n_rmu_L=597 n_rmu_R=597  same_zeta=True  use_ibz=True
  V_q g-flat [V_qmunu_CC]: n_q_ibz=7, ngkmax=1964, g_chunk=1964 (1/q), n_rmu_L=597→600, n_rmu_R=597→600, unfold=IBZ→full
    [V_qmunu_CC] pre-read all 7 IBZ ζ̃ slabs (1 batched call): 0.14s
    [V_qmunu_CC] q=0/7: kernel=0.17s
    [V_qmunu_CC] q=1/7: kernel=0.00s
    [V_qmunu_CC] q=2/7: kernel=0.00s
    [V_qmunu_CC] q=3/7: kernel=0.00s
    [V_qmunu_CC] q=4/7: kernel=0.00s
    [V_qmunu_CC] q=5/7: kernel=0.00s
    [V_qmunu_CC] q=6/7: kernel=0.00s
  sanity[V_q[CC] IBZ parents]: parent point-group covariance = 3.597e-07 (14/14 little-group ops over 2 parent(s)).  fixed-q TRS projector removed 4.512e-16 (relative).
  [shard_map] using jax.shard_map (jax 0.9.1)
[phdf5.hints /pscratch/sd/j/jackm/sandbox_v2_docs_consolidation_2026-08-14/tmp/worktrees/wt_bisp_prof_s_codex_20260906/runs/MoS2/42_bisp_scale_2026-09-06/prof_s/37_F3_dynamic_receipts/tmp/v_q_bispinor.h5] 24 hints retained by ROMIO:
  romio_cb_pfr                             = disable
  romio_cb_fr_types                        = aar
  cb_align                                 = 2
  cb_buffer_size                           = 16777216
  romio_cb_fr_alignment                    = 1
  romio_cb_ds_threshold                    = 0
  romio_cb_alltoall                        = automatic
  romio_cb_read                            = automatic
  romio_cb_write                           = automatic
  romio_no_indep_rw                        = false
  romio_ds_write                           = automatic
  ind_wr_buffer_size                       = 524288
  romio_ds_read                            = disable
  ind_rd_buffer_size                       = 4194304
  direct_io                                = false
  striping_factor                          = 4
  striping_unit                            = 1048576
  overstriping_factor                      = 0
  romio_lustre_start_iodevice              = -1
  aggregator_placement_stride              = -1
  abort_on_rw_error                        = disable
  cb_config_list                           = *:*
  cb_nodes                                 = 4
  romio_filesystem_type                    = CRAY ADIO:
[ffi-debug proc=0] name=lorrax_io_committed shape=(4,) dtype=int32 spec=P(('x', 'y'),) offset=(0,) valid_shape=(1,) gshape=(1,) local_shapes=[(1,)]
[phdf5-write rank=0 ds=/lorrax_io_committed id=360287970189639683] extent=[1] offset=[0] count=[1] mem_dims=[1] base=[0] valid=[1] collective=1 oob=0 empty=0
[phdf5 write r0] ds=/lorrax_io_committed bytes/rank=4 coll=1 empty=0  d2h_wait=0.01  spaces=0.04  select=0.00  write=0.39  total=0.45 (ms)  0 MB/s
[ffi-debug proc=0] name=V_qmunu_CC shape=(36, 600, 600) dtype=complex128 spec=P(None, 'x', 'y') offset=(0, 0, 0) valid_shape=(36, 597, 597) gshape=(36, 597, 597) local_shapes=[(36, 300, 300)]
  [SlabIO.close] draining 1 pending writes for v_q_bispinor.h5 …
[phdf5-write rank=0 ds=/V_qmunu_CC id=360287970189639684] extent=[36,597,597] offset=[0,0,0] count=[36,300,300] mem_dims=[36,300,300] base=[0,0,0] valid=[36,597,597] collective=1 oob=0 empty=0
[phdf5 write r0] ds=/V_qmunu_CC bytes/rank=51840000 coll=1 empty=0  d2h_wait=2.98  spaces=0.03  select=0.00  write=187.36  total=190.37 (ms)  277 MB/s
  [SlabIO.close] Python dispatch drained in 0.3 s (0.21 GB at 728 MB/s); joining writer thread
  [SlabIO.close] writer thread joined in 0.0 s; calling H5Fclose collectively
  [SlabIO.close] H5Fclose returned in 0.0 s
  [bispinor g-flat] tile 2/7 (μ_L=1, ν_L=1)  n_rmu_L=200 n_rmu_R=200  same_zeta=True  use_ibz=True
  V_q g-flat [V_qmunu_TT_11]: n_q_ibz=7, ngkmax=1964, g_chunk=1964 (1/q), n_rmu_L=200→200, n_rmu_R=200→200, unfold=IBZ→full
    [V_qmunu_TT_11] pre-read all 7 IBZ ζ̃ slabs (1 batched call): 0.09s
    [V_qmunu_TT_11] q=0/7: kernel=0.15s
    [V_qmunu_TT_11] q=1/7: kernel=0.00s
    [V_qmunu_TT_11] q=2/7: kernel=0.00s
    [V_qmunu_TT_11] q=3/7: kernel=0.00s
    [V_qmunu_TT_11] q=4/7: kernel=0.00s
    [V_qmunu_TT_11] q=5/7: kernel=0.00s
    [V_qmunu_TT_11] q=6/7: kernel=0.00s
  [bispinor g-flat] tile 3/7 (μ_L=2, ν_L=2)  n_rmu_L=200 n_rmu_R=200  same_zeta=True  use_ibz=True
  V_q g-flat [V_qmunu_TT_22]: n_q_ibz=7, ngkmax=1964, g_chunk=1964 (1/q), n_rmu_L=200→200, n_rmu_R=200→200, unfold=IBZ→full
    [V_qmunu_TT_22] pre-read all 7 IBZ ζ̃ slabs (1 batched call): 0.03s
    [V_qmunu_TT_22] q=0/7: kernel=0.00s
    [V_qmunu_TT_22] q=1/7: kernel=0.00s
    [V_qmunu_TT_22] q=2/7: kernel=0.00s
    [V_qmunu_TT_22] q=3/7: kernel=0.00s
    [V_qmunu_TT_22] q=4/7: kernel=0.00s
    [V_qmunu_TT_22] q=5/7: kernel=0.00s
    [V_qmunu_TT_22] q=6/7: kernel=0.00s
  [bispinor g-flat] tile 4/7 (μ_L=3, ν_L=3)  n_rmu_L=200 n_rmu_R=200  same_zeta=True  use_ibz=True
  V_q g-flat [V_qmunu_TT_33]: n_q_ibz=7, ngkmax=1964, g_chunk=1964 (1/q), n_rmu_L=200→200, n_rmu_R=200→200, unfold=IBZ→full
    [V_qmunu_TT_33] pre-read all 7 IBZ ζ̃ slabs (1 batched call): 0.02s
    [V_qmunu_TT_33] q=0/7: kernel=0.00s
    [V_qmunu_TT_33] q=1/7: kernel=0.00s
    [V_qmunu_TT_33] q=2/7: kernel=0.00s
    [V_qmunu_TT_33] q=3/7: kernel=0.00s
    [V_qmunu_TT_33] q=4/7: kernel=0.00s
    [V_qmunu_TT_33] q=5/7: kernel=0.00s
    [V_qmunu_TT_33] q=6/7: kernel=0.00s
  [bispinor g-flat] tile 5/7 (μ_L=1, ν_L=2)  n_rmu_L=200 n_rmu_R=200  same_zeta=False  use_ibz=True
  V_q g-flat [V_qmunu_TT_12]: n_q_ibz=7, ngkmax=1964, g_chunk=1964 (1/q), n_rmu_L=200→200, n_rmu_R=200→200, unfold=IBZ→full
    [V_qmunu_TT_12] pre-read all 7 IBZ ζ̃ slabs (1 batched call): 0.02s
    [V_qmunu_TT_12] q=0/7: kernel=0.14s
    [V_qmunu_TT_12] q=1/7: kernel=0.00s
    [V_qmunu_TT_12] q=2/7: kernel=0.00s
    [V_qmunu_TT_12] q=3/7: kernel=0.00s
    [V_qmunu_TT_12] q=4/7: kernel=0.00s
    [V_qmunu_TT_12] q=5/7: kernel=0.00s
    [V_qmunu_TT_12] q=6/7: kernel=0.00s
  [bispinor g-flat] tile 6/7 (μ_L=1, ν_L=3)  n_rmu_L=200 n_rmu_R=200  same_zeta=False  use_ibz=True
  V_q g-flat [V_qmunu_TT_13]: n_q_ibz=7, ngkmax=1964, g_chunk=1964 (1/q), n_rmu_L=200→200, n_rmu_R=200→200, unfold=IBZ→full
    [V_qmunu_TT_13] pre-read all 7 IBZ ζ̃ slabs (1 batched call): 0.02s
    [V_qmunu_TT_13] q=0/7: kernel=0.00s
    [V_qmunu_TT_13] q=1/7: kernel=0.00s
    [V_qmunu_TT_13] q=2/7: kernel=0.00s
    [V_qmunu_TT_13] q=3/7: kernel=0.00s
    [V_qmunu_TT_13] q=4/7: kernel=0.00s
    [V_qmunu_TT_13] q=5/7: kernel=0.00s
    [V_qmunu_TT_13] q=6/7: kernel=0.00s
  [bispinor g-flat] tile 7/7 (μ_L=2, ν_L=3)  n_rmu_L=200 n_rmu_R=200  same_zeta=False  use_ibz=True
  V_q g-flat [V_qmunu_TT_23]: n_q_ibz=7, ngkmax=1964, g_chunk=1964 (1/q), n_rmu_L=200→200, n_rmu_R=200→200, unfold=IBZ→full
    [V_qmunu_TT_23] pre-read all 7 IBZ ζ̃ slabs (1 batched call): 0.02s
    [V_qmunu_TT_23] q=0/7: kernel=0.00s
    [V_qmunu_TT_23] q=1/7: kernel=0.00s
    [V_qmunu_TT_23] q=2/7: kernel=0.00s
    [V_qmunu_TT_23] q=3/7: kernel=0.00s
    [V_qmunu_TT_23] q=4/7: kernel=0.00s
    [V_qmunu_TT_23] q=5/7: kernel=0.00s
    [V_qmunu_TT_23] q=6/7: kernel=0.00s
[phdf5.hints /pscratch/sd/j/jackm/sandbox_v2_docs_consolidation_2026-08-14/tmp/worktrees/wt_bisp_prof_s_codex_20260906/runs/MoS2/42_bisp_scale_2026-09-06/prof_s/37_F3_dynamic_receipts/tmp/v_q_bispinor.h5] 24 hints retained by ROMIO:
  romio_cb_pfr                             = disable
  romio_cb_fr_types                        = aar
  cb_align                                 = 2
  cb_buffer_size                           = 16777216
  romio_cb_fr_alignment                    = 1
  romio_cb_ds_threshold                    = 0
  romio_cb_alltoall                        = automatic
  romio_cb_read                            = automatic
  romio_cb_write                           = automatic
  romio_no_indep_rw                        = false
  romio_ds_write                           = automatic
  ind_wr_buffer_size                       = 524288
  romio_ds_read                            = disable
  ind_rd_buffer_size                       = 4194304
  direct_io                                = false
  striping_factor                          = 4
  striping_unit                            = 1048576
  overstriping_factor                      = 0
  romio_lustre_start_iodevice              = -1
  aggregator_placement_stride              = -1
  abort_on_rw_error                        = disable
  cb_config_list                           = *:*
  cb_nodes                                 = 4
  romio_filesystem_type                    = CRAY ADIO:
[ffi-debug proc=0] name=lorrax_io_committed shape=(4,) dtype=int32 spec=P(('x', 'y'),) offset=(0,) valid_shape=(1,) gshape=(1,) local_shapes=[(1,)]
[phdf5-write rank=0 ds=/lorrax_io_committed id=360287970189639688] extent=[1] offset=[0] count=[1] mem_dims=[1] base=[0] valid=[1] collective=1 oob=0 empty=0
[phdf5 write r0] ds=/lorrax_io_committed bytes/rank=4 coll=1 empty=0  d2h_wait=0.01  spaces=0.05  select=0.00  write=0.38  total=0.44 (ms)  0 MB/s
[ffi-debug proc=0] name=V_qmunu_TT_11 shape=(36, 200, 200) dtype=complex128 spec=P(None, 'x', 'y') offset=(0, 0, 0) valid_shape=(36, 200, 200) gshape=(36, 200, 200) local_shapes=[(36, 100, 100)]
[phdf5-write rank=0 ds=/V_qmunu_TT_11 id=360287970189639689] extent=[36,200,200] offset=[0,0,0] count=[36,100,100] mem_dims=[36,100,100] base=[0,0,0] valid=[36,200,200] collective=1 oob=0 empty=0
[phdf5 write r0] ds=/V_qmunu_TT_11 bytes/rank=5760000 coll=1 empty=0  d2h_wait=0.21  spaces=0.03  select=0.00  write=22.15  total=22.40 (ms)  260 MB/s
  [SlabIO.close] Python dispatch drained in 0.0 s (0.02 GB at 5748538 MB/s); joining writer thread
  [SlabIO.close] writer thread joined in 0.0 s; calling H5Fclose collectively
  [SlabIO.close] H5Fclose returned in 0.0 s
[phdf5.hints /pscratch/sd/j/jackm/sandbox_v2_docs_consolidation_2026-08-14/tmp/worktrees/wt_bisp_prof_s_codex_20260906/runs/MoS2/42_bisp_scale_2026-09-06/prof_s/37_F3_dynamic_receipts/tmp/v_q_bispinor.h5] 24 hints retained by ROMIO:
  romio_cb_pfr                             = disable
  romio_cb_fr_types                        = aar
  cb_align                                 = 2
  cb_buffer_size                           = 16777216
  romio_cb_fr_alignment                    = 1
  romio_cb_ds_threshold                    = 0
  romio_cb_alltoall                        = automatic
  romio_cb_read                            = automatic
  romio_cb_write                           = automatic
  romio_no_indep_rw                        = false
  romio_ds_write                           = automatic
  ind_wr_buffer_size                       = 524288
  romio_ds_read                            = disable
  ind_rd_buffer_size                       = 4194304
  direct_io                                = false
  striping_factor                          = 4
  striping_unit                            = 1048576
  overstriping_factor                      = 0
  romio_lustre_start_iodevice              = -1
  aggregator_placement_stride              = -1
  abort_on_rw_error                        = disable
  cb_config_list                           = *:*
  cb_nodes                                 = 4
  romio_filesystem_type                    = CRAY ADIO:
[ffi-debug proc=0] name=lorrax_io_committed shape=(4,) dtype=int32 spec=P(('x', 'y'),) offset=(0,) valid_shape=(1,) gshape=(1,) local_shapes=[(1,)]
[phdf5-write rank=0 ds=/lorrax_io_committed id=360287970189639690] extent=[1] offset=[0] count=[1] mem_dims=[1] base=[0] valid=[1] collective=1 oob=0 empty=0
[phdf5 write r0] ds=/lorrax_io_committed bytes/rank=4 coll=1 empty=0  d2h_wait=0.01  spaces=0.05  select=0.00  write=0.33  total=0.39 (ms)  0 MB/s
[ffi-debug proc=0] name=V_qmunu_TT_22 shape=(36, 200, 200) dtype=complex128 spec=P(None, 'x', 'y') offset=(0, 0, 0) valid_shape=(36, 200, 200) gshape=(36, 200, 200) local_shapes=[(36, 100, 100)]
[phdf5-write rank=0 ds=/V_qmunu_TT_22 id=360287970189639691] extent=[36,200,200] offset=[0,0,0] count=[36,100,100] mem_dims=[36,100,100] base=[0,0,0] valid=[36,200,200] collective=1 oob=0 empty=0
  [SlabIO.close] draining 1 pending writes for v_q_bispinor.h5 …
[phdf5 write r0] ds=/V_qmunu_TT_22 bytes/rank=5760000 coll=1 empty=0  d2h_wait=0.20  spaces=0.02  select=0.00  write=18.03  total=18.26 (ms)  319 MB/s
  [SlabIO.close] Python dispatch drained in 0.0 s (0.02 GB at 1300 MB/s); joining writer thread
  [SlabIO.close] writer thread joined in 0.0 s; calling H5Fclose collectively
  [SlabIO.close] H5Fclose returned in 0.0 s
[phdf5.hints /pscratch/sd/j/jackm/sandbox_v2_docs_consolidation_2026-08-14/tmp/worktrees/wt_bisp_prof_s_codex_20260906/runs/MoS2/42_bisp_scale_2026-09-06/prof_s/37_F3_dynamic_receipts/tmp/v_q_bispinor.h5] 24 hints retained by ROMIO:
  romio_cb_pfr                             = disable
  romio_cb_fr_types                        = aar
  cb_align                                 = 2
  cb_buffer_size                           = 16777216
  romio_cb_fr_alignment                    = 1
  romio_cb_ds_threshold                    = 0
  romio_cb_alltoall                        = automatic
  romio_cb_read                            = automatic
  romio_cb_write                           = automatic
  romio_no_indep_rw                        = false
  romio_ds_write                           = automatic
  ind_wr_buffer_size                       = 524288
  romio_ds_read                            = disable
  ind_rd_buffer_size                       = 4194304
  direct_io                                = false
  striping_factor                          = 4
  striping_unit                            = 1048576
  overstriping_factor                      = 0
  romio_lustre_start_iodevice              = -1
  aggregator_placement_stride              = -1
  abort_on_rw_error                        = disable
  cb_config_list                           = *:*
  cb_nodes                                 = 4
  romio_filesystem_type                    = CRAY ADIO:
[ffi-debug proc=0] name=lorrax_io_committed shape=(4,) dtype=int32 spec=P(('x', 'y'),) offset=(0,) valid_shape=(1,) gshape=(1,) local_shapes=[(1,)]
[phdf5-write rank=0 ds=/lorrax_io_committed id=360287970189639692] extent=[1] offset=[0] count=[1] mem_dims=[1] base=[0] valid=[1] collective=1 oob=0 empty=0
[phdf5 write r0] ds=/lorrax_io_committed bytes/rank=4 coll=1 empty=0  d2h_wait=0.01  spaces=0.04  select=0.00  write=0.84  total=0.90 (ms)  0 MB/s
[ffi-debug proc=0] name=V_qmunu_TT_33 shape=(36, 200, 200) dtype=complex128 spec=P(None, 'x', 'y') offset=(0, 0, 0) valid_shape=(36, 200, 200) gshape=(36, 200, 200) local_shapes=[(36, 100, 100)]
[phdf5-write rank=0 ds=/V_qmunu_TT_33 id=360287970189639693] extent=[36,200,200] offset=[0,0,0] count=[36,100,100] mem_dims=[36,100,100] base=[0,0,0] valid=[36,200,200] collective=1 oob=0 empty=0
  [SlabIO.close] draining 1 pending writes for v_q_bispinor.h5 …
[phdf5 write r0] ds=/V_qmunu_TT_33 bytes/rank=5760000 coll=1 empty=0  d2h_wait=0.21  spaces=0.03  select=0.00  write=17.28  total=17.52 (ms)  333 MB/s
  [SlabIO.close] Python dispatch drained in 0.0 s (0.02 GB at 1333 MB/s); joining writer thread
  [SlabIO.close] writer thread joined in 0.0 s; calling H5Fclose collectively
  [SlabIO.close] H5Fclose returned in 0.0 s
[phdf5.hints /pscratch/sd/j/jackm/sandbox_v2_docs_consolidation_2026-08-14/tmp/worktrees/wt_bisp_prof_s_codex_20260906/runs/MoS2/42_bisp_scale_2026-09-06/prof_s/37_F3_dynamic_receipts/tmp/v_q_bispinor.h5] 24 hints retained by ROMIO:
  romio_cb_pfr                             = disable
  romio_cb_fr_types                        = aar
  cb_align                                 = 2
  cb_buffer_size                           = 16777216
  romio_cb_fr_alignment                    = 1
  romio_cb_ds_threshold                    = 0
  romio_cb_alltoall                        = automatic
  romio_cb_read                            = automatic
  romio_cb_write                           = automatic
  romio_no_indep_rw                        = false
  romio_ds_write                           = automatic
  ind_wr_buffer_size                       = 524288
  romio_ds_read                            = disable
  ind_rd_buffer_size                       = 4194304
  direct_io                                = false
  striping_factor                          = 4
  striping_unit                            = 1048576
  overstriping_factor                      = 0
  romio_lustre_start_iodevice              = -1
  aggregator_placement_stride              = -1
  abort_on_rw_error                        = disable
  cb_config_list                           = *:*
  cb_nodes                                 = 4
  romio_filesystem_type                    = CRAY ADIO:
[ffi-debug proc=0] name=lorrax_io_committed shape=(4,) dtype=int32 spec=P(('x', 'y'),) offset=(0,) valid_shape=(1,) gshape=(1,) local_shapes=[(1,)]
[phdf5-write rank=0 ds=/lorrax_io_committed id=360287970189639694] extent=[1] offset=[0] count=[1] mem_dims=[1] base=[0] valid=[1] collective=1 oob=0 empty=0
[phdf5 write r0] ds=/lorrax_io_committed bytes/rank=4 coll=1 empty=0  d2h_wait=0.01  spaces=0.03  select=0.00  write=0.45  total=0.49 (ms)  0 MB/s
[ffi-debug proc=0] name=V_qmunu_TT_12 shape=(36, 200, 200) dtype=complex128 spec=P(None, 'x', 'y') offset=(0, 0, 0) valid_shape=(36, 200, 200) gshape=(36, 200, 200) local_shapes=[(36, 100, 100)]
  [SlabIO.close] draining 1 pending writes for v_q_bispinor.h5 …
[phdf5-write rank=0 ds=/V_qmunu_TT_12 id=360287970189639695] extent=[36,200,200] offset=[0,0,0] count=[36,100,100] mem_dims=[36,100,100] base=[0,0,0] valid=[36,200,200] collective=1 oob=0 empty=0
[phdf5 write r0] ds=/V_qmunu_TT_12 bytes/rank=5760000 coll=1 empty=0  d2h_wait=0.22  spaces=0.02  select=0.00  write=17.70  total=17.94 (ms)  325 MB/s
  [SlabIO.close] Python dispatch drained in 0.0 s (0.02 GB at 1026 MB/s); joining writer thread
  [SlabIO.close] writer thread joined in 0.0 s; calling H5Fclose collectively
  [SlabIO.close] H5Fclose returned in 0.0 s
[phdf5.hints /pscratch/sd/j/jackm/sandbox_v2_docs_consolidation_2026-08-14/tmp/worktrees/wt_bisp_prof_s_codex_20260906/runs/MoS2/42_bisp_scale_2026-09-06/prof_s/37_F3_dynamic_receipts/tmp/v_q_bispinor.h5] 24 hints retained by ROMIO:
  romio_cb_pfr                             = disable
  romio_cb_fr_types                        = aar
  cb_align                                 = 2
  cb_buffer_size                           = 16777216
  romio_cb_fr_alignment                    = 1
  romio_cb_ds_threshold                    = 0
  romio_cb_alltoall                        = automatic
  romio_cb_read                            = automatic
  romio_cb_write                           = automatic
  romio_no_indep_rw                        = false
  romio_ds_write                           = automatic
  ind_wr_buffer_size                       = 524288
  romio_ds_read                            = disable
  ind_rd_buffer_size                       = 4194304
  direct_io                                = false
  striping_factor                          = 4
  striping_unit                            = 1048576
  overstriping_factor                      = 0
  romio_lustre_start_iodevice              = -1
  aggregator_placement_stride              = -1
  abort_on_rw_error                        = disable
  cb_config_list                           = *:*
  cb_nodes                                 = 4
  romio_filesystem_type                    = CRAY ADIO:
[ffi-debug proc=0] name=lorrax_io_committed shape=(4,) dtype=int32 spec=P(('x', 'y'),) offset=(0,) valid_shape=(1,) gshape=(1,) local_shapes=[(1,)]
[phdf5-write rank=0 ds=/lorrax_io_committed id=360287970189639696] extent=[1] offset=[0] count=[1] mem_dims=[1] base=[0] valid=[1] collective=1 oob=0 empty=0
[phdf5 write r0] ds=/lorrax_io_committed bytes/rank=4 coll=1 empty=0  d2h_wait=0.01  spaces=0.02  select=0.00  write=0.52  total=0.56 (ms)  0 MB/s
[ffi-debug proc=0] name=V_qmunu_TT_13 shape=(36, 200, 200) dtype=complex128 spec=P(None, 'x', 'y') offset=(0, 0, 0) valid_shape=(36, 200, 200) gshape=(36, 200, 200) local_shapes=[(36, 100, 100)]
  [SlabIO.close] draining 1 pending writes for v_q_bispinor.h5 …
[phdf5-write rank=0 ds=/V_qmunu_TT_13 id=360287970189639697] extent=[36,200,200] offset=[0,0,0] count=[36,100,100] mem_dims=[36,100,100] base=[0,0,0] valid=[36,200,200] collective=1 oob=0 empty=0
[phdf5 write r0] ds=/V_qmunu_TT_13 bytes/rank=5760000 coll=1 empty=0  d2h_wait=0.21  spaces=0.02  select=0.00  write=16.81  total=17.05 (ms)  343 MB/s
  [SlabIO.close] Python dispatch drained in 0.0 s (0.02 GB at 1004 MB/s); joining writer thread
  [SlabIO.close] writer thread joined in 0.0 s; calling H5Fclose collectively
  [SlabIO.close] H5Fclose returned in 0.0 s
[phdf5.hints /pscratch/sd/j/jackm/sandbox_v2_docs_consolidation_2026-08-14/tmp/worktrees/wt_bisp_prof_s_codex_20260906/runs/MoS2/42_bisp_scale_2026-09-06/prof_s/37_F3_dynamic_receipts/tmp/v_q_bispinor.h5] 24 hints retained by ROMIO:
  romio_cb_pfr                             = disable
  romio_cb_fr_types                        = aar
  cb_align                                 = 2
  cb_buffer_size                           = 16777216
  romio_cb_fr_alignment                    = 1
  romio_cb_ds_threshold                    = 0
  romio_cb_alltoall                        = automatic
  romio_cb_read                            = automatic
  romio_cb_write                           = automatic
  romio_no_indep_rw                        = false
  romio_ds_write                           = automatic
  ind_wr_buffer_size                       = 524288
  romio_ds_read                            = disable
  ind_rd_buffer_size                       = 4194304
  direct_io                                = false
  striping_factor                          = 4
  striping_unit                            = 1048576
  overstriping_factor                      = 0
  romio_lustre_start_iodevice              = -1
  aggregator_placement_stride              = -1
  abort_on_rw_error                        = disable
  cb_config_list                           = *:*
  cb_nodes                                 = 4
  romio_filesystem_type                    = CRAY ADIO:
[ffi-debug proc=0] name=lorrax_io_committed shape=(4,) dtype=int32 spec=P(('x', 'y'),) offset=(0,) valid_shape=(1,) gshape=(1,) local_shapes=[(1,)]
[phdf5-write rank=0 ds=/lorrax_io_committed id=360287970189639698] extent=[1] offset=[0] count=[1] mem_dims=[1] base=[0] valid=[1] collective=1 oob=0 empty=0
[phdf5 write r0] ds=/lorrax_io_committed bytes/rank=4 coll=1 empty=0  d2h_wait=0.01  spaces=0.04  select=0.00  write=0.40  total=0.46 (ms)  0 MB/s
[ffi-debug proc=0] name=V_qmunu_TT_23 shape=(36, 200, 200) dtype=complex128 spec=P(None, 'x', 'y') offset=(0, 0, 0) valid_shape=(36, 200, 200) gshape=(36, 200, 200) local_shapes=[(36, 100, 100)]
  [SlabIO.close] draining 1 pending writes for v_q_bispinor.h5 …
[phdf5-write rank=0 ds=/V_qmunu_TT_23 id=360287970189639699] extent=[36,200,200] offset=[0,0,0] count=[36,100,100] mem_dims=[36,100,100] base=[0,0,0] valid=[36,200,200] collective=1 oob=0 empty=0
[phdf5 write r0] ds=/V_qmunu_TT_23 bytes/rank=5760000 coll=1 empty=0  d2h_wait=0.22  spaces=0.02  select=0.00  write=16.79  total=17.02 (ms)  343 MB/s
  [SlabIO.close] Python dispatch drained in 0.0 s (0.02 GB at 1055 MB/s); joining writer thread
  [SlabIO.close] writer thread joined in 0.0 s; calling H5Fclose collectively
  [SlabIO.close] H5Fclose returned in 0.0 s
  [SlabIO.close] Python dispatch drained in 0.0 s (no queued data); joining writer thread
  [SlabIO.close] writer thread joined in 0.0 s; calling H5Fclose collectively
  [SlabIO.close] H5Fclose returned in 0.0 s
  [SlabIO.close] Python dispatch drained in 0.0 s (no queued data); joining writer thread
  [SlabIO.close] writer thread joined in 0.0 s; calling H5Fclose collectively
  [SlabIO.close] H5Fclose returned in 0.0 s
  [SlabIO.close] Python dispatch drained in 0.0 s (no queued data); joining writer thread
  [SlabIO.close] writer thread joined in 0.0 s; calling H5Fclose collectively
  [SlabIO.close] H5Fclose returned in 0.0 s
  [SlabIO.close] Python dispatch drained in 0.0 s (no queued data); joining writer thread
  [SlabIO.close] writer thread joined in 0.0 s; calling H5Fclose collectively
  [SlabIO.close] H5Fclose returned in 0.0 s
[stage 14:00:47]   <- gw_jax.V_q_compute  8.4 s
  [SlabIO.phdf5_ffi] v_q_bispinor.h5 mode=r bytes=358591140 file stripe_count=4 stripe_size=1048576 B cb_nodes=4/4 (the file's inode, not write policy).
[phdf5.hints /pscratch/sd/j/jackm/sandbox_v2_docs_consolidation_2026-08-14/tmp/worktrees/wt_bisp_prof_s_codex_20260906/runs/MoS2/42_bisp_scale_2026-09-06/prof_s/37_F3_dynamic_receipts/tmp/v_q_bispinor.h5] 24 hints retained by ROMIO:
  romio_cb_pfr                             = disable
  romio_cb_fr_types                        = aar
  cb_align                                 = 2
  cb_buffer_size                           = 16777216
  romio_cb_fr_alignment                    = 1
  romio_cb_ds_threshold                    = 0
  romio_cb_alltoall                        = automatic
  romio_cb_read                            = automatic
  romio_cb_write                           = automatic
  romio_no_indep_rw                        = false
  romio_ds_write                           = automatic
  ind_wr_buffer_size                       = 524288
  romio_ds_read                            = disable
  ind_rd_buffer_size                       = 4194304
  direct_io                                = false
  striping_factor                          = 4
  striping_unit                            = 1048576
  overstriping_factor                      = 0
  romio_lustre_start_iodevice              = -1
  aggregator_placement_stride              = -1
  abort_on_rw_error                        = disable
  cb_config_list                           = *:*
  cb_nodes                                 = 4
  romio_filesystem_type                    = CRAY ADIO:
  [SlabIO.close] Python dispatch drained in 0.0 s (no queued data); joining writer thread
  [SlabIO.close] writer thread joined in 0.0 s; calling H5Fclose collectively
  [SlabIO.close] H5Fclose returned in 0.0 s

  V_q computed:
    Shape: (36, 600, 600)
    V_q=0 trace: 24447645.0563
[mem_probe post_v_q] in_use=0.16 GB  peak=0.58 GB  live_count=68 live_total=0.60 GB  nvsmi=32.89 GB nvsmi_peak=32.89 GB
[mem_probe post_v_q]   complex128 (36, 600, 600) x 1 = 0.21 GB
[mem_probe post_v_q]   complex128 (36, 4, 600, 80) x 1 = 0.11 GB
[mem_probe post_v_q]   complex128 (36, 80, 4, 600) x 1 = 0.11 GB
[mem_probe post_v_q]   complex128 (36, 300, 300) x 1 = 0.05 GB
[mem_probe post_v_q]   complex128 (7, 600, 600) x 1 = 0.04 GB
[mem_probe post_v_q]   complex128 (36, 4, 200, 80) x 1 = 0.04 GB
[mem_probe post_v_q]   complex128 (36, 80, 4, 200) x 1 = 0.04 GB
[mem_probe post_v_q]   int32 (36, 24, 24, 80) x 1 = 0.01 GB
[mem_probe post_v_q]   complex128 (36, 200) x 3 = 0.00 GB
[mem_probe post_v_q]   complex128 (36, 600) x 1 = 0.00 GB
  [restart_write] restart_q_storage=auto -> ibz (centroid set is orbit-closed (worst residual 1.665e-16 at tol 1.0e-05) and the q path reduced)
  [SlabIO.phdf5_ffi] isdf_tensors_597.h5 mode=w ranks=4 stripe_count=4 stripe_unit=1048576 B (policy; LORRAX_PHDF5_STRIPE_COUNT/_SIZE_FS override)
[phdf5.hints /pscratch/sd/j/jackm/sandbox_v2_docs_consolidation_2026-08-14/tmp/worktrees/wt_bisp_prof_s_codex_20260906/runs/MoS2/42_bisp_scale_2026-09-06/prof_s/37_F3_dynamic_receipts/tmp/isdf_tensors_597.h5] 24 hints retained by ROMIO:
  romio_cb_pfr                             = disable
  romio_cb_fr_types                        = aar
  cb_align                                 = 2
  cb_buffer_size                           = 16777216
  romio_cb_fr_alignment                    = 1
  romio_cb_ds_threshold                    = 0
  romio_cb_alltoall                        = automatic
  romio_cb_read                            = automatic
  romio_cb_write                           = automatic
  romio_no_indep_rw                        = false
  romio_ds_write                           = automatic
  ind_wr_buffer_size                       = 524288
  romio_ds_read                            = disable
  ind_rd_buffer_size                       = 4194304
  direct_io                                = false
  striping_factor                          = 4
  striping_unit                            = 1048576
  overstriping_factor                      = 0
  romio_lustre_start_iodevice              = -1
  aggregator_placement_stride              = -1
  abort_on_rw_error                        = disable
  cb_config_list                           = *:*
  cb_nodes                                 = 4
  romio_filesystem_type                    = CRAY ADIO:
[ffi-debug proc=0] name=lorrax_io_committed shape=(4,) dtype=int32 spec=P(('x', 'y'),) offset=(0,) valid_shape=(1,) gshape=(1,) local_shapes=[(1,)]
[phdf5-write rank=0 ds=/lorrax_io_committed id=360287970189639701] extent=[1] offset=[0] count=[1] mem_dims=[1] base=[0] valid=[1] collective=1 oob=0 empty=0
[phdf5 write r0] ds=/lorrax_io_committed bytes/rank=4 coll=1 empty=0  d2h_wait=0.01  spaces=0.04  select=0.00  write=1.13  total=1.18 (ms)  0 MB/s
[ffi-debug proc=0] name=V_qmunu shape=(7, 600, 600) dtype=complex128 spec=P(None, 'x', 'y') offset=(0, 0, 0) valid_shape=(7, 597, 597) gshape=(7, 597, 597) local_shapes=[(7, 300, 300)]
  [restart_write] V_qmunu (7, 597, 597) 0.04 GB QUEUED in 0.0 s (transfer time and rate: see the SlabIO.close drain line)
[phdf5-write rank=0 ds=/V_qmunu id=360287970189639702] extent=[7,597,597] offset=[0,0,0] count=[7,300,300] mem_dims=[7,300,300] base=[0,0,0] valid=[7,597,597] collective=1 oob=0 empty=0
[phdf5 write r0] ds=/V_qmunu bytes/rank=10080000 coll=1 empty=0  d2h_wait=0.37  spaces=0.04  select=0.00  write=31.89  total=32.31 (ms)  316 MB/s
  [SlabIO.flush] isdf_tensors_597.h5: 0.04 GB written in 0.1 s (423 MB/s) before creating 'G0_mu_nu'
[ffi-debug proc=0] name=G0_mu_nu shape=(600,) dtype=complex128 spec=P(None,) offset=(0,) valid_shape=(597,) gshape=(597,) local_shapes=[(600,)]
  [restart_write] G0_mu_nu (597,) 0.00 GB QUEUED in 0.1 s (transfer time and rate: see the SlabIO.close drain line)
[phdf5-write rank=0 ds=/G0_mu_nu id=360287970189639703] extent=[597] offset=[0] count=[597] mem_dims=[600] base=[0] valid=[597] collective=1 oob=0 empty=0
[phdf5 write r0] ds=/G0_mu_nu bytes/rank=9600 coll=1 empty=0  d2h_wait=0.01  spaces=0.04  select=0.00  write=4.74  total=4.79 (ms)  2 MB/s
  [SlabIO.flush] isdf_tensors_597.h5: 0.00 GB written in 0.1 s (0 MB/s) before creating 'enk_full'
[ffi-debug proc=0] name=enk_full shape=(36, 80) dtype=float64 spec=P(None, None) offset=(0, 0) valid_shape=(36, 80) gshape=(36, 80) local_shapes=[(36, 80)]
  [restart_write] enk_full (36, 80) 0.00 GB QUEUED in 0.1 s (transfer time and rate: see the SlabIO.close drain line)
[phdf5-write rank=0 ds=/enk_full id=360287970189639704] extent=[36,80] offset=[0,0] count=[36,80] mem_dims=[36,80] base=[0,0] valid=[36,80] collective=1 oob=0 empty=0
[phdf5 write r0] ds=/enk_full bytes/rank=23040 coll=1 empty=0  d2h_wait=0.02  spaces=0.04  select=0.00  write=0.46  total=0.52 (ms)  50 MB/s
  [SlabIO.flush] isdf_tensors_597.h5: 0.00 GB written in 0.1 s (0 MB/s) before creating 'W0_qmunu'
  [restart_write] W0_qmunu placeholder ALLOCATED (7, 597, 597) 0.04 GB in 0.1 s (no data written)
  [SlabIO.close] Python dispatch drained in 0.0 s (no queued data); joining writer thread
  [SlabIO.close] writer thread joined in 0.0 s; calling H5Fclose collectively
  [SlabIO.close] H5Fclose returned in 0.0 s
[phdf5.hints /pscratch/sd/j/jackm/sandbox_v2_docs_consolidation_2026-08-14/tmp/worktrees/wt_bisp_prof_s_codex_20260906/runs/MoS2/42_bisp_scale_2026-09-06/prof_s/37_F3_dynamic_receipts/tmp/isdf_tensors_597.h5] 24 hints retained by ROMIO:
  romio_cb_pfr                             = disable
  romio_cb_fr_types                        = aar
  cb_align                                 = 2
  cb_buffer_size                           = 16777216
  romio_cb_fr_alignment                    = 1
  romio_cb_ds_threshold                    = 0
  romio_cb_alltoall                        = automatic
  romio_cb_read                            = automatic
  romio_cb_write                           = automatic
  romio_no_indep_rw                        = false
  romio_ds_write                           = automatic
  ind_wr_buffer_size                       = 524288
  romio_ds_read                            = disable
  ind_rd_buffer_size                       = 4194304
  direct_io                                = false
  striping_factor                          = 4
  striping_unit                            = 1048576
  overstriping_factor                      = 0
  romio_lustre_start_iodevice              = -1
  aggregator_placement_stride              = -1
  abort_on_rw_error                        = disable
  cb_config_list                           = *:*
  cb_nodes                                 = 4
  romio_filesystem_type                    = CRAY ADIO:
[ffi-debug proc=0] name=lorrax_io_committed shape=(4,) dtype=int32 spec=P(('x', 'y'),) offset=(0,) valid_shape=(1,) gshape=(1,) local_shapes=[(1,)]
[phdf5-write rank=0 ds=/lorrax_io_committed id=360287970189639706] extent=[1] offset=[0] count=[1] mem_dims=[1] base=[0] valid=[1] collective=1 oob=0 empty=0
[phdf5 write r0] ds=/lorrax_io_committed bytes/rank=4 coll=1 empty=0  d2h_wait=0.02  spaces=0.05  select=0.00  write=0.49  total=0.56 (ms)  0 MB/s
[ffi-debug proc=0] name=psi_full_y shape=(36, 80, 4, 600) dtype=complex128 spec=P(None, 'x', None, 'y') offset=(0, 0, 0, 0) valid_shape=(36, 80, 4, 597) gshape=(36, 80, 4, 597) local_shapes=[(36, 40, 4, 300)]
  [restart_write] psi_full_y (36, 80, 4, 597) 0.11 GB QUEUED in 0.0 s (transfer time and rate: see the SlabIO.close drain line)
[phdf5-write rank=0 ds=/psi_full_y id=360287970189639707] extent=[36,80,4,597] offset=[0,0,0,0] count=[36,40,4,300] mem_dims=[36,40,4,300] base=[0,0,0,0] valid=[36,80,4,597] collective=1 oob=0 empty=0
[phdf5 write r0] ds=/psi_full_y bytes/rank=27648000 coll=1 empty=0  d2h_wait=1.04  spaces=0.04  select=0.00  write=97.72  total=98.80 (ms)  283 MB/s
  [SlabIO.flush] isdf_tensors_597.h5: 0.11 GB written in 0.2 s (626 MB/s) before creating 'psi_full_y_mun'
[ffi-debug proc=0] name=psi_full_y_mun shape=(36, 4, 600, 80) dtype=complex128 spec=P(None, None, 'x', 'y') offset=(0, 0, 0, 0) valid_shape=(36, 4, 597, 80) gshape=(36, 4, 597, 80) local_shapes=[(36, 4, 300, 40)]
  [restart_write] psi_full_y_mun (36, 4, 597, 80) 0.11 GB QUEUED in 0.2 s (transfer time and rate: see the SlabIO.close drain line)
[phdf5-write rank=0 ds=/psi_full_y_mun id=360287970189639708] extent=[36,4,597,80] offset=[0,0,0,0] count=[36,4,300,40] mem_dims=[36,4,300,40] base=[0,0,0,0] valid=[36,4,597,80] collective=1 oob=0 empty=0
[phdf5 write r0] ds=/psi_full_y_mun bytes/rank=27648000 coll=1 empty=0  d2h_wait=1.04  spaces=0.04  select=0.00  write=185.78  total=186.87 (ms)  149 MB/s
  [SlabIO.flush] isdf_tensors_597.h5: 0.11 GB written in 0.2 s (444 MB/s) before creating 'psi_full_y_transverse'
[ffi-debug proc=0] name=psi_full_y_transverse shape=(36, 80, 4, 200) dtype=complex128 spec=P(None, 'x', None, 'y') offset=(0, 0, 0, 0) valid_shape=(36, 80, 4, 200) gshape=(36, 80, 4, 200) local_shapes=[(36, 40, 4, 100)]
  [restart_write] psi_full_y_transverse (36, 80, 4, 200) 0.04 GB QUEUED in 0.3 s (transfer time and rate: see the SlabIO.close drain line)
[phdf5-write rank=0 ds=/psi_full_y_transverse id=360287970189639709] extent=[36,80,4,200] offset=[0,0,0,0] count=[36,40,4,100] mem_dims=[36,40,4,100] base=[0,0,0,0] valid=[36,80,4,200] collective=1 oob=0 empty=0
[phdf5 write r0] ds=/psi_full_y_transverse bytes/rank=9216000 coll=1 empty=0  d2h_wait=0.34  spaces=0.03  select=0.00  write=26.96  total=27.34 (ms)  342 MB/s
  [SlabIO.flush] isdf_tensors_597.h5: 0.04 GB written in 0.1 s (414 MB/s) before creating 'psi_full_y_transverse_mun'
[ffi-debug proc=0] name=psi_full_y_transverse_mun shape=(36, 4, 200, 80) dtype=complex128 spec=P(None, None, 'x', 'y') offset=(0, 0, 0, 0) valid_shape=(36, 4, 200, 80) gshape=(36, 4, 200, 80) local_shapes=[(36, 4, 100, 40)]
  [restart_write] psi_full_y_transverse_mun (36, 4, 200, 80) 0.04 GB QUEUED in 0.1 s (transfer time and rate: see the SlabIO.close drain line)
  [SlabIO.close] draining 1 pending writes for isdf_tensors_597.h5 …
[phdf5-write rank=0 ds=/psi_full_y_transverse_mun id=360287970189639710] extent=[36,4,200,80] offset=[0,0,0,0] count=[36,4,100,40] mem_dims=[36,4,100,40] base=[0,0,0,0] valid=[36,4,200,80] collective=1 oob=0 empty=0
[phdf5 write r0] ds=/psi_full_y_transverse_mun bytes/rank=9216000 coll=1 empty=0  d2h_wait=0.34  spaces=0.04  select=0.00  write=29.50  total=29.88 (ms)  312 MB/s
  [SlabIO.close] Python dispatch drained in 0.1 s (0.04 GB at 443 MB/s); joining writer thread
  [SlabIO.close] writer thread joined in 0.0 s; calling H5Fclose collectively
  [SlabIO.close] H5Fclose returned in 0.0 s
  Chunked ISDF path complete
[stage 14:00:50] <- ISDF basis + wavefunctions  18.6 s
[stage 14:00:50] -> minimax tau-axis
  Minimax static window: x=[1.271848e-01, 6.345106e+00] Ry, R=49.89, nodes=11, fit_err~3.038e-07  [shipped noncrossing/noncrossing_R_92p361895_eps_6p9em08.npz sha256:af400c601bd42568 gen unrecorded (catalog schema v1) backend unrecorded (catalog schema v1) UNCERTIFIED]/pscratch/sd/j/jackm/sandbox_v2_docs_consolidation_2026-08-14/tmp/worktrees/wt_main_de8dcfbc_fixed/services/minimax/src/minimax/door.py:449: RuntimeWarning: minimax: served noncrossing/inverse R=49.8889 target 1e-07 -> 11 nodes, max_err 3.86e-08, kappa0 unrecorded | shipped noncrossing/noncrossing_R_92p361895_eps_6p9em08.npz sha256:af400c601bd42568 gen unrecorded (catalog schema v1) backend unrecorded (catalog schema v1) UNCERTIFIED

  return lookup(family=family, target=target,
[stage 14:00:51] <- minimax tau-axis  0.4 s
  dipole.h5 provenance OK (WFN 8ed121bdab46…, window nval=4 ncond=4 nband=80, bispinor=True, vnl_velocity_sign=+1.0)
[mem_probe qsgw_head.build_dft_head_response.post_response] in_use=0.15 GB  peak=0.72 GB  live_count=70 live_total=0.64 GB  nvsmi=33.89 GB nvsmi_peak=33.89 GB
[mem_probe qsgw_head.build_dft_head_response.post_response]   complex128 (36, 600, 600) x 1 = 0.21 GB
[mem_probe qsgw_head.build_dft_head_response.post_response]   complex128 (36, 4, 600, 80) x 1 = 0.11 GB
[mem_probe qsgw_head.build_dft_head_response.post_response]   complex128 (36, 80, 4, 600) x 1 = 0.11 GB
[mem_probe qsgw_head.build_dft_head_response.post_response]   complex128 (36, 300, 300) x 1 = 0.05 GB
[mem_probe qsgw_head.build_dft_head_response.post_response]   complex128 (36, 4, 200, 80) x 1 = 0.04 GB
[mem_probe qsgw_head.build_dft_head_response.post_response]   complex128 (36, 80, 4, 200) x 1 = 0.04 GB
[mem_probe qsgw_head.build_dft_head_response.post_response]   complex128 (36, 4, 300, 40) x 1 = 0.03 GB
[mem_probe qsgw_head.build_dft_head_response.post_response]   complex128 (36, 40, 4, 300) x 1 = 0.03 GB
[mem_probe qsgw_head.build_dft_head_response.post_response]   complex128 (36, 4, 100, 40) x 1 = 0.01 GB
[mem_probe qsgw_head.build_dft_head_response.post_response]   complex128 (36, 40, 4, 100) x 1 = 0.01 GB
  head_correction=full: built direct DFT response and head/body wings on the chi0 transition manifold; finalizing once against the resident W(Gamma).
[stage 14:00:53] -> screening (chi0 -> W)
Started screening (chi0 -> W) at 14:00:53.
[stage 14:00:53]   -> gw_jax.chi0_W
[stage 14:00:53]     -> W[static] chi0 compile
  [distrib_la] shard_map via jax.shard_map (jax 0.9.1)
[lorrax cusolverMp] library 0.9.1, NCCL 2.29.3, comm path: NCCL, grid: 2x2 (row-major)
[lorrax cuBLASMp] library 1.0.0, comm path: NCCL
[stage 14:00:55]     <- W[static] chi0 compile  2.1 s
[stage 14:00:55]     -> W[static] chi0 build (11 tau nodes, 36 q, mu=597)
[cufft_flat_k] flat_k first call: nk=(6,6,1) T=1440000 fwd=1 scale=1.666667e-01 inplace=1
W0906 14:01:06.801243  387809 preemption_notifier.cc:90] SIGTERM caught at 2026-09-06T14:01:06.801243125-07:00
